account_id,customer_id,account_type,currency,opened_date,status
1,1,current,EUR,2019-01-31,active
2,2,current,GBP,2022-07-07,active
3,3,current,CAD,2018-03-27,active
4,4,current,AUD,2019-02-21,active
5,5,current,EUR,2019-11-07,active
6,6,current,EUR,2020-04-06,active
7,7,current,EUR,2024-08-10,active
8,8,current,AUD,2024-01-16,active
9,9,current,CAD,2016-12-06,active
10,10,current,CAD,2020-02-05,active
11,11,current,EUR,2022-06-03,active
12,12,current,GBP,2018-06-23,active
13,13,current,EUR,2016-05-19,active
14,14,savings,EUR,2023-10-15,active
15,15,current,EUR,2017-08-05,active
16,16,savings,CAD,2020-06-23,active
17,17,current,AUD,2016-07-20,active
18,18,current,GBP,2016-09-28,active
19,19,current,AUD,2016-02-28,active
20,20,current,EUR,2023-12-07,active
21,21,current,EUR,2024-11-11,active
22,22,current,AUD,2024-10-08,active
23,23,current,EUR,2016-08-27,active
24,24,current,GBP,2022-09-26,active
25,25,current,AUD,2024-02-08,active
26,26,current,CAD,2018-08-04,active
27,27,current,EUR,2016-10-16,active
28,28,current,GBP,2021-06-20,closed
29,29,current,EUR,2021-04-28,active
30,30,current,AUD,2020-11-09,active
31,31,current,CAD,2017-02-13,active
32,32,current,AUD,2018-02-27,active
33,33,current,AUD,2018-10-27,active
34,34,current,EUR,2022-07-25,active
35,35,current,CAD,2023-04-30,active
36,36,savings,AUD,2020-04-05,active
37,37,current,EUR,2023-08-13,active
38,38,current,GBP,2016-08-30,active
39,39,current,EUR,2021-05-10,active
40,40,current,GBP,2022-05-26,active
41,41,current,GBP,2023-06-01,active
42,42,current,EUR,2019-07-28,active
43,43,current,EUR,2020-06-16,active
44,44,current,AUD,2022-06-09,active
45,45,current,GBP,2021-09-16,active
46,46,current,EUR,2017-10-15,active
47,47,current,CAD,2022-10-16,active
48,48,current,GBP,2018-05-20,active
49,49,current,EUR,2021-07-01,active
50,50,current,GBP,2019-02-08,active
51,51,savings,GBP,2024-05-25,active
52,52,current,EUR,2016-06-06,active
53,53,current,GBP,2019-06-27,active
54,54,current,EUR,2018-10-19,active
55,55,current,AUD,2022-02-22,active
56,56,current,EUR,2018-10-23,suspended
57,57,current,GBP,2024-08-30,active
58,58,current,CAD,2023-04-24,active
59,59,current,CAD,2019-02-28,active
60,60,current,EUR,2023-06-22,active
61,61,savings,GBP,2019-07-19,active
62,62,current,CAD,2018-11-21,active
63,63,current,AUD,2023-02-18,active
64,64,current,CAD,2017-05-27,active
65,65,current,CAD,2020-07-11,active
66,66,current,GBP,2020-04-13,active
67,67,savings,AUD,2016-01-16,closed
68,68,current,EUR,2019-08-24,active
69,69,current,CAD,2017-12-08,active
70,70,current,EUR,2017-01-26,active
71,71,current,EUR,2018-04-09,active
72,72,current,EUR,2016-10-30,active
73,73,current,AUD,2024-03-04,active
74,74,current,GBP,2023-04-02,active
75,75,current,GBP,2017-05-13,active
76,76,current,EUR,2024-06-25,active
77,77,current,EUR,2017-10-19,active
78,78,current,CAD,2019-02-16,active
79,79,current,EUR,2016-11-22,active
80,80,current,CAD,2022-06-27,active
81,81,current,EUR,2020-08-05,active
82,82,current,GBP,2024-02-19,active
83,83,current,CAD,2024-05-21,active
84,84,current,EUR,2019-01-28,active
85,85,current,CAD,2020-07-25,active
86,86,current,EUR,2022-02-28,active
87,87,current,GBP,2019-09-12,active
88,88,current,EUR,2020-10-03,closed
89,89,current,EUR,2019-12-04,active
90,90,current,EUR,2016-05-20,active
91,91,current,GBP,2017-06-08,active
92,92,current,EUR,2018-11-20,active
93,93,current,EUR,2022-08-18,closed
94,94,current,EUR,2018-04-05,closed
95,95,savings,EUR,2019-05-27,active
96,96,current,GBP,2022-03-30,active
97,97,current,AUD,2020-09-25,active
98,98,current,EUR,2021-03-09,active
99,99,current,EUR,2023-07-20,active
100,100,current,AUD,2023-07-11,active
101,101,current,EUR,2021-03-22,active
102,102,current,CAD,2019-08-26,active
103,103,current,EUR,2019-02-14,active
104,104,savings,GBP,2020-07-31,closed
105,105,current,EUR,2021-07-07,active
106,106,current,GBP,2018-10-05,active
107,107,current,AUD,2020-10-22,active
108,108,savings,CAD,2019-06-18,active
109,109,current,GBP,2018-02-11,closed
110,110,current,CAD,2021-11-20,suspended
111,111,current,GBP,2018-01-13,active
112,112,current,GBP,2016-08-20,active
113,113,current,GBP,2024-10-10,active
114,114,current,AUD,2016-08-04,active
115,115,current,GBP,2021-07-21,active
116,116,current,GBP,2019-06-10,active
117,117,current,GBP,2018-07-16,active
118,118,current,EUR,2020-10-28,active
119,119,savings,EUR,2023-03-07,active
120,120,current,CAD,2017-10-14,active
121,121,current,AUD,2018-08-09,closed
122,122,current,EUR,2018-08-26,active
123,123,current,EUR,2018-03-28,active
124,124,current,EUR,2022-10-23,active
125,125,current,EUR,2019-03-31,active
126,126,current,CAD,2019-01-30,active
127,127,current,GBP,2020-11-12,active
128,128,current,GBP,2016-04-06,active
129,129,current,CAD,2017-12-23,active
130,130,current,EUR,2020-11-28,active
131,131,current,GBP,2019-10-03,active
132,132,current,GBP,2021-08-05,active
133,133,current,EUR,2017-01-03,closed
134,134,current,EUR,2021-10-16,active
135,135,savings,EUR,2016-08-24,active
136,136,current,EUR,2016-08-05,active
137,137,current,EUR,2021-06-12,active
138,138,current,EUR,2023-10-10,active
139,139,current,GBP,2022-11-12,active
140,140,current,CAD,2024-09-07,active
141,141,current,EUR,2017-07-26,active
142,142,current,EUR,2021-09-23,active
143,143,current,EUR,2024-07-06,active
144,144,current,AUD,2019-08-15,active
145,145,current,AUD,2020-08-16,closed
146,146,current,EUR,2022-11-18,active
147,147,current,AUD,2024-06-27,active
148,148,current,GBP,2022-11-15,active
149,149,current,EUR,2016-12-02,closed
150,150,current,EUR,2019-07-27,active
151,151,current,AUD,2016-10-11,active
152,152,savings,CAD,2017-01-17,active
153,153,current,EUR,2024-06-30,active
154,154,current,CAD,2020-01-18,active
155,155,current,AUD,2018-01-14,active
156,156,current,EUR,2018-09-18,active
157,157,current,CAD,2021-03-04,active
158,158,current,EUR,2022-11-23,active
159,159,current,EUR,2018-10-29,active
160,160,current,EUR,2022-08-21,active
161,161,current,EUR,2020-06-09,active
162,162,current,EUR,2023-12-28,active
163,163,current,EUR,2022-10-20,active
164,164,current,CAD,2020-02-10,active
165,165,current,CAD,2022-12-30,suspended
166,166,savings,CAD,2019-02-03,active
167,167,current,EUR,2019-05-03,active
168,168,current,GBP,2024-01-27,active
169,169,current,GBP,2018-12-22,active
170,170,current,EUR,2018-08-19,active
171,171,current,EUR,2018-07-05,active
172,172,current,AUD,2024-04-27,closed
173,173,current,EUR,2018-08-23,active
174,174,current,CAD,2020-09-26,active
175,175,current,EUR,2021-07-11,active
176,176,current,GBP,2020-12-26,active
177,177,current,GBP,2024-01-25,active
178,178,current,CAD,2017-05-23,active
179,179,current,GBP,2016-04-08,active
180,180,current,EUR,2023-03-05,active
181,181,current,CAD,2023-11-12,active
182,182,current,CAD,2022-10-02,active
183,183,current,EUR,2020-01-07,active
184,184,current,CAD,2016-08-03,closed
185,185,current,GBP,2021-01-23,active
186,186,current,GBP,2016-06-29,active
187,187,current,AUD,2016-05-17,active
188,188,savings,AUD,2021-07-02,active
189,189,current,EUR,2017-09-05,active
190,190,current,EUR,2019-09-02,closed
191,191,current,CAD,2020-11-06,suspended
192,192,current,EUR,2018-06-13,active
193,193,current,AUD,2024-04-06,active
194,194,current,EUR,2017-09-24,active
195,195,current,EUR,2020-11-16,active
196,196,current,EUR,2019-09-14,active
197,197,current,EUR,2023-10-16,active
198,198,current,EUR,2017-03-26,active
199,199,current,GBP,2018-07-23,active
200,200,current,CAD,2023-07-07,active
201,201,current,EUR,2018-01-14,active
202,202,current,AUD,2016-05-16,active
203,203,current,CAD,2017-10-06,active
204,204,current,EUR,2016-12-19,active
205,205,current,EUR,2016-11-30,active
206,206,current,AUD,2019-01-23,active
207,207,current,CAD,2021-06-19,active
208,208,savings,CAD,2022-05-04,active
209,209,current,GBP,2019-09-16,suspended
210,210,current,AUD,2021-12-24,active
211,211,current,EUR,2022-06-06,active
212,212,current,CAD,2019-07-19,active
213,213,current,EUR,2017-04-18,active
214,214,current,EUR,2020-01-22,active
215,215,current,CAD,2021-11-25,active
216,216,current,EUR,2017-11-29,active
217,217,current,AUD,2019-12-02,active
218,218,current,EUR,2017-09-03,active
219,219,savings,GBP,2022-06-15,active
220,220,current,EUR,2023-10-15,active
221,221,current,CAD,2016-08-28,active
222,222,current,AUD,2020-02-25,active
223,223,current,EUR,2024-11-08,active
224,224,current,EUR,2018-02-10,active
225,225,current,GBP,2017-03-10,active
226,226,current,EUR,2017-12-08,active
227,227,current,EUR,2017-10-14,active
228,228,current,AUD,2016-08-10,active
229,229,current,GBP,2020-05-12,active
230,230,current,EUR,2022-11-05,active
231,231,current,CAD,2024-03-22,active
232,232,current,AUD,2019-09-10,active
233,233,current,EUR,2024-05-28,active
234,234,current,EUR,2021-06-26,active
235,235,savings,GBP,2022-07-27,active
236,236,savings,AUD,2017-07-01,active
237,237,current,GBP,2017-11-22,active
238,238,current,CAD,2024-06-29,active
239,239,current,CAD,2021-04-12,active
240,240,current,EUR,2020-12-10,active
241,241,current,CAD,2017-11-06,closed
242,242,current,AUD,2021-05-31,active
243,243,current,GBP,2022-09-27,active
244,244,current,EUR,2020-12-09,active
245,245,current,AUD,2016-04-21,active
246,246,current,CAD,2016-12-03,active
247,247,current,EUR,2023-11-19,active
248,248,current,CAD,2017-08-01,suspended
249,249,current,EUR,2022-02-13,active
250,250,savings,EUR,2017-04-13,active
251,251,current,GBP,2021-02-24,active
252,252,current,AUD,2021-10-17,active
253,253,current,CAD,2019-12-25,active
254,254,savings,EUR,2020-01-30,active
255,255,current,AUD,2022-02-24,active
256,256,current,GBP,2016-03-18,active
257,257,current,EUR,2017-03-05,active
258,258,current,CAD,2019-10-31,active
259,259,current,EUR,2021-05-20,active
260,260,current,GBP,2024-08-08,active
261,261,current,EUR,2019-07-02,active
262,262,current,AUD,2018-03-01,active
263,263,current,GBP,2019-02-03,active
264,264,current,EUR,2024-03-02,active
265,265,current,CAD,2024-06-01,active
266,266,current,AUD,2016-11-25,active
267,267,current,AUD,2022-12-12,active
268,268,current,EUR,2020-11-25,closed
269,269,savings,GBP,2020-01-28,active
270,270,current,GBP,2020-12-01,active
271,271,current,EUR,2020-04-25,active
272,272,current,GBP,2020-03-05,active
273,273,current,CAD,2020-06-21,active
274,274,current,EUR,2018-02-05,active
275,275,current,AUD,2018-12-16,active
276,276,current,EUR,2021-07-15,active
277,277,current,GBP,2020-12-29,active
278,278,current,EUR,2023-12-18,active
279,279,current,CAD,2017-12-20,active
280,280,current,GBP,2017-07-22,active
281,281,current,CAD,2021-04-02,active
282,282,current,EUR,2019-06-21,active
283,283,current,AUD,2020-08-18,active
284,284,current,EUR,2021-01-18,active
285,285,current,GBP,2022-10-06,active
286,286,current,AUD,2017-11-11,active
287,287,current,CAD,2023-06-09,active
288,288,current,EUR,2017-01-21,closed
289,289,current,EUR,2019-10-22,closed
290,290,current,EUR,2016-07-08,active
291,291,current,CAD,2020-09-02,active
292,292,current,EUR,2019-06-01,active
293,293,current,EUR,2016-11-03,active
294,294,current,EUR,2019-10-25,active
295,295,current,EUR,2024-11-26,active
296,296,savings,CAD,2017-02-02,active
297,297,current,AUD,2023-10-12,active
298,298,current,AUD,2016-04-05,active
299,299,current,AUD,2019-12-27,active
300,300,current,AUD,2024-08-24,active
301,301,current,GBP,2020-02-16,active
302,302,current,AUD,2018-03-20,active
303,303,current,CAD,2019-02-28,active
304,304,current,EUR,2017-02-05,active
305,305,current,CAD,2022-11-04,active
306,306,savings,GBP,2019-10-08,active
307,307,current,GBP,2022-10-24,active
308,308,current,CAD,2023-09-12,active
309,309,current,AUD,2021-05-11,active
310,310,current,EUR,2024-09-19,active
311,311,current,EUR,2018-09-21,active
312,312,current,GBP,2020-09-22,active
313,313,current,AUD,2024-12-11,active
314,314,current,AUD,2017-12-23,active
315,315,current,AUD,2018-12-20,active
316,316,current,CAD,2018-07-10,active
317,317,savings,CAD,2021-07-09,active
318,318,current,EUR,2023-07-22,active
319,319,current,EUR,2019-11-26,active
320,320,current,CAD,2016-11-22,active
321,321,current,CAD,2018-04-10,active
322,322,current,AUD,2017-04-06,active
323,323,savings,CAD,2021-12-25,active
324,324,current,GBP,2021-04-25,closed
325,325,current,GBP,2017-10-18,active
326,326,current,CAD,2019-03-29,active
327,327,current,EUR,2018-08-22,closed
328,328,current,EUR,2023-01-02,active
329,329,current,EUR,2021-07-24,active
330,330,current,EUR,2016-06-14,active
331,331,savings,GBP,2023-08-18,active
332,332,current,EUR,2021-09-06,active
333,333,current,GBP,2021-03-01,active
334,334,savings,GBP,2019-05-02,active
335,335,current,GBP,2024-12-05,active
336,336,current,EUR,2018-10-23,active
337,337,current,AUD,2019-09-13,active
338,338,savings,GBP,2018-09-05,active
339,339,savings,CAD,2021-08-27,active
340,340,current,EUR,2019-05-02,closed
341,341,current,EUR,2021-02-17,active
342,342,current,AUD,2021-04-13,active
343,343,current,EUR,2022-06-28,suspended
344,344,current,EUR,2021-09-04,active
345,345,current,GBP,2024-06-27,active
346,346,current,GBP,2016-08-22,active
347,347,current,AUD,2021-03-16,active
348,348,current,GBP,2016-01-24,active
349,349,savings,GBP,2016-09-25,active
350,350,current,AUD,2024-09-04,active
351,351,current,EUR,2024-05-24,active
352,352,savings,EUR,2016-11-29,active
353,353,current,AUD,2019-12-06,active
354,354,current,AUD,2024-05-20,active
355,355,current,CAD,2017-04-16,active
356,356,current,EUR,2022-02-13,active
357,357,current,AUD,2016-07-29,active
358,358,current,AUD,2016-08-28,active
359,359,current,EUR,2023-10-20,active
360,360,current,EUR,2023-03-30,active
361,361,current,AUD,2023-01-05,active
362,362,savings,EUR,2024-04-29,active
363,363,current,CAD,2022-05-06,active
364,364,current,GBP,2018-04-23,active
365,365,current,AUD,2018-03-03,active
366,366,current,EUR,2016-11-01,active
367,367,savings,EUR,2021-05-26,active
368,368,current,EUR,2018-02-25,active
369,369,current,EUR,2018-09-26,active
370,370,savings,CAD,2019-08-16,active
371,371,current,AUD,2018-12-07,active
372,372,current,AUD,2024-02-03,active
373,373,current,EUR,2020-09-12,active
374,374,current,CAD,2018-10-15,active
375,375,current,EUR,2021-07-03,active
376,376,current,GBP,2019-12-26,active
377,377,current,GBP,2022-05-03,suspended
378,378,savings,EUR,2016-02-05,active
379,379,current,CAD,2022-02-01,active
380,380,current,EUR,2022-02-07,closed
381,381,current,AUD,2019-03-23,active
382,382,current,EUR,2023-01-10,active
383,383,current,GBP,2019-12-22,active
384,384,current,CAD,2018-10-01,active
385,385,current,EUR,2022-03-12,active
386,386,current,GBP,2017-12-13,active
387,387,savings,AUD,2017-02-03,active
388,388,current,CAD,2024-09-14,active
389,389,savings,CAD,2016-05-23,active
390,390,current,GBP,2017-08-16,active
391,391,current,CAD,2017-11-01,closed
392,392,current,EUR,2019-09-23,active
393,393,current,EUR,2016-11-30,active
394,394,current,GBP,2016-11-19,active
395,395,current,EUR,2019-09-01,active
396,396,current,CAD,2020-01-08,active
397,397,current,GBP,2020-04-07,active
398,398,current,GBP,2022-06-21,active
399,399,current,GBP,2020-01-31,active
400,400,current,CAD,2019-01-17,active
401,401,current,AUD,2021-10-04,active
402,402,current,CAD,2019-08-26,active
403,403,current,AUD,2023-05-13,active
404,404,current,GBP,2021-07-20,active
405,405,current,CAD,2016-11-25,closed
406,406,current,CAD,2018-03-21,active
407,407,current,GBP,2020-04-09,active
408,408,current,CAD,2022-10-17,active
409,409,current,AUD,2020-06-29,active
410,410,current,EUR,2018-09-29,active
411,411,current,EUR,2018-04-09,active
412,412,current,EUR,2021-03-14,active
413,413,current,EUR,2022-10-17,suspended
414,414,current,CAD,2022-06-11,active
415,415,current,AUD,2024-05-20,active
416,416,current,EUR,2016-12-22,active
417,417,current,EUR,2016-07-05,active
418,418,current,EUR,2024-06-05,active
419,419,current,EUR,2018-06-29,active
420,420,current,EUR,2021-08-22,active
421,421,current,GBP,2016-12-23,active
422,422,current,AUD,2018-05-07,active
423,423,current,GBP,2024-07-19,active
424,424,current,GBP,2022-08-25,active
425,425,current,AUD,2019-09-19,active
426,426,current,EUR,2018-02-16,active
427,427,current,GBP,2018-03-23,active
428,428,current,GBP,2019-02-15,active
429,429,current,GBP,2018-02-18,active
430,430,current,GBP,2021-07-03,active
431,431,current,CAD,2017-04-26,active
432,432,current,EUR,2023-10-09,active
433,433,current,EUR,2020-09-21,active
434,434,current,AUD,2017-12-10,active
435,435,current,EUR,2021-02-01,active
436,436,savings,EUR,2018-03-17,active
437,437,current,EUR,2021-07-17,active
438,438,current,AUD,2016-05-16,active
439,439,current,GBP,2019-03-30,active
440,440,current,EUR,2024-11-20,active
441,441,current,EUR,2016-06-20,active
442,442,current,CAD,2018-10-19,active
443,443,current,CAD,2022-07-06,active
444,444,current,CAD,2024-06-06,active
445,445,current,CAD,2019-12-13,active
446,446,current,GBP,2023-09-04,active
447,447,current,EUR,2017-02-04,active
448,448,current,AUD,2019-02-13,active
449,449,current,EUR,2019-08-24,active
450,450,current,EUR,2019-01-12,active
451,451,current,GBP,2022-07-22,active
452,452,current,EUR,2021-06-30,active
453,453,current,EUR,2024-08-09,active
454,454,current,EUR,2020-11-03,active
455,455,current,CAD,2017-06-21,active
456,456,current,AUD,2016-07-29,active
457,457,savings,AUD,2017-10-17,active
458,458,current,EUR,2017-06-29,active
459,459,current,EUR,2023-06-05,active
460,460,current,GBP,2018-08-18,active
461,461,savings,GBP,2016-11-18,active
462,462,current,EUR,2019-11-13,active
463,463,current,GBP,2018-08-04,active
464,464,current,CAD,2019-05-10,active
465,465,current,EUR,2017-08-21,active
466,466,current,EUR,2019-12-19,active
467,467,current,GBP,2020-12-30,active
468,468,current,GBP,2024-03-02,active
469,469,current,EUR,2018-10-23,active
470,470,current,EUR,2023-09-11,active
471,471,current,CAD,2018-09-20,active
472,472,current,AUD,2021-12-03,active
473,473,current,CAD,2020-05-10,active
474,474,current,CAD,2021-04-24,active
475,475,current,GBP,2018-12-10,active
476,476,current,CAD,2021-08-19,active
477,477,current,AUD,2017-09-30,suspended
478,478,current,AUD,2017-10-10,closed
479,479,current,EUR,2022-05-26,active
480,480,current,GBP,2020-11-27,active
481,481,current,GBP,2017-12-23,active
482,482,current,EUR,2019-12-02,active
483,483,current,EUR,2017-06-06,active
484,484,current,EUR,2016-05-13,active
485,485,current,AUD,2016-11-18,active
486,486,current,AUD,2022-12-22,active
487,487,current,AUD,2022-01-19,active
488,488,current,AUD,2017-09-11,active
489,489,current,AUD,2024-05-20,active
490,490,current,CAD,2024-02-12,active
491,491,current,CAD,2016-07-18,active
492,492,current,AUD,2019-07-05,active
493,493,current,GBP,2019-06-01,active
494,494,current,CAD,2023-05-19,active
495,495,current,GBP,2016-02-16,active
496,496,current,EUR,2023-09-24,active
497,497,savings,AUD,2017-08-19,active
498,498,current,EUR,2024-12-12,active
499,499,current,EUR,2021-09-15,active
500,500,savings,GBP,2020-11-18,active
501,501,current,CAD,2024-03-16,active
502,502,current,CAD,2018-04-12,active
503,503,current,GBP,2021-01-27,closed
504,504,current,GBP,2023-03-09,active
505,505,current,GBP,2022-04-01,active
506,506,current,EUR,2024-03-26,active
507,507,current,EUR,2020-07-25,active
508,508,current,AUD,2017-02-27,active
509,509,current,AUD,2023-04-11,active
510,510,current,AUD,2018-12-09,active
511,511,current,EUR,2020-12-22,active
512,512,current,EUR,2022-09-21,active
513,513,current,AUD,2024-03-29,active
514,514,current,CAD,2023-07-30,active
515,515,current,AUD,2019-05-07,active
516,516,current,AUD,2020-04-30,active
517,517,current,EUR,2016-04-03,active
518,518,current,CAD,2021-06-09,active
519,519,current,CAD,2016-04-22,active
520,520,current,EUR,2024-09-06,active
521,521,current,EUR,2018-09-25,active
522,522,current,EUR,2018-06-30,active
523,523,current,EUR,2022-12-27,active
524,524,current,EUR,2024-01-03,active
525,525,current,GBP,2024-10-09,active
526,526,current,GBP,2016-04-03,active
527,527,current,EUR,2017-06-24,active
528,528,current,EUR,2022-05-13,active
529,529,current,EUR,2022-06-10,active
530,530,current,GBP,2017-07-21,active
531,531,current,CAD,2021-06-18,active
532,532,current,EUR,2020-01-12,active
533,533,current,GBP,2019-04-27,active
534,534,current,EUR,2022-03-13,active
535,535,current,EUR,2017-03-11,active
536,536,current,EUR,2019-08-11,active
537,537,current,GBP,2023-11-23,active
538,538,current,GBP,2017-03-18,closed
539,539,current,AUD,2017-11-19,active
540,540,current,CAD,2017-03-01,active
541,541,current,AUD,2023-04-19,active
542,542,current,CAD,2017-03-09,closed
543,543,current,CAD,2022-07-17,active
544,544,savings,EUR,2017-11-13,active
545,545,current,GBP,2018-02-25,active
546,546,savings,EUR,2019-03-11,active
547,547,savings,CAD,2021-07-10,active
548,548,current,AUD,2021-05-27,active
549,549,current,GBP,2016-12-01,active
550,550,current,EUR,2018-12-25,active
551,551,current,GBP,2024-02-10,active
552,552,current,CAD,2022-05-17,active
553,553,current,EUR,2023-04-24,active
554,554,current,AUD,2021-04-28,active
555,555,savings,CAD,2016-05-29,active
556,556,current,AUD,2022-10-31,closed
557,557,current,EUR,2023-02-01,active
558,558,current,CAD,2023-06-13,active
559,559,current,GBP,2019-09-06,active
560,560,current,EUR,2021-11-12,active
561,561,current,GBP,2017-02-26,active
562,562,current,GBP,2019-11-23,active
563,563,current,EUR,2021-05-02,active
564,564,current,GBP,2020-07-03,active
565,565,current,CAD,2021-05-04,active
566,566,current,EUR,2023-09-24,active
567,567,current,EUR,2023-04-26,active
568,568,current,EUR,2020-09-14,active
569,569,current,AUD,2022-05-10,active
570,570,current,AUD,2021-11-17,active
571,571,current,GBP,2022-05-07,active
572,572,current,GBP,2021-03-19,active
573,573,current,GBP,2020-03-12,active
574,574,current,EUR,2019-12-07,closed
575,575,current,CAD,2022-07-19,active
576,576,savings,AUD,2023-03-09,active
577,577,current,EUR,2022-01-27,active
578,578,current,EUR,2019-06-05,active
579,579,current,CAD,2023-12-20,suspended
580,580,current,AUD,2017-03-07,active
581,581,current,AUD,2019-03-13,active
582,582,current,GBP,2023-09-08,active
583,583,current,GBP,2024-04-14,active
584,584,current,AUD,2018-07-07,suspended
585,585,current,AUD,2024-01-10,active
586,586,current,EUR,2017-02-08,active
587,587,current,EUR,2018-01-27,active
588,588,current,EUR,2018-07-08,active
589,589,current,EUR,2018-12-06,active
590,590,current,GBP,2016-10-25,active
591,591,current,GBP,2021-12-17,active
592,592,current,EUR,2018-04-08,active
593,593,current,GBP,2024-09-30,active
594,594,current,AUD,2018-05-18,active
595,595,current,EUR,2016-12-27,active
596,596,current,AUD,2021-05-15,active
597,597,current,GBP,2016-03-10,active
598,598,current,AUD,2016-01-27,active
599,599,savings,EUR,2017-06-26,closed
600,600,current,CAD,2016-07-06,active
601,601,current,EUR,2019-10-16,active
602,602,current,GBP,2024-10-12,active
603,603,current,EUR,2018-08-04,active
604,604,current,EUR,2017-11-24,active
605,605,current,EUR,2018-11-25,active
606,606,current,AUD,2017-03-31,active
607,607,current,EUR,2020-04-13,active
608,608,current,EUR,2016-02-08,active
609,609,current,EUR,2017-07-27,active
610,610,current,AUD,2019-03-12,active
611,611,current,GBP,2018-12-18,active
612,612,current,EUR,2016-06-21,active
613,613,current,CAD,2016-01-19,suspended
614,614,current,GBP,2021-07-17,active
615,615,current,AUD,2023-04-23,active
616,616,current,GBP,2023-10-11,active
617,617,savings,EUR,2017-07-20,active
618,618,current,CAD,2019-01-05,active
619,619,current,EUR,2020-07-07,active
620,620,current,EUR,2021-05-19,active
621,621,current,EUR,2016-09-11,active
622,622,current,GBP,2024-06-22,active
623,623,current,EUR,2017-07-02,active
624,624,current,EUR,2016-09-22,active
625,625,current,EUR,2018-07-12,active
626,626,current,CAD,2017-02-05,active
627,627,current,AUD,2020-04-27,active
628,628,current,EUR,2016-02-27,active
629,629,current,EUR,2022-12-08,active
630,630,current,EUR,2018-07-09,active
631,631,current,EUR,2020-12-31,active
632,632,current,EUR,2017-05-10,active
633,633,current,GBP,2016-06-06,suspended
634,634,current,GBP,2019-06-10,active
635,635,current,EUR,2019-11-03,active
636,636,current,CAD,2021-04-29,active
637,637,current,AUD,2018-07-01,suspended
638,638,current,EUR,2024-10-17,active
639,639,current,GBP,2018-02-08,active
640,640,current,CAD,2024-07-24,active
641,641,current,AUD,2016-07-21,active
642,642,current,AUD,2023-01-05,active
643,643,current,GBP,2019-08-11,closed
644,644,current,EUR,2023-05-30,active
645,645,current,EUR,2021-10-10,active
646,646,current,EUR,2023-03-27,active
647,647,current,CAD,2018-01-09,active
648,648,current,CAD,2019-12-22,active
649,649,current,EUR,2022-08-08,active
650,650,current,GBP,2023-06-09,active
651,651,current,CAD,2020-01-15,active
652,652,current,EUR,2024-03-12,active
653,653,current,CAD,2020-04-12,active
654,654,savings,GBP,2016-02-27,active
655,655,savings,CAD,2023-02-14,active
656,656,current,GBP,2021-10-17,active
657,657,current,CAD,2017-10-23,active
658,658,current,CAD,2022-11-26,active
659,659,current,GBP,2019-05-18,active
660,660,current,CAD,2023-10-18,active
661,661,current,EUR,2020-07-12,active
662,662,current,AUD,2020-01-26,active
663,663,current,AUD,2022-01-20,closed
664,664,savings,EUR,2023-11-01,active
665,665,current,CAD,2024-02-11,active
666,666,current,CAD,2019-08-18,active
667,667,current,EUR,2022-11-12,active
668,668,savings,GBP,2018-11-07,active
669,669,current,CAD,2020-05-17,active
670,670,savings,CAD,2017-05-01,active
671,671,current,EUR,2022-05-29,active
672,672,current,EUR,2019-03-05,active
673,673,current,CAD,2021-05-03,active
674,674,current,EUR,2022-10-25,active
675,675,current,EUR,2017-08-09,active
676,676,current,AUD,2016-12-19,active
677,677,current,EUR,2020-08-29,active
678,678,current,GBP,2018-11-11,active
679,679,current,EUR,2024-08-09,active
680,680,current,CAD,2021-06-29,active
681,681,current,EUR,2019-03-22,active
682,682,current,AUD,2019-06-17,active
683,683,current,AUD,2024-06-08,active
684,684,current,EUR,2019-02-17,active
685,685,savings,EUR,2024-08-11,active
686,686,current,GBP,2016-12-15,active
687,687,current,GBP,2018-12-25,active
688,688,current,AUD,2024-11-08,active
689,689,current,EUR,2016-06-06,active
690,690,current,EUR,2017-09-12,active
691,691,current,EUR,2023-09-01,active
692,692,current,CAD,2018-09-15,active
693,693,current,EUR,2021-10-15,active
694,694,current,AUD,2017-08-26,active
695,695,current,CAD,2021-06-24,active
696,696,current,CAD,2021-11-01,active
697,697,current,AUD,2016-07-21,active
698,698,current,GBP,2023-07-04,active
699,699,current,CAD,2016-11-25,active
700,700,current,EUR,2019-12-26,active
701,701,current,EUR,2022-01-21,active
702,702,current,GBP,2018-05-16,active
703,703,current,EUR,2023-04-20,active
704,704,current,EUR,2017-11-05,active
705,705,current,CAD,2017-10-22,active
706,706,current,EUR,2017-11-23,active
707,707,current,EUR,2016-03-29,active
708,708,current,EUR,2023-04-01,active
709,709,current,GBP,2024-11-26,active
710,710,current,AUD,2018-08-03,active
711,711,current,GBP,2021-09-07,active
712,712,current,EUR,2016-06-21,active
713,713,current,EUR,2017-06-20,active
714,714,current,GBP,2024-06-12,suspended
715,715,current,EUR,2021-06-10,active
716,716,current,AUD,2022-07-22,active
717,717,current,EUR,2020-08-09,active
718,718,current,EUR,2021-11-22,active
719,719,current,GBP,2019-07-30,active
720,720,current,CAD,2018-12-16,active
721,721,current,CAD,2020-06-28,active
722,722,current,EUR,2020-03-04,active
723,723,current,EUR,2020-06-28,suspended
724,724,current,EUR,2022-12-04,active
725,725,current,EUR,2016-08-08,active
726,726,current,EUR,2024-06-17,active
727,727,current,EUR,2023-01-06,active
728,728,current,AUD,2023-08-19,active
729,729,current,EUR,2016-06-02,active
730,730,current,EUR,2019-02-11,active
731,731,current,CAD,2021-11-01,closed
732,732,current,EUR,2019-11-29,active
733,733,current,CAD,2022-01-13,active
734,734,current,GBP,2017-04-28,active
735,735,savings,EUR,2020-12-22,active
736,736,current,EUR,2022-03-01,active
737,737,current,EUR,2018-08-07,active
738,738,savings,CAD,2018-12-26,active
739,739,current,EUR,2023-01-01,active
740,740,current,GBP,2023-01-30,active
741,741,current,EUR,2018-04-17,active
742,742,current,CAD,2024-10-13,active
743,743,current,GBP,2019-07-19,active
744,744,current,EUR,2021-09-28,active
745,745,savings,AUD,2020-10-05,active
746,746,current,AUD,2017-12-26,active
747,747,current,AUD,2016-02-06,active
748,748,current,AUD,2018-12-02,active
749,749,current,CAD,2023-12-12,active
750,750,current,EUR,2020-07-02,active
751,751,current,GBP,2018-08-05,active
752,752,savings,EUR,2020-04-13,active
753,753,current,EUR,2016-02-17,active
754,754,current,GBP,2024-12-05,active
755,755,current,CAD,2022-04-08,active
756,756,current,EUR,2017-02-11,active
757,757,current,CAD,2018-11-30,active
758,758,current,CAD,2018-03-28,active
759,759,savings,AUD,2023-08-15,active
760,760,current,EUR,2024-08-10,active
761,761,current,EUR,2020-07-17,closed
762,762,savings,GBP,2019-07-25,active
763,763,current,EUR,2021-01-05,active
764,764,current,EUR,2024-05-09,active
765,765,savings,EUR,2016-11-26,active
766,766,current,GBP,2024-09-06,active
767,767,current,GBP,2018-12-25,active
768,768,savings,EUR,2018-08-07,active
769,769,current,EUR,2017-12-10,active
770,770,current,EUR,2021-05-18,active
771,771,current,EUR,2017-07-18,closed
772,772,current,GBP,2020-11-20,active
773,773,current,CAD,2018-07-27,active
774,774,current,CAD,2019-06-04,active
775,775,current,EUR,2019-03-31,active
776,776,current,EUR,2024-09-14,active
777,777,current,AUD,2024-02-18,active
778,778,current,CAD,2023-04-07,active
779,779,current,EUR,2023-07-25,active
780,780,current,AUD,2023-01-10,active
781,781,current,AUD,2024-10-14,active
782,782,current,GBP,2017-03-02,active
783,783,current,AUD,2017-01-07,active
784,784,current,CAD,2021-08-14,active
785,785,current,EUR,2017-08-25,active
786,786,current,CAD,2018-03-08,active
787,787,current,CAD,2018-10-24,active
788,788,current,EUR,2021-03-13,active
789,789,current,EUR,2020-05-14,active
790,790,current,CAD,2016-06-21,active
791,791,current,GBP,2019-05-21,active
792,792,current,EUR,2017-04-12,closed
793,793,current,GBP,2022-09-16,active
794,794,current,EUR,2017-10-04,active
795,795,current,GBP,2019-10-25,active
796,796,current,GBP,2017-09-29,active
797,797,current,GBP,2019-12-02,active
798,798,current,GBP,2020-01-08,active
799,799,current,GBP,2023-08-31,active
800,800,current,GBP,2021-04-11,active
801,801,current,EUR,2016-10-13,active
802,802,current,EUR,2021-02-06,active
803,803,current,CAD,2016-03-23,active
804,804,current,EUR,2016-09-30,active
805,805,current,CAD,2021-08-08,active
806,806,current,CAD,2019-08-13,active
807,807,current,GBP,2022-10-07,active
808,808,current,GBP,2020-05-17,active
809,809,current,EUR,2020-02-13,active
810,810,current,GBP,2022-06-15,active
811,811,current,EUR,2023-07-02,active
812,812,current,GBP,2021-10-29,active
813,813,savings,AUD,2021-12-09,active
814,814,savings,EUR,2020-08-31,active
815,815,current,AUD,2020-10-19,active
816,816,current,GBP,2019-10-27,active
817,817,current,AUD,2023-10-09,closed
818,818,current,AUD,2019-08-20,active
819,819,savings,CAD,2023-06-16,active
820,820,current,EUR,2022-02-03,active
821,821,current,CAD,2019-07-13,active
822,822,current,EUR,2021-09-25,active
823,823,current,GBP,2017-10-04,active
824,824,current,AUD,2019-05-25,active
825,825,current,EUR,2022-12-31,active
826,826,current,EUR,2019-05-21,active
827,827,current,CAD,2023-11-25,active
828,828,current,EUR,2024-03-04,closed
829,829,current,AUD,2018-07-01,active
830,830,current,EUR,2024-10-31,active
831,831,current,GBP,2021-05-06,active
832,832,current,CAD,2021-08-20,active
833,833,current,EUR,2018-03-22,active
834,834,current,GBP,2021-11-20,active
835,835,current,EUR,2017-01-08,active
836,836,current,CAD,2019-11-22,active
837,837,current,CAD,2024-07-02,closed
838,838,current,CAD,2017-10-08,active
839,839,current,GBP,2017-09-03,active
840,840,current,GBP,2017-04-07,active
841,841,current,CAD,2023-03-24,active
842,842,current,AUD,2022-02-10,active
843,843,current,CAD,2018-04-04,active
844,844,current,GBP,2016-02-08,active
845,845,current,EUR,2022-02-22,active
846,846,current,EUR,2017-02-23,active
847,847,current,AUD,2018-04-07,active
848,848,current,EUR,2018-10-20,active
849,849,current,AUD,2022-02-14,active
850,850,current,CAD,2024-11-01,active
851,851,current,CAD,2023-07-29,active
852,852,current,GBP,2023-04-20,active
853,853,current,CAD,2021-01-18,active
854,854,current,GBP,2018-04-14,active
855,855,current,EUR,2017-07-11,active
856,856,current,CAD,2022-12-02,closed
857,857,current,GBP,2023-09-20,active
858,858,current,EUR,2018-02-14,active
859,859,current,EUR,2019-01-12,active
860,860,current,AUD,2016-04-18,active
861,861,current,AUD,2021-04-16,active
862,862,current,EUR,2017-07-21,active
863,863,current,AUD,2022-05-16,active
864,864,current,AUD,2021-02-25,active
865,865,current,EUR,2020-04-08,active
866,866,current,EUR,2021-12-02,active
867,867,current,GBP,2021-02-22,active
868,868,current,EUR,2020-06-13,active
869,869,current,CAD,2022-04-16,active
870,870,current,EUR,2017-11-25,active
871,871,current,GBP,2017-08-17,active
872,872,current,GBP,2018-01-06,active
873,873,current,AUD,2019-08-19,active
874,874,current,AUD,2022-07-10,active
875,875,savings,EUR,2017-04-15,active
876,876,current,GBP,2024-11-13,active
877,877,current,GBP,2019-10-09,active
878,878,current,GBP,2022-04-16,suspended
879,879,current,AUD,2017-05-02,active
880,880,current,EUR,2021-02-26,active
881,881,current,EUR,2021-07-23,active
882,882,current,AUD,2016-12-01,active
883,883,current,EUR,2018-05-01,active
884,884,current,EUR,2016-05-17,active
885,885,current,CAD,2022-04-14,active
886,886,current,CAD,2018-01-04,active
887,887,savings,CAD,2019-05-21,active
888,888,current,AUD,2022-05-22,active
889,889,current,EUR,2021-11-21,closed
890,890,savings,GBP,2021-12-15,active
891,891,current,EUR,2023-08-12,active
892,892,current,AUD,2017-06-19,active
893,893,current,EUR,2018-01-19,active
894,894,current,EUR,2017-05-04,active
895,895,current,GBP,2024-05-10,active
896,896,current,EUR,2018-04-05,active
897,897,current,EUR,2019-08-27,active
898,898,current,CAD,2016-05-06,active
899,899,current,CAD,2024-09-16,active
900,900,current,EUR,2020-09-05,active
901,901,current,AUD,2019-07-25,closed
902,902,current,AUD,2019-12-26,active
903,903,current,EUR,2020-03-29,active
904,904,current,AUD,2017-04-25,active
905,905,current,EUR,2016-05-15,active
906,906,current,EUR,2019-05-26,active
907,907,current,EUR,2024-07-02,active
908,908,current,GBP,2021-06-08,active
909,909,current,EUR,2017-02-08,active
910,910,current,AUD,2016-06-12,active
911,911,current,AUD,2016-06-30,active
912,912,current,GBP,2016-07-18,closed
913,913,current,EUR,2019-07-09,active
914,914,current,CAD,2021-12-21,active
915,915,current,GBP,2019-02-02,active
916,916,current,AUD,2019-12-14,active
917,917,current,EUR,2023-05-29,active
918,918,current,GBP,2016-05-09,active
919,919,current,GBP,2020-10-16,closed
920,920,current,AUD,2021-01-05,active
921,921,current,EUR,2024-08-14,active
922,922,current,EUR,2019-06-25,active
923,923,current,AUD,2018-07-11,active
924,924,current,CAD,2018-01-31,active
925,925,current,CAD,2024-07-28,active
926,926,current,AUD,2022-09-23,active
927,927,current,GBP,2016-10-22,active
928,928,current,AUD,2018-10-01,active
929,929,current,GBP,2020-11-06,active
930,930,current,EUR,2018-09-05,active
931,931,current,CAD,2024-10-04,active
932,932,current,GBP,2019-06-16,active
933,933,current,GBP,2024-03-01,active
934,934,current,CAD,2016-01-13,active
935,935,current,AUD,2021-01-12,active
936,936,current,CAD,2019-06-12,active
937,937,current,EUR,2017-01-13,closed
938,938,current,AUD,2023-09-08,active
939,939,current,EUR,2024-01-19,active
940,940,current,AUD,2019-08-03,active
941,941,current,AUD,2017-12-20,active
942,942,current,CAD,2024-05-15,active
943,943,savings,GBP,2016-03-06,active
944,944,current,EUR,2022-10-20,active
945,945,current,AUD,2024-06-02,active
946,946,current,EUR,2018-07-20,active
947,947,current,AUD,2023-07-16,active
948,948,current,AUD,2020-02-22,active
949,949,current,EUR,2021-12-08,active
950,950,current,CAD,2021-11-26,active
951,951,current,AUD,2023-10-16,active
952,952,savings,GBP,2021-04-18,active
953,953,current,CAD,2023-09-05,active
954,954,current,CAD,2023-06-26,active
955,955,current,GBP,2022-03-08,active
956,956,current,EUR,2017-06-28,suspended
957,957,current,CAD,2023-05-09,closed
958,958,current,CAD,2017-08-25,active
959,959,current,EUR,2022-12-10,closed
960,960,current,EUR,2022-09-01,active
961,961,current,CAD,2023-04-28,active
962,962,current,GBP,2022-02-01,suspended
963,963,current,CAD,2016-06-28,active
964,964,current,CAD,2023-07-27,active
965,965,current,EUR,2018-09-24,active
966,966,current,GBP,2018-01-06,active
967,967,current,GBP,2020-08-22,closed
968,968,current,AUD,2019-03-15,active
969,969,current,EUR,2018-06-16,active
970,970,current,EUR,2017-06-23,closed
971,971,current,EUR,2023-01-19,active
972,972,current,AUD,2024-06-02,active
973,973,current,CAD,2024-03-07,active
974,974,current,EUR,2016-10-17,active
975,975,current,CAD,2017-04-03,active
976,976,current,CAD,2020-12-21,active
977,977,current,GBP,2018-10-23,active
978,978,current,AUD,2016-01-08,active
979,979,current,CAD,2024-03-19,active
980,980,current,AUD,2016-10-25,active
981,981,savings,EUR,2024-09-21,active
982,982,current,CAD,2016-08-17,closed
983,983,current,CAD,2023-12-08,active
984,984,current,EUR,2016-06-16,active
985,985,current,CAD,2017-03-15,active
986,986,current,GBP,2018-02-24,active
987,987,current,EUR,2021-07-02,active
988,988,current,EUR,2021-01-21,active
989,989,current,CAD,2016-07-03,active
990,990,current,CAD,2017-09-02,active
991,991,current,GBP,2024-10-01,active
992,992,current,GBP,2022-10-03,active
993,993,current,AUD,2016-09-21,active
994,994,current,AUD,2023-04-08,active
995,995,current,EUR,2024-04-15,active
996,996,current,GBP,2022-12-23,active
997,997,current,AUD,2017-11-19,active
998,998,current,GBP,2022-06-16,active
999,999,current,EUR,2023-03-01,active
1000,1000,current,CAD,2016-06-10,closed
1001,1001,current,EUR,2019-05-27,active
1002,1002,current,CAD,2021-12-18,active
1003,1003,current,EUR,2024-11-10,active
1004,1004,current,CAD,2017-09-14,active
1005,1005,current,AUD,2016-06-29,active
1006,1006,current,CAD,2021-02-02,active
1007,1007,savings,CAD,2016-05-07,active
1008,1008,current,EUR,2023-11-04,active
1009,1009,current,CAD,2018-07-28,active
1010,1010,current,EUR,2018-07-03,active
1011,1011,current,GBP,2018-06-09,active
1012,1012,current,CAD,2018-03-20,active
1013,1013,current,CAD,2016-09-07,active
1014,1014,current,AUD,2019-11-08,active
1015,1015,current,GBP,2022-12-21,active
1016,1016,current,AUD,2018-06-14,active
1017,1017,current,GBP,2023-05-21,active
1018,1018,current,EUR,2022-01-18,active
1019,1019,current,EUR,2021-12-18,active
1020,1020,savings,EUR,2021-08-04,active
1021,1021,current,GBP,2023-03-24,active
1022,1022,current,GBP,2019-06-11,active
1023,1023,current,AUD,2021-02-08,active
1024,1024,current,EUR,2020-03-02,active
1025,1025,current,GBP,2020-04-29,active
1026,1026,current,GBP,2019-01-11,active
1027,1027,current,AUD,2016-12-01,active
1028,1028,savings,EUR,2020-02-12,active
1029,1029,current,CAD,2020-02-20,active
1030,1030,current,EUR,2018-04-23,suspended
1031,1031,current,AUD,2018-05-23,active
1032,1032,current,CAD,2023-08-02,active
1033,1033,current,AUD,2023-08-24,active
1034,1034,current,EUR,2022-05-22,active
1035,1035,current,CAD,2016-11-21,active
1036,1036,current,EUR,2018-04-16,closed
1037,1037,current,CAD,2022-10-05,active
1038,1038,current,GBP,2016-03-31,active
1039,1039,savings,CAD,2020-08-26,suspended
1040,1040,current,EUR,2021-12-12,active
1041,1041,current,CAD,2019-06-19,active
1042,1042,current,AUD,2022-04-21,active
1043,1043,current,EUR,2023-08-13,active
1044,1044,current,EUR,2022-12-06,active
1045,1045,current,GBP,2018-02-02,active
1046,1046,current,EUR,2022-11-02,active
1047,1047,current,CAD,2023-10-29,active
1048,1048,current,GBP,2019-05-04,active
1049,1049,current,EUR,2024-07-08,active
1050,1050,current,GBP,2017-04-24,active
1051,1051,current,EUR,2017-01-22,active
1052,1052,current,GBP,2019-02-16,active
1053,1053,current,EUR,2017-01-05,active
1054,1054,current,AUD,2021-09-28,active
1055,1055,current,CAD,2024-05-26,active
1056,1056,current,CAD,2022-07-02,active
1057,1057,current,AUD,2017-11-07,active
1058,1058,current,EUR,2016-12-22,active
1059,1059,current,EUR,2019-10-19,active
1060,1060,current,CAD,2019-01-25,active
1061,1061,current,EUR,2022-10-17,active
1062,1062,current,AUD,2023-09-21,closed
1063,1063,current,EUR,2019-05-20,active
1064,1064,current,AUD,2019-04-01,active
1065,1065,current,EUR,2017-05-04,active
1066,1066,savings,EUR,2020-01-26,active
1067,1067,savings,EUR,2021-05-07,active
1068,1068,savings,CAD,2022-12-14,active
1069,1069,current,GBP,2016-08-05,active
1070,1070,current,EUR,2019-04-02,active
1071,1071,current,GBP,2018-01-25,active
1072,1072,savings,GBP,2019-08-02,active
1073,1073,current,EUR,2020-02-07,active
1074,1074,current,EUR,2021-11-03,active
1075,1075,current,AUD,2022-12-06,active
1076,1076,current,GBP,2022-09-03,active
1077,1077,current,GBP,2019-12-11,active
1078,1078,current,EUR,2023-12-05,active
1079,1079,current,EUR,2017-08-13,active
1080,1080,current,CAD,2022-08-28,closed
1081,1081,current,GBP,2021-10-13,active
1082,1082,current,EUR,2019-06-03,active
1083,1083,savings,EUR,2023-02-25,active
1084,1084,current,GBP,2019-02-17,active
1085,1085,current,GBP,2018-09-27,active
1086,1086,current,EUR,2023-08-01,active
1087,1087,current,EUR,2024-09-13,active
1088,1088,current,EUR,2020-01-03,active
1089,1089,savings,AUD,2019-07-18,active
1090,1090,savings,GBP,2023-08-26,active
1091,1091,current,CAD,2019-07-06,active
1092,1092,current,CAD,2020-10-26,active
1093,1093,current,EUR,2020-02-27,active
1094,1094,current,EUR,2021-11-21,active
1095,1095,current,GBP,2017-02-23,active
1096,1096,savings,GBP,2018-04-07,active
1097,1097,current,EUR,2020-10-15,active
1098,1098,current,EUR,2019-02-05,active
1099,1099,current,EUR,2020-07-21,active
1100,1100,current,GBP,2017-05-17,active
1101,1101,current,EUR,2017-02-18,active
1102,1102,current,AUD,2018-01-12,active
1103,1103,current,GBP,2017-02-09,active
1104,1104,current,AUD,2021-03-24,active
1105,1105,current,AUD,2019-11-15,active
1106,1106,savings,AUD,2022-09-14,active
1107,1107,current,AUD,2019-06-06,active
1108,1108,current,AUD,2020-05-21,active
1109,1109,current,EUR,2021-04-22,active
1110,1110,current,AUD,2021-07-27,active
1111,1111,current,EUR,2023-08-07,active
1112,1112,current,AUD,2016-05-04,active
1113,1113,current,CAD,2020-01-14,active
1114,1114,current,CAD,2019-07-07,active
1115,1115,current,EUR,2017-12-09,active
1116,1116,current,AUD,2023-07-10,active
1117,1117,current,CAD,2019-08-16,closed
1118,1118,current,AUD,2019-10-22,active
1119,1119,current,EUR,2019-05-16,active
1120,1120,current,AUD,2023-03-29,active
1121,1121,current,EUR,2017-01-20,active
1122,1122,current,AUD,2021-12-19,active
1123,1123,current,EUR,2019-06-04,active
1124,1124,current,EUR,2020-09-06,active
1125,1125,current,AUD,2024-10-26,active
1126,1126,current,AUD,2022-05-06,active
1127,1127,current,GBP,2019-05-24,active
1128,1128,current,EUR,2022-12-02,active
1129,1129,current,GBP,2018-10-11,active
1130,1130,current,AUD,2024-05-27,active
1131,1131,current,GBP,2019-02-22,active
1132,1132,current,EUR,2022-06-22,active
1133,1133,current,EUR,2022-07-13,active
1134,1134,current,CAD,2021-08-24,active
1135,1135,current,EUR,2023-06-03,active
1136,1136,current,EUR,2020-05-24,active
1137,1137,current,EUR,2017-03-26,active
1138,1138,current,AUD,2022-05-04,active
1139,1139,current,AUD,2018-10-09,active
1140,1140,current,EUR,2020-02-15,active
1141,1141,current,EUR,2016-08-16,active
1142,1142,current,CAD,2019-06-22,active
1143,1143,current,EUR,2022-01-03,active
1144,1144,current,CAD,2023-06-16,active
1145,1145,current,CAD,2024-10-11,active
1146,1146,current,CAD,2023-06-22,active
1147,1147,current,EUR,2022-10-13,active
1148,1148,savings,AUD,2018-10-21,active
1149,1149,current,EUR,2020-08-17,active
1150,1150,current,GBP,2023-06-22,active
1151,1151,current,CAD,2020-02-14,active
1152,1152,current,EUR,2023-04-06,active
1153,1153,current,EUR,2017-01-02,active
1154,1154,current,AUD,2020-07-09,active
1155,1155,current,GBP,2022-08-31,active
1156,1156,current,EUR,2024-10-14,active
1157,1157,current,EUR,2024-02-24,active
1158,1158,current,EUR,2018-02-15,active
1159,1159,current,GBP,2018-12-20,active
1160,1160,current,CAD,2021-02-27,active
1161,1161,current,EUR,2023-06-16,active
1162,1162,current,EUR,2019-12-25,active
1163,1163,current,AUD,2022-04-16,active
1164,1164,current,EUR,2017-07-04,active
1165,1165,current,AUD,2021-08-27,active
1166,1166,current,AUD,2021-12-16,active
1167,1167,current,CAD,2024-06-10,active
1168,1168,current,EUR,2019-07-07,active
1169,1169,current,EUR,2017-09-14,active
1170,1170,current,EUR,2017-08-31,active
1171,1171,current,AUD,2021-04-09,active
1172,1172,current,GBP,2021-06-20,active
1173,1173,current,EUR,2019-12-07,active
1174,1174,current,GBP,2021-09-15,active
1175,1175,current,EUR,2016-01-27,active
1176,1176,current,AUD,2021-08-06,active
1177,1177,current,GBP,2017-05-23,active
1178,1178,current,EUR,2022-11-15,active
1179,1179,current,AUD,2019-01-21,active
1180,1180,current,EUR,2021-01-29,active
1181,1181,current,EUR,2022-09-27,active
1182,1182,current,CAD,2016-10-16,active
1183,1183,current,GBP,2018-09-15,active
1184,1184,current,GBP,2022-12-04,active
1185,1185,savings,EUR,2019-05-19,active
1186,1186,current,EUR,2017-06-27,active
1187,1187,current,CAD,2021-01-06,closed
1188,1188,current,AUD,2020-10-06,suspended
1189,1189,savings,AUD,2016-06-26,active
1190,1190,current,GBP,2017-09-29,active
1191,1191,current,EUR,2021-04-13,closed
1192,1192,current,CAD,2024-06-06,active
1193,1193,current,GBP,2020-10-11,active
1194,1194,current,EUR,2024-01-02,closed
1195,1195,current,GBP,2018-01-13,active
1196,1196,savings,GBP,2019-05-08,active
1197,1197,current,EUR,2019-01-02,closed
1198,1198,current,GBP,2018-12-09,active
1199,1199,current,AUD,2017-04-23,active
1200,1200,current,AUD,2021-06-23,active
1201,1201,current,EUR,2020-06-12,active
1202,1202,current,EUR,2016-03-09,active
1203,1203,current,GBP,2017-08-30,active
1204,1204,current,EUR,2023-02-04,active
1205,1205,current,EUR,2017-09-28,active
1206,1206,current,AUD,2021-01-15,active
1207,1207,current,AUD,2022-04-16,active
1208,1208,current,AUD,2021-08-03,active
1209,1209,current,AUD,2021-06-25,active
1210,1210,current,EUR,2024-09-30,closed
1211,1211,current,AUD,2019-01-05,active
1212,1212,current,AUD,2019-11-25,active
1213,1213,current,GBP,2024-09-02,active
1214,1214,current,EUR,2021-04-10,active
1215,1215,current,EUR,2022-11-29,active
1216,1216,current,EUR,2018-04-01,active
1217,1217,current,EUR,2024-10-19,active
1218,1218,current,CAD,2023-01-03,active
1219,1219,current,GBP,2018-07-23,active
1220,1220,current,GBP,2019-12-28,active
1221,1221,current,AUD,2024-12-01,active
1222,1222,current,GBP,2022-03-27,active
1223,1223,current,CAD,2019-04-14,active
1224,1224,current,AUD,2022-11-24,active
1225,1225,current,EUR,2020-09-08,active
1226,1226,savings,EUR,2019-04-01,closed
1227,1227,current,CAD,2023-05-30,active
1228,1228,current,CAD,2024-11-25,active
1229,1229,current,GBP,2021-10-26,active
1230,1230,current,CAD,2022-12-12,active
1231,1231,current,EUR,2016-08-26,active
1232,1232,current,EUR,2019-05-09,active
1233,1233,savings,EUR,2022-11-09,suspended
1234,1234,current,AUD,2023-09-18,active
1235,1235,current,EUR,2023-08-13,active
1236,1236,current,CAD,2016-04-18,active
1237,1237,current,AUD,2019-06-01,active
1238,1238,current,EUR,2023-06-19,active
1239,1239,current,EUR,2019-05-15,active
1240,1240,current,EUR,2021-12-26,closed
1241,1241,current,CAD,2017-08-01,active
1242,1242,current,CAD,2018-02-28,active
1243,1243,current,GBP,2024-04-30,active
1244,1244,current,AUD,2020-03-05,active
1245,1245,current,AUD,2022-11-03,active
1246,1246,current,EUR,2021-12-11,active
1247,1247,current,GBP,2022-09-13,active
1248,1248,current,CAD,2017-09-19,active
1249,1249,savings,CAD,2016-05-02,active
1250,1250,savings,AUD,2019-06-05,active
1251,1251,current,EUR,2017-05-21,active
1252,1252,current,GBP,2019-07-04,active
1253,1253,current,CAD,2024-11-09,active
1254,1254,current,GBP,2024-04-27,active
1255,1255,current,GBP,2020-12-23,active
1256,1256,savings,EUR,2023-10-07,active
1257,1257,current,GBP,2016-08-04,active
1258,1258,current,EUR,2016-03-26,active
1259,1259,current,EUR,2018-05-02,active
1260,1260,current,EUR,2021-12-27,active
1261,1261,current,GBP,2022-03-03,active
1262,1262,current,AUD,2017-01-08,active
1263,1263,current,GBP,2018-11-17,active
1264,1264,current,EUR,2016-09-09,active
1265,1265,current,GBP,2020-05-25,closed
1266,1266,current,EUR,2017-05-17,active
1267,1267,current,AUD,2021-09-17,active
1268,1268,current,GBP,2021-04-01,active
1269,1269,current,GBP,2016-03-31,active
1270,1270,current,GBP,2022-09-20,active
1271,1271,current,EUR,2017-08-14,active
1272,1272,current,CAD,2024-07-25,active
1273,1273,current,EUR,2017-11-27,active
1274,1274,current,CAD,2020-04-07,active
1275,1275,current,EUR,2023-08-10,active
1276,1276,current,CAD,2017-05-21,active
1277,1277,current,EUR,2023-03-14,active
1278,1278,current,EUR,2018-12-17,suspended
1279,1279,savings,CAD,2019-08-21,active
1280,1280,current,AUD,2017-07-02,active
1281,1281,savings,AUD,2022-12-23,closed
1282,1282,current,EUR,2016-11-21,active
1283,1283,current,EUR,2017-05-30,active
1284,1284,current,EUR,2017-12-28,suspended
1285,1285,current,EUR,2020-03-04,active
1286,1286,current,CAD,2019-03-09,active
1287,1287,current,GBP,2023-04-09,active
1288,1288,savings,CAD,2023-03-15,active
1289,1289,current,GBP,2021-08-13,active
1290,1290,current,EUR,2017-12-25,active
1291,1291,current,AUD,2018-07-27,active
1292,1292,current,EUR,2023-06-09,active
1293,1293,current,AUD,2016-08-10,active
1294,1294,current,EUR,2017-05-27,suspended
1295,1295,current,GBP,2023-04-08,active
1296,1296,savings,CAD,2019-10-03,active
1297,1297,current,AUD,2023-06-05,active
1298,1298,current,EUR,2020-11-14,active
1299,1299,current,EUR,2018-10-31,active
1300,1300,current,EUR,2023-11-28,active
1301,1301,savings,AUD,2017-02-02,active
1302,1302,current,GBP,2016-05-17,active
1303,1303,current,EUR,2024-07-06,active
1304,1304,current,GBP,2016-08-06,active
1305,1305,current,GBP,2022-01-30,active
1306,1306,current,EUR,2016-04-25,active
1307,1307,current,GBP,2016-10-13,active
1308,1308,current,EUR,2021-09-27,active
1309,1309,current,EUR,2018-09-26,suspended
1310,1310,current,EUR,2021-10-11,active
1311,1311,current,CAD,2022-11-08,active
1312,1312,current,CAD,2017-08-24,active
1313,1313,current,EUR,2024-05-21,active
1314,1314,current,CAD,2018-02-16,active
1315,1315,current,EUR,2019-09-26,active
1316,1316,current,GBP,2019-09-17,active
1317,1317,current,EUR,2018-06-29,active
1318,1318,current,EUR,2018-05-23,active
1319,1319,current,EUR,2020-03-26,active
1320,1320,current,EUR,2016-11-03,closed
1321,1321,current,GBP,2020-01-23,active
1322,1322,current,GBP,2018-12-09,active
1323,1323,current,AUD,2016-04-12,active
1324,1324,current,GBP,2022-10-15,active
1325,1325,current,EUR,2018-09-15,active
1326,1326,current,GBP,2020-11-22,closed
1327,1327,current,GBP,2023-02-03,active
1328,1328,current,AUD,2023-11-03,active
1329,1329,current,GBP,2021-06-27,active
1330,1330,savings,AUD,2016-09-25,active
1331,1331,current,EUR,2024-02-15,active
1332,1332,savings,CAD,2021-08-02,active
1333,1333,savings,EUR,2022-03-20,active
1334,1334,current,CAD,2020-10-14,active
1335,1335,current,EUR,2016-12-24,active
1336,1336,current,AUD,2016-06-22,active
1337,1337,current,AUD,2020-08-14,active
1338,1338,current,CAD,2020-12-20,active
1339,1339,current,CAD,2021-08-18,active
1340,1340,current,EUR,2022-07-28,active
1341,1341,current,CAD,2018-10-28,active
1342,1342,current,EUR,2017-07-21,active
1343,1343,current,EUR,2022-01-30,suspended
1344,1344,current,GBP,2018-08-01,closed
1345,1345,current,EUR,2021-04-03,active
1346,1346,current,EUR,2018-02-17,active
1347,1347,current,CAD,2016-05-16,active
1348,1348,current,GBP,2022-01-26,active
1349,1349,current,CAD,2020-07-10,closed
1350,1350,savings,CAD,2016-05-21,active
1351,1351,savings,EUR,2020-05-23,active
1352,1352,current,CAD,2018-02-15,active
1353,1353,current,EUR,2019-06-02,active
1354,1354,current,AUD,2021-07-06,active
1355,1355,current,EUR,2018-04-28,active
1356,1356,current,GBP,2021-11-04,active
1357,1357,current,EUR,2017-03-29,active
1358,1358,current,EUR,2018-04-25,active
1359,1359,current,AUD,2024-09-07,active
1360,1360,current,CAD,2024-07-31,active
1361,1361,current,GBP,2018-10-21,active
1362,1362,current,AUD,2017-01-13,active
1363,1363,current,AUD,2023-09-08,active
1364,1364,current,AUD,2020-11-14,active
1365,1365,current,EUR,2016-07-09,active
1366,1366,current,GBP,2019-04-22,active
1367,1367,current,EUR,2024-10-13,active
1368,1368,current,CAD,2023-11-12,active
1369,1369,current,GBP,2021-03-17,active
1370,1370,current,EUR,2016-02-17,active
1371,1371,current,GBP,2021-03-23,active
1372,1372,current,AUD,2020-12-11,active
1373,1373,current,AUD,2016-03-20,active
1374,1374,current,GBP,2022-12-22,active
1375,1375,current,GBP,2018-06-11,active
1376,1376,current,AUD,2016-07-20,active
1377,1377,current,GBP,2022-08-10,active
1378,1378,current,GBP,2023-02-19,active
1379,1379,current,EUR,2016-09-26,active
1380,1380,current,EUR,2022-12-16,active
1381,1381,current,EUR,2018-02-16,active
1382,1382,current,EUR,2018-06-03,active
1383,1383,current,GBP,2016-03-03,active
1384,1384,current,GBP,2024-02-07,active
1385,1385,current,EUR,2017-02-24,active
1386,1386,current,EUR,2018-11-01,active
1387,1387,current,EUR,2017-07-10,active
1388,1388,current,EUR,2021-05-29,active
1389,1389,savings,EUR,2021-10-05,active
1390,1390,current,AUD,2023-04-22,active
1391,1391,current,CAD,2018-09-27,active
1392,1392,current,CAD,2017-09-26,active
1393,1393,savings,CAD,2023-11-12,closed
1394,1394,current,GBP,2023-11-24,active
1395,1395,current,EUR,2023-04-07,active
1396,1396,current,CAD,2021-07-14,active
1397,1397,current,EUR,2018-04-21,active
1398,1398,current,AUD,2023-02-28,active
1399,1399,current,CAD,2023-05-22,active
1400,1400,current,AUD,2023-02-24,active
1401,1401,current,EUR,2017-11-20,active
1402,1402,current,CAD,2017-10-02,active
1403,1403,current,GBP,2016-12-17,active
1404,1404,current,AUD,2018-01-02,active
1405,1405,current,AUD,2021-05-31,active
1406,1406,current,AUD,2018-02-21,active
1407,1407,current,GBP,2020-07-21,active
1408,1408,current,EUR,2016-10-19,active
1409,1409,savings,EUR,2017-10-30,active
1410,1410,current,EUR,2023-12-28,active
1411,1411,current,AUD,2020-10-10,active
1412,1412,current,GBP,2022-11-07,active
1413,1413,current,CAD,2017-10-25,active
1414,1414,current,EUR,2022-06-15,active
1415,1415,savings,EUR,2019-05-29,active
1416,1416,current,AUD,2020-08-20,closed
1417,1417,current,GBP,2019-11-14,closed
1418,1418,current,CAD,2023-09-26,closed
1419,1419,savings,GBP,2024-05-11,suspended
1420,1420,current,GBP,2017-07-15,active
1421,1421,current,EUR,2018-05-28,active
1422,1422,savings,GBP,2024-04-25,active
1423,1423,current,EUR,2016-12-31,active
1424,1424,savings,CAD,2021-05-20,active
1425,1425,current,GBP,2016-02-05,closed
1426,1426,current,GBP,2016-02-09,active
1427,1427,current,EUR,2021-06-16,closed
1428,1428,current,AUD,2019-11-08,active
1429,1429,savings,EUR,2020-04-06,active
1430,1430,current,EUR,2020-07-12,suspended
1431,1431,current,GBP,2021-12-26,suspended
1432,1432,current,GBP,2021-05-13,active
1433,1433,current,GBP,2019-08-21,active
1434,1434,current,GBP,2022-06-18,closed
1435,1435,current,EUR,2023-08-27,active
1436,1436,current,GBP,2024-11-11,active
1437,1437,current,EUR,2024-08-28,active
1438,1438,current,EUR,2018-05-20,active
1439,1439,current,GBP,2016-05-01,active
1440,1440,current,EUR,2018-11-27,active
1441,1441,current,GBP,2022-01-08,active
1442,1442,current,EUR,2018-07-16,active
1443,1443,current,EUR,2020-04-01,active
1444,1444,current,EUR,2020-12-04,active
1445,1445,current,GBP,2017-01-12,active
1446,1446,current,GBP,2024-02-07,active
1447,1447,current,EUR,2018-02-20,active
1448,1448,current,EUR,2022-09-20,active
1449,1449,current,CAD,2021-03-04,active
1450,1450,current,CAD,2021-02-09,active
1451,1451,current,AUD,2022-03-21,active
1452,1452,savings,CAD,2024-09-10,active
1453,1453,current,EUR,2019-10-05,active
1454,1454,current,EUR,2024-03-15,active
1455,1455,current,EUR,2019-10-28,active
1456,1456,current,CAD,2016-10-31,active
1457,1457,current,EUR,2020-06-07,active
1458,1458,savings,EUR,2023-09-22,active
1459,1459,current,EUR,2017-08-30,active
1460,1460,current,GBP,2020-02-06,active
1461,1461,current,EUR,2022-11-09,active
1462,1462,current,GBP,2020-01-07,active
1463,1463,current,GBP,2023-12-06,active
1464,1464,savings,AUD,2018-09-13,active
1465,1465,current,AUD,2020-03-30,active
1466,1466,current,EUR,2024-02-28,active
1467,1467,current,GBP,2021-07-05,active
1468,1468,current,GBP,2021-05-22,active
1469,1469,current,GBP,2021-06-20,active
1470,1470,current,CAD,2019-09-03,active
1471,1471,current,AUD,2016-04-01,active
1472,1472,current,EUR,2016-09-27,active
1473,1473,current,EUR,2022-09-05,active
1474,1474,current,AUD,2022-09-11,active
1475,1475,current,GBP,2016-06-02,active
1476,1476,current,CAD,2022-12-29,active
1477,1477,current,GBP,2023-09-02,active
1478,1478,current,EUR,2019-12-16,active
1479,1479,current,EUR,2016-07-06,active
1480,1480,current,CAD,2023-08-01,active
1481,1481,current,CAD,2017-11-01,closed
1482,1482,current,CAD,2017-08-19,active
1483,1483,savings,EUR,2024-11-27,active
1484,1484,current,EUR,2016-04-21,active
1485,1485,current,CAD,2020-08-01,closed
1486,1486,current,EUR,2019-02-03,active
1487,1487,current,EUR,2018-07-11,active
1488,1488,current,EUR,2019-06-23,active
1489,1489,current,GBP,2019-03-03,active
1490,1490,savings,EUR,2020-05-21,active
1491,1491,current,EUR,2024-04-09,active
1492,1492,current,AUD,2017-06-11,active
1493,1493,current,CAD,2023-05-30,active
1494,1494,current,AUD,2021-04-05,active
1495,1495,savings,AUD,2023-04-26,active
1496,1496,current,EUR,2022-06-20,active
1497,1497,current,AUD,2019-03-20,active
1498,1498,current,EUR,2024-05-25,suspended
1499,1499,savings,AUD,2022-01-02,active
1500,1500,savings,EUR,2023-12-21,active
1501,1501,current,EUR,2021-01-16,active
1502,1502,current,EUR,2018-07-16,active
1503,1503,current,GBP,2016-08-10,closed
1504,1504,current,CAD,2018-10-23,active
1505,1505,current,EUR,2021-06-14,active
1506,1506,current,EUR,2018-06-11,active
1507,1507,current,AUD,2024-10-10,active
1508,1508,current,CAD,2019-12-08,active
1509,1509,current,CAD,2021-07-19,active
1510,1510,current,EUR,2021-06-25,active
1511,1511,current,CAD,2020-03-27,active
1512,1512,current,GBP,2024-07-01,active
1513,1513,current,CAD,2023-02-18,active
1514,1514,current,AUD,2016-05-09,active
1515,1515,current,AUD,2018-12-26,active
1516,1516,current,AUD,2017-06-07,active
1517,1517,savings,EUR,2020-05-22,closed
1518,1518,current,GBP,2021-08-16,active
1519,1519,current,GBP,2022-01-29,active
1520,1520,current,CAD,2017-09-21,active
1521,1521,current,CAD,2018-12-29,active
1522,1522,current,EUR,2017-03-05,active
1523,1523,current,GBP,2022-11-08,active
1524,1524,current,EUR,2024-05-29,active
1525,1525,savings,CAD,2018-08-11,active
1526,1526,current,GBP,2016-08-08,active
1527,1527,current,CAD,2020-09-10,active
1528,1528,current,GBP,2019-08-10,active
1529,1529,current,EUR,2018-02-08,active
1530,1530,current,CAD,2016-02-27,active
1531,1531,current,GBP,2020-01-23,active
1532,1532,current,EUR,2019-02-15,active
1533,1533,current,EUR,2017-05-11,closed
1534,1534,savings,EUR,2021-01-06,active
1535,1535,current,AUD,2021-04-28,active
1536,1536,current,EUR,2018-03-06,active
1537,1537,current,EUR,2022-05-25,closed
1538,1538,current,GBP,2017-06-21,active
1539,1539,current,EUR,2020-06-22,active
1540,1540,current,AUD,2020-12-06,active
1541,1541,savings,EUR,2019-01-25,active
1542,1542,current,AUD,2016-02-08,active
1543,1543,current,AUD,2023-06-19,active
1544,1544,current,AUD,2016-07-17,active
1545,1545,current,EUR,2022-04-17,active
1546,1546,current,AUD,2019-11-30,active
1547,1547,current,GBP,2023-08-27,active
1548,1548,current,EUR,2019-03-01,active
1549,1549,current,EUR,2023-03-28,active
1550,1550,current,GBP,2021-01-08,active
1551,1551,current,CAD,2022-07-23,active
1552,1552,current,GBP,2018-01-20,active
1553,1553,current,GBP,2020-06-02,active
1554,1554,current,EUR,2021-02-20,active
1555,1555,current,CAD,2016-03-01,active
1556,1556,current,GBP,2022-04-09,active
1557,1557,current,EUR,2016-02-11,active
1558,1558,current,GBP,2016-12-24,active
1559,1559,current,AUD,2017-11-01,active
1560,1560,current,CAD,2019-01-01,active
1561,1561,current,EUR,2019-04-30,active
1562,1562,current,AUD,2018-07-07,active
1563,1563,current,GBP,2018-07-26,active
1564,1564,current,CAD,2022-08-28,active
1565,1565,current,EUR,2016-11-09,active
1566,1566,savings,EUR,2022-03-31,active
1567,1567,current,AUD,2017-09-21,closed
1568,1568,current,EUR,2017-03-09,active
1569,1569,current,CAD,2016-11-16,active
1570,1570,current,EUR,2022-10-29,active
1571,1571,current,EUR,2016-10-11,active
1572,1572,current,EUR,2019-08-30,active
1573,1573,current,CAD,2020-10-09,active
1574,1574,current,GBP,2018-10-17,active
1575,1575,current,CAD,2018-08-11,closed
1576,1576,current,AUD,2018-06-21,active
1577,1577,current,GBP,2022-02-18,active
1578,1578,current,GBP,2022-10-13,active
1579,1579,current,EUR,2023-05-15,active
1580,1580,current,GBP,2017-08-11,active
1581,1581,current,EUR,2017-03-17,active
1582,1582,current,EUR,2022-03-03,active
1583,1583,current,GBP,2024-05-08,active
1584,1584,savings,EUR,2019-05-19,active
1585,1585,current,CAD,2016-03-01,active
1586,1586,current,EUR,2017-12-17,active
1587,1587,current,EUR,2021-02-17,active
1588,1588,current,EUR,2018-07-31,active
1589,1589,current,EUR,2017-05-28,active
1590,1590,current,GBP,2016-11-24,active
1591,1591,current,CAD,2020-04-09,active
1592,1592,current,EUR,2017-03-27,active
1593,1593,current,EUR,2018-09-18,active
1594,1594,current,CAD,2019-06-25,active
1595,1595,current,EUR,2016-12-15,active
1596,1596,current,AUD,2022-04-16,active
1597,1597,current,EUR,2024-03-28,active
1598,1598,current,CAD,2017-02-02,active
1599,1599,current,EUR,2017-09-14,active
1600,1600,current,GBP,2022-03-29,active
1601,1601,current,CAD,2018-08-16,active
1602,1602,current,AUD,2024-10-29,active
1603,1603,current,EUR,2017-06-28,suspended
1604,1604,current,EUR,2020-05-20,active
1605,1605,current,GBP,2021-07-31,active
1606,1606,current,EUR,2016-12-23,active
1607,1607,current,EUR,2016-10-19,active
1608,1608,current,GBP,2021-03-10,active
1609,1609,current,CAD,2024-10-01,active
1610,1610,current,EUR,2022-09-23,active
1611,1611,current,CAD,2020-08-23,active
1612,1612,current,EUR,2016-08-22,active
1613,1613,savings,EUR,2017-03-12,active
1614,1614,current,CAD,2020-05-23,active
1615,1615,current,CAD,2022-01-10,active
1616,1616,current,GBP,2023-02-17,active
1617,1617,current,EUR,2021-05-04,active
1618,1618,current,AUD,2023-10-21,active
1619,1619,current,GBP,2023-03-14,active
1620,1620,current,AUD,2018-01-04,active
1621,1621,current,AUD,2021-01-30,active
1622,1622,current,EUR,2016-08-22,active
1623,1623,current,AUD,2018-04-02,active
1624,1624,current,AUD,2017-10-22,active
1625,1625,savings,EUR,2016-02-11,closed
1626,1626,current,GBP,2022-11-05,active
1627,1627,current,GBP,2022-11-07,active
1628,1628,current,EUR,2016-01-19,active
1629,1629,current,EUR,2017-02-10,active
1630,1630,current,GBP,2017-11-13,active
1631,1631,current,CAD,2016-03-09,active
1632,1632,current,CAD,2017-06-02,active
1633,1633,current,AUD,2019-12-20,active
1634,1634,current,EUR,2017-12-30,active
1635,1635,current,AUD,2020-11-25,active
1636,1636,current,EUR,2019-03-08,active
1637,1637,current,EUR,2022-08-10,active
1638,1638,current,AUD,2024-10-30,active
1639,1639,current,AUD,2021-02-11,active
1640,1640,current,EUR,2024-08-15,active
1641,1641,current,EUR,2020-03-26,active
1642,1642,current,CAD,2019-06-16,active
1643,1643,current,AUD,2020-09-04,suspended
1644,1644,current,EUR,2023-10-16,active
1645,1645,current,AUD,2020-06-02,closed
1646,1646,current,AUD,2020-05-20,active
1647,1647,current,AUD,2020-11-29,active
1648,1648,current,GBP,2020-05-26,active
1649,1649,current,CAD,2019-08-27,suspended
1650,1650,current,AUD,2017-09-21,active
1651,1651,current,EUR,2020-04-21,active
1652,1652,current,EUR,2020-01-06,active
1653,1653,current,CAD,2018-10-12,active
1654,1654,current,CAD,2016-08-03,closed
1655,1655,current,GBP,2022-08-01,active
1656,1656,current,GBP,2018-01-13,active
1657,1657,current,CAD,2024-03-15,active
1658,1658,current,AUD,2018-05-19,active
1659,1659,current,CAD,2022-11-30,active
1660,1660,current,AUD,2016-05-09,suspended
1661,1661,current,CAD,2022-01-15,active
1662,1662,current,EUR,2021-10-26,active
1663,1663,current,EUR,2018-06-21,active
1664,1664,current,GBP,2017-06-13,active
1665,1665,current,EUR,2019-04-29,active
1666,1666,current,AUD,2023-02-09,active
1667,1667,current,EUR,2022-07-30,active
1668,1668,current,EUR,2024-10-06,active
1669,1669,current,CAD,2017-03-23,active
1670,1670,current,AUD,2016-09-23,active
1671,1671,current,EUR,2020-08-13,active
1672,1672,current,EUR,2023-12-24,active
1673,1673,savings,AUD,2018-10-07,active
1674,1674,current,CAD,2022-09-15,suspended
1675,1675,current,AUD,2019-08-14,active
1676,1676,current,GBP,2021-12-03,active
1677,1677,current,EUR,2022-06-12,active
1678,1678,current,AUD,2023-02-23,active
1679,1679,current,EUR,2017-06-06,active
1680,1680,current,GBP,2016-04-09,active
1681,1681,current,EUR,2024-08-14,active
1682,1682,current,EUR,2022-03-23,active
1683,1683,current,EUR,2019-05-26,active
1684,1684,current,AUD,2019-07-06,active
1685,1685,current,CAD,2022-07-30,active
1686,1686,savings,GBP,2020-12-03,closed
1687,1687,current,EUR,2022-04-26,active
1688,1688,current,EUR,2019-09-13,active
1689,1689,current,AUD,2017-07-26,active
1690,1690,current,CAD,2020-08-27,active
1691,1691,current,AUD,2021-05-20,active
1692,1692,current,EUR,2017-01-21,active
1693,1693,current,EUR,2018-09-21,active
1694,1694,current,CAD,2021-07-22,active
1695,1695,current,CAD,2023-01-30,active
1696,1696,current,EUR,2019-07-18,active
1697,1697,current,AUD,2021-09-02,active
1698,1698,current,EUR,2021-02-09,active
1699,1699,current,EUR,2019-02-16,active
1700,1700,current,EUR,2017-02-28,active
1701,1701,current,EUR,2021-03-14,active
1702,1702,current,EUR,2018-12-28,active
1703,1703,current,CAD,2020-06-26,active
1704,1704,current,AUD,2017-02-10,active
1705,1705,current,EUR,2018-02-15,active
1706,1706,current,AUD,2020-11-21,active
1707,1707,current,CAD,2017-04-20,active
1708,1708,current,CAD,2017-02-20,active
1709,1709,current,EUR,2020-06-10,active
1710,1710,current,EUR,2018-04-28,active
1711,1711,current,EUR,2022-07-13,active
1712,1712,current,EUR,2023-05-14,active
1713,1713,current,CAD,2016-02-29,active
1714,1714,current,GBP,2022-06-07,active
1715,1715,current,CAD,2016-01-15,active
1716,1716,current,EUR,2024-11-10,active
1717,1717,current,GBP,2024-07-20,suspended
1718,1718,current,EUR,2021-02-27,active
1719,1719,current,EUR,2024-09-22,active
1720,1720,savings,GBP,2022-10-29,active
1721,1721,current,EUR,2018-05-06,closed
1722,1722,current,EUR,2019-02-02,active
1723,1723,current,EUR,2021-12-06,active
1724,1724,current,EUR,2020-09-19,active
1725,1725,savings,GBP,2019-11-12,active
1726,1726,current,EUR,2019-11-28,active
1727,1727,current,EUR,2017-09-08,active
1728,1728,current,AUD,2021-06-30,active
1729,1729,current,GBP,2019-03-19,active
1730,1730,savings,AUD,2019-12-26,active
1731,1731,current,CAD,2019-03-18,active
1732,1732,savings,EUR,2016-12-27,active
1733,1733,current,EUR,2016-11-26,active
1734,1734,current,AUD,2020-05-01,active
1735,1735,current,EUR,2023-10-04,active
1736,1736,current,EUR,2018-03-30,active
1737,1737,current,GBP,2019-05-07,active
1738,1738,savings,AUD,2020-12-05,active
1739,1739,current,EUR,2020-01-11,active
1740,1740,current,AUD,2016-04-27,active
1741,1741,current,EUR,2017-08-09,active
1742,1742,current,CAD,2017-06-07,active
1743,1743,current,CAD,2020-06-10,active
1744,1744,current,AUD,2024-12-03,active
1745,1745,current,EUR,2019-10-03,active
1746,1746,current,AUD,2016-09-09,active
1747,1747,current,AUD,2023-02-25,active
1748,1748,current,CAD,2017-10-07,suspended
1749,1749,current,EUR,2021-06-22,active
1750,1750,current,GBP,2017-05-23,active
1751,1751,current,GBP,2021-09-06,active
1752,1752,current,GBP,2018-01-23,active
1753,1753,current,AUD,2022-09-24,active
1754,1754,current,EUR,2017-12-08,active
1755,1755,current,CAD,2019-03-31,active
1756,1756,savings,CAD,2020-05-10,active
1757,1757,current,AUD,2016-05-01,active
1758,1758,current,CAD,2016-05-26,active
1759,1759,current,EUR,2020-01-01,active
1760,1760,current,EUR,2017-10-18,active
1761,1761,current,AUD,2021-11-24,active
1762,1762,current,EUR,2019-10-22,active
1763,1763,current,GBP,2024-09-26,active
1764,1764,current,AUD,2023-06-23,active
1765,1765,current,AUD,2022-05-22,active
1766,1766,current,GBP,2021-05-10,active
1767,1767,current,EUR,2023-05-10,active
1768,1768,current,CAD,2022-05-19,active
1769,1769,current,EUR,2020-03-15,active
1770,1770,current,EUR,2021-01-19,suspended
1771,1771,current,AUD,2021-07-17,active
1772,1772,current,CAD,2021-12-06,suspended
1773,1773,savings,AUD,2017-02-06,active
1774,1774,current,EUR,2020-07-31,active
1775,1775,current,CAD,2021-12-10,active
1776,1776,current,AUD,2019-12-19,active
1777,1777,current,GBP,2024-06-22,active
1778,1778,savings,GBP,2023-09-15,active
1779,1779,current,AUD,2019-04-09,active
1780,1780,current,EUR,2017-10-16,active
1781,1781,current,AUD,2024-11-04,active
1782,1782,savings,EUR,2018-12-22,active
1783,1783,current,AUD,2016-09-01,active
1784,1784,current,EUR,2022-05-09,active
1785,1785,current,EUR,2022-03-27,active
1786,1786,current,EUR,2022-08-06,active
1787,1787,current,EUR,2018-08-03,closed
1788,1788,current,EUR,2022-04-21,active
1789,1789,current,EUR,2017-04-29,active
1790,1790,current,GBP,2018-03-08,active
1791,1791,current,CAD,2018-07-26,active
1792,1792,current,EUR,2016-07-06,active
1793,1793,current,EUR,2022-06-06,active
1794,1794,current,CAD,2018-10-03,closed
1795,1795,current,CAD,2016-11-21,active
1796,1796,current,AUD,2023-04-09,active
1797,1797,current,AUD,2023-05-30,active
1798,1798,current,AUD,2020-08-13,active
1799,1799,current,CAD,2017-07-16,active
1800,1800,current,CAD,2017-05-28,active
1801,1801,current,GBP,2024-07-01,active
1802,1802,current,AUD,2019-02-17,active
1803,1803,current,EUR,2020-04-23,active
1804,1804,current,CAD,2018-04-25,active
1805,1805,current,AUD,2016-05-15,closed
1806,1806,current,GBP,2019-10-19,active
1807,1807,current,EUR,2016-05-06,active
1808,1808,current,AUD,2016-08-22,active
1809,1809,current,EUR,2024-08-13,active
1810,1810,current,CAD,2023-05-12,active
1811,1811,savings,EUR,2018-10-26,active
1812,1812,current,AUD,2019-02-07,active
1813,1813,current,EUR,2022-01-27,active
1814,1814,current,CAD,2021-03-13,suspended
1815,1815,current,GBP,2018-06-13,active
1816,1816,current,GBP,2024-06-23,active
1817,1817,current,EUR,2017-12-17,active
1818,1818,current,GBP,2016-06-20,active
1819,1819,current,AUD,2018-07-30,active
1820,1820,current,CAD,2019-12-25,active
1821,1821,current,CAD,2021-09-20,active
1822,1822,current,CAD,2020-03-04,active
1823,1823,current,GBP,2019-03-10,active
1824,1824,current,EUR,2020-08-01,suspended
1825,1825,current,EUR,2016-05-19,active
1826,1826,current,GBP,2022-02-26,active
1827,1827,current,EUR,2022-11-08,active
1828,1828,current,GBP,2023-04-06,active
1829,1829,current,EUR,2017-05-20,active
1830,1830,current,GBP,2021-11-21,active
1831,1831,current,GBP,2018-10-04,active
1832,1832,current,EUR,2019-07-13,active
1833,1833,current,CAD,2024-04-25,active
1834,1834,current,EUR,2018-08-12,active
1835,1835,current,AUD,2022-10-21,active
1836,1836,current,GBP,2021-09-11,active
1837,1837,savings,CAD,2022-02-14,active
1838,1838,current,EUR,2017-02-20,active
1839,1839,current,AUD,2016-11-03,active
1840,1840,current,EUR,2024-01-02,active
1841,1841,current,CAD,2019-10-21,active
1842,1842,current,EUR,2019-12-25,active
1843,1843,current,AUD,2024-11-12,active
1844,1844,current,CAD,2020-04-08,active
1845,1845,current,EUR,2017-02-05,closed
1846,1846,current,GBP,2021-11-22,active
1847,1847,current,AUD,2019-08-07,active
1848,1848,current,EUR,2023-03-22,active
1849,1849,current,CAD,2017-11-21,active
1850,1850,current,AUD,2023-07-31,active
1851,1851,savings,EUR,2016-06-22,active
1852,1852,current,EUR,2016-04-16,closed
1853,1853,current,EUR,2021-01-05,active
1854,1854,current,EUR,2017-05-16,active
1855,1855,current,CAD,2023-11-10,active
1856,1856,current,EUR,2016-11-06,active
1857,1857,current,EUR,2021-11-15,active
1858,1858,current,EUR,2022-01-21,active
1859,1859,current,CAD,2021-04-20,active
1860,1860,current,EUR,2018-04-03,active
1861,1861,current,AUD,2023-03-26,active
1862,1862,current,CAD,2020-09-16,active
1863,1863,current,EUR,2019-12-12,active
1864,1864,current,GBP,2018-08-20,active
1865,1865,current,AUD,2020-01-10,active
1866,1866,current,CAD,2023-08-20,active
1867,1867,current,EUR,2019-07-30,active
1868,1868,current,CAD,2021-06-11,active
1869,1869,current,EUR,2016-05-01,active
1870,1870,current,EUR,2022-05-12,active
1871,1871,savings,AUD,2024-05-22,active
1872,1872,current,EUR,2016-07-11,active
1873,1873,current,AUD,2018-04-28,active
1874,1874,current,EUR,2017-06-27,active
1875,1875,current,EUR,2024-12-11,active
1876,1876,current,EUR,2018-08-10,active
1877,1877,current,CAD,2018-10-22,active
1878,1878,current,GBP,2022-08-04,active
1879,1879,current,CAD,2018-10-17,active
1880,1880,current,EUR,2020-07-11,active
1881,1881,current,CAD,2016-11-12,active
1882,1882,current,EUR,2017-09-18,active
1883,1883,savings,CAD,2024-05-22,active
1884,1884,current,CAD,2021-04-25,closed
1885,1885,current,CAD,2019-02-26,closed
1886,1886,current,AUD,2021-08-09,active
1887,1887,current,AUD,2018-07-12,active
1888,1888,current,EUR,2021-05-09,active
1889,1889,savings,CAD,2022-06-21,active
1890,1890,current,AUD,2017-08-03,active
1891,1891,current,AUD,2023-05-02,active
1892,1892,current,EUR,2022-03-17,active
1893,1893,current,GBP,2021-06-30,suspended
1894,1894,savings,EUR,2021-06-03,active
1895,1895,current,EUR,2017-03-10,suspended
1896,1896,current,CAD,2021-11-04,active
1897,1897,current,AUD,2024-10-21,active
1898,1898,current,EUR,2020-06-28,active
1899,1899,current,EUR,2023-07-13,active
1900,1900,current,EUR,2021-11-17,active
1901,1901,current,EUR,2018-10-27,active
1902,1902,savings,CAD,2022-10-16,active
1903,1903,current,CAD,2021-04-19,closed
1904,1904,current,EUR,2017-01-31,active
1905,1905,current,GBP,2017-10-03,active
1906,1906,current,EUR,2016-02-28,active
1907,1907,current,EUR,2023-10-02,active
1908,1908,current,AUD,2016-11-20,active
1909,1909,current,EUR,2017-03-04,active
1910,1910,current,EUR,2019-02-21,active
1911,1911,current,EUR,2023-03-17,active
1912,1912,current,EUR,2017-08-11,closed
1913,1913,current,CAD,2022-04-24,active
1914,1914,current,AUD,2017-05-01,active
1915,1915,current,EUR,2024-01-02,active
1916,1916,current,EUR,2024-06-26,active
1917,1917,current,EUR,2020-11-18,active
1918,1918,current,EUR,2023-12-19,active
1919,1919,current,EUR,2024-02-24,active
1920,1920,current,AUD,2016-01-23,active
1921,1921,current,EUR,2023-07-24,active
1922,1922,current,GBP,2018-11-12,active
1923,1923,current,AUD,2021-04-22,active
1924,1924,current,AUD,2017-03-14,active
1925,1925,current,EUR,2018-01-03,active
1926,1926,current,AUD,2022-05-02,active
1927,1927,current,EUR,2018-03-17,active
1928,1928,current,CAD,2019-07-28,active
1929,1929,current,EUR,2024-04-12,suspended
1930,1930,current,GBP,2022-07-04,active
1931,1931,current,EUR,2016-01-19,active
1932,1932,savings,GBP,2016-12-30,active
1933,1933,current,GBP,2016-12-28,active
1934,1934,current,EUR,2022-01-30,active
1935,1935,current,EUR,2018-02-24,active
1936,1936,current,CAD,2019-03-24,active
1937,1937,current,CAD,2018-02-20,active
1938,1938,current,EUR,2020-12-05,active
1939,1939,current,AUD,2021-11-14,active
1940,1940,current,EUR,2020-05-02,active
1941,1941,current,EUR,2019-03-31,active
1942,1942,current,AUD,2023-07-13,active
1943,1943,current,AUD,2017-04-23,active
1944,1944,current,AUD,2019-08-26,active
1945,1945,current,EUR,2017-03-13,active
1946,1946,current,GBP,2019-10-04,active
1947,1947,current,CAD,2021-04-08,active
1948,1948,current,AUD,2020-11-30,active
1949,1949,current,CAD,2023-11-29,active
1950,1950,current,EUR,2021-09-08,active
1951,1951,current,CAD,2016-05-05,active
1952,1952,current,CAD,2021-11-21,active
1953,1953,current,GBP,2016-08-14,active
1954,1954,current,EUR,2024-08-01,active
1955,1955,current,CAD,2019-06-18,active
1956,1956,current,CAD,2018-10-06,active
1957,1957,savings,EUR,2017-10-26,active
1958,1958,current,EUR,2021-05-01,active
1959,1959,current,GBP,2022-07-25,active
1960,1960,savings,EUR,2022-06-01,active
1961,1961,current,CAD,2018-08-22,active
1962,1962,current,EUR,2020-06-30,active
1963,1963,current,GBP,2018-05-22,active
1964,1964,current,GBP,2017-09-09,active
1965,1965,savings,CAD,2020-10-06,active
1966,1966,current,AUD,2016-12-12,active
1967,1967,current,EUR,2016-02-23,active
1968,1968,current,AUD,2016-02-29,active
1969,1969,savings,AUD,2020-10-09,active
1970,1970,current,EUR,2024-07-16,active
1971,1971,current,EUR,2024-05-30,active
1972,1972,current,GBP,2018-12-06,active
1973,1973,current,EUR,2016-07-17,active
1974,1974,current,EUR,2016-07-29,closed
1975,1975,current,CAD,2019-04-30,active
1976,1976,current,CAD,2020-09-14,active
1977,1977,current,EUR,2020-01-13,active
1978,1978,current,CAD,2022-01-06,active
1979,1979,current,EUR,2019-02-11,active
1980,1980,current,EUR,2024-08-06,closed
1981,1981,current,EUR,2022-08-03,closed
1982,1982,current,EUR,2024-05-25,active
1983,1983,savings,EUR,2023-02-07,active
1984,1984,current,AUD,2022-04-23,active
1985,1985,savings,AUD,2023-01-25,active
1986,1986,current,EUR,2019-01-30,closed
1987,1987,current,EUR,2019-02-11,closed
1988,1988,current,EUR,2018-06-27,active
1989,1989,savings,CAD,2021-03-13,active
1990,1990,current,CAD,2016-03-02,active
1991,1991,current,EUR,2021-08-13,active
1992,1992,current,EUR,2016-05-25,active
1993,1993,current,GBP,2019-11-23,active
1994,1994,current,AUD,2019-07-27,active
1995,1995,current,GBP,2019-12-14,active
1996,1996,current,EUR,2023-08-07,active
1997,1997,current,EUR,2017-06-02,active
1998,1998,current,EUR,2018-01-14,active
1999,1999,current,EUR,2024-04-17,active
2000,2000,current,CAD,2017-03-14,active
2001,2001,current,AUD,2021-08-30,active
2002,2002,current,EUR,2021-03-23,active
2003,2003,current,EUR,2019-04-06,active
2004,2004,current,EUR,2017-02-16,active
2005,2005,current,EUR,2016-05-01,active
2006,2006,current,EUR,2023-11-04,active
2007,2007,current,EUR,2024-03-12,active
2008,2008,current,GBP,2018-09-13,active
2009,2009,current,CAD,2016-05-19,active
2010,2010,current,CAD,2018-09-19,active
2011,2011,current,EUR,2022-12-05,active
2012,2012,current,AUD,2020-07-28,active
2013,2013,current,GBP,2018-12-11,active
2014,2014,current,EUR,2022-01-02,active
2015,2015,current,EUR,2020-06-30,active
2016,2016,current,GBP,2021-09-27,active
2017,2017,current,EUR,2018-12-17,active
2018,2018,savings,EUR,2024-02-02,active
2019,2019,current,AUD,2019-09-18,active
2020,2020,current,EUR,2018-10-09,closed
2021,2021,current,EUR,2021-01-20,active
2022,2022,current,GBP,2022-11-13,active
2023,2023,current,AUD,2022-11-22,active
2024,2024,current,EUR,2017-06-21,active
2025,2025,current,GBP,2016-05-07,active
2026,2026,current,GBP,2020-02-10,active
2027,2027,current,EUR,2017-12-01,active
2028,2028,current,AUD,2021-11-26,active
2029,2029,current,AUD,2021-11-25,active
2030,2030,current,CAD,2016-10-02,active
2031,2031,current,CAD,2017-05-11,active
2032,2032,current,AUD,2024-04-10,active
2033,2033,current,CAD,2022-05-09,active
2034,2034,current,EUR,2018-10-08,active
2035,2035,current,GBP,2023-07-12,active
2036,2036,savings,EUR,2017-07-06,active
2037,2037,current,EUR,2021-05-17,active
2038,2038,savings,EUR,2016-10-26,active
2039,2039,current,GBP,2018-06-12,active
2040,2040,current,GBP,2017-04-06,active
2041,2041,current,EUR,2021-02-12,active
2042,2042,current,AUD,2018-01-05,active
2043,2043,current,CAD,2018-12-20,active
2044,2044,current,CAD,2019-06-20,active
2045,2045,current,EUR,2016-01-27,closed
2046,2046,current,AUD,2020-11-05,active
2047,2047,current,EUR,2018-01-27,active
2048,2048,current,CAD,2019-06-17,active
2049,2049,current,GBP,2018-05-24,active
2050,2050,current,GBP,2022-11-18,active
2051,2051,savings,AUD,2019-01-11,active
2052,2052,current,EUR,2024-02-08,active
2053,2053,current,EUR,2020-10-08,active
2054,2054,current,GBP,2023-12-31,active
2055,2055,current,CAD,2023-02-28,suspended
2056,2056,current,CAD,2020-04-18,active
2057,2057,savings,GBP,2021-09-05,active
2058,2058,current,GBP,2021-05-21,active
2059,2059,current,EUR,2024-03-18,active
2060,2060,current,CAD,2020-03-24,active
2061,2061,savings,CAD,2020-12-02,active
2062,2062,current,GBP,2022-11-18,active
2063,2063,current,AUD,2018-12-16,active
2064,2064,current,EUR,2016-10-17,active
2065,2065,savings,EUR,2023-03-20,active
2066,2066,current,GBP,2018-11-27,active
2067,2067,current,GBP,2020-08-11,active
2068,2068,current,EUR,2024-11-15,active
2069,2069,current,EUR,2024-10-11,active
2070,2070,current,GBP,2017-04-06,active
2071,2071,current,EUR,2021-04-13,active
2072,2072,current,GBP,2019-02-14,active
2073,2073,savings,EUR,2019-09-29,active
2074,2074,current,CAD,2020-11-13,active
2075,2075,current,CAD,2020-05-25,active
2076,2076,current,AUD,2018-07-03,active
2077,2077,current,AUD,2018-04-04,active
2078,2078,current,CAD,2022-11-11,active
2079,2079,current,GBP,2016-06-16,active
2080,2080,current,EUR,2019-07-20,active
2081,2081,current,EUR,2019-01-24,active
2082,2082,current,CAD,2020-12-17,active
2083,2083,current,AUD,2023-03-13,suspended
2084,2084,current,CAD,2017-05-27,active
2085,2085,savings,EUR,2022-09-15,active
2086,2086,current,EUR,2018-02-27,active
2087,2087,current,AUD,2021-09-19,active
2088,2088,current,GBP,2022-07-27,active
2089,2089,current,AUD,2023-09-10,active
2090,2090,current,CAD,2023-11-06,active
2091,2091,current,GBP,2017-08-02,active
2092,2092,current,CAD,2023-09-07,active
2093,2093,current,GBP,2023-01-12,active
2094,2094,current,GBP,2020-07-18,active
2095,2095,current,EUR,2016-04-16,active
2096,2096,current,GBP,2024-04-27,active
2097,2097,current,AUD,2016-03-13,active
2098,2098,current,AUD,2021-05-15,active
2099,2099,current,EUR,2016-01-12,active
2100,2100,current,EUR,2020-02-07,active
2101,2101,current,GBP,2018-03-27,active
2102,2102,current,EUR,2016-12-11,active
2103,2103,current,CAD,2018-10-23,active
2104,2104,current,EUR,2021-03-10,active
2105,2105,current,AUD,2022-10-08,active
2106,2106,current,EUR,2022-02-10,active
2107,2107,savings,GBP,2021-05-30,active
2108,2108,current,CAD,2024-04-14,active
2109,2109,current,AUD,2019-03-02,active
2110,2110,current,CAD,2023-01-25,active
2111,2111,current,AUD,2019-11-14,active
2112,2112,current,EUR,2016-04-20,active
2113,2113,current,EUR,2017-04-03,active
2114,2114,current,GBP,2021-02-09,active
2115,2115,current,EUR,2023-01-15,closed
2116,2116,current,GBP,2016-03-14,active
2117,2117,current,AUD,2024-01-14,active
2118,2118,current,CAD,2017-11-22,active
2119,2119,current,CAD,2022-11-17,active
2120,2120,current,CAD,2020-07-09,active
2121,2121,current,EUR,2017-07-12,active
2122,2122,current,GBP,2023-10-05,active
2123,2123,current,GBP,2022-10-23,active
2124,2124,current,EUR,2023-05-23,active
2125,2125,current,AUD,2019-12-13,active
2126,2126,current,GBP,2017-09-18,active
2127,2127,current,CAD,2017-05-08,active
2128,2128,current,EUR,2018-08-13,active
2129,2129,current,CAD,2024-07-30,active
2130,2130,current,EUR,2022-03-25,active
2131,2131,current,AUD,2021-06-21,active
2132,2132,current,GBP,2024-01-19,active
2133,2133,current,EUR,2016-08-29,active
2134,2134,current,CAD,2024-11-08,active
2135,2135,current,CAD,2021-06-16,active
2136,2136,current,AUD,2017-03-04,active
2137,2137,current,AUD,2020-03-26,active
2138,2138,current,EUR,2017-03-30,active
2139,2139,current,EUR,2017-05-05,active
2140,2140,current,AUD,2022-04-02,active
2141,2141,savings,AUD,2020-07-02,active
2142,2142,current,EUR,2016-04-28,active
2143,2143,current,EUR,2019-04-23,active
2144,2144,current,EUR,2023-06-18,active
2145,2145,current,EUR,2016-07-23,active
2146,2146,current,EUR,2022-12-04,active
2147,2147,current,CAD,2019-12-05,active
2148,2148,current,AUD,2019-12-11,active
2149,2149,current,EUR,2019-06-09,closed
2150,2150,current,EUR,2021-08-03,active
2151,2151,current,CAD,2024-09-22,active
2152,2152,current,EUR,2023-11-06,active
2153,2153,current,AUD,2019-04-28,active
2154,2154,savings,CAD,2018-04-02,active
2155,2155,current,EUR,2018-12-21,active
2156,2156,current,CAD,2020-05-02,active
2157,2157,current,EUR,2022-06-29,active
2158,2158,current,CAD,2019-01-26,active
2159,2159,current,EUR,2018-07-15,active
2160,2160,savings,GBP,2016-03-28,active
2161,2161,current,AUD,2018-02-26,active
2162,2162,current,AUD,2020-05-05,active
2163,2163,current,EUR,2023-06-25,active
2164,2164,current,CAD,2017-07-18,active
2165,2165,current,EUR,2022-09-25,active
2166,2166,savings,EUR,2018-07-24,active
2167,2167,current,EUR,2018-07-06,active
2168,2168,current,EUR,2021-08-10,active
2169,2169,current,CAD,2021-01-11,active
2170,2170,current,CAD,2022-11-06,active
2171,2171,current,AUD,2024-10-14,active
2172,2172,current,CAD,2019-06-29,active
2173,2173,current,CAD,2021-09-21,active
2174,2174,current,AUD,2019-07-16,active
2175,2175,current,EUR,2017-05-18,active
2176,2176,current,GBP,2017-10-25,active
2177,2177,current,EUR,2023-11-17,active
2178,2178,current,CAD,2020-08-01,active
2179,2179,current,EUR,2019-07-03,active
2180,2180,current,EUR,2018-02-06,active
2181,2181,current,CAD,2016-12-14,active
2182,2182,current,AUD,2016-09-19,active
2183,2183,current,CAD,2021-12-07,active
2184,2184,savings,EUR,2022-12-25,active
2185,2185,current,CAD,2017-09-30,active
2186,2186,current,EUR,2023-01-11,active
2187,2187,savings,EUR,2022-08-14,active
2188,2188,current,EUR,2017-10-08,active
2189,2189,current,EUR,2020-05-25,active
2190,2190,current,AUD,2020-02-12,active
2191,2191,current,GBP,2020-01-17,active
2192,2192,current,EUR,2023-02-17,active
2193,2193,current,CAD,2020-07-25,active
2194,2194,current,GBP,2021-06-14,active
2195,2195,current,EUR,2022-04-28,active
2196,2196,current,EUR,2023-01-03,active
2197,2197,current,GBP,2018-02-23,active
2198,2198,savings,EUR,2020-11-20,active
2199,2199,savings,GBP,2016-07-05,active
2200,2200,current,GBP,2023-10-22,closed
2201,2201,current,EUR,2020-04-23,active
2202,2202,current,EUR,2018-09-24,active
2203,2203,current,EUR,2023-04-20,active
2204,2204,current,GBP,2018-11-23,active
2205,2205,current,CAD,2023-10-06,active
2206,2206,current,CAD,2020-08-30,active
2207,2207,current,EUR,2021-07-02,active
2208,2208,current,EUR,2021-01-17,active
2209,2209,current,GBP,2017-10-23,active
2210,2210,current,GBP,2018-11-30,active
2211,2211,current,EUR,2019-03-28,active
2212,2212,current,GBP,2018-04-07,active
2213,2213,current,AUD,2016-06-08,active
2214,2214,current,CAD,2023-01-21,active
2215,2215,current,AUD,2017-08-10,active
2216,2216,current,EUR,2018-02-13,active
2217,2217,current,GBP,2017-10-01,closed
2218,2218,savings,CAD,2016-08-24,active
2219,2219,current,CAD,2018-01-29,active
2220,2220,savings,EUR,2020-12-11,suspended
2221,2221,current,AUD,2017-08-16,active
2222,2222,current,GBP,2021-11-05,active
2223,2223,current,GBP,2024-02-12,active
2224,2224,current,GBP,2016-09-02,active
2225,2225,current,GBP,2016-06-04,active
2226,2226,current,EUR,2024-03-14,active
2227,2227,current,EUR,2018-11-03,active
2228,2228,current,AUD,2024-07-31,active
2229,2229,current,EUR,2020-05-15,active
2230,2230,current,EUR,2019-05-26,active
2231,2231,current,EUR,2018-07-31,active
2232,2232,current,EUR,2020-07-30,active
2233,2233,current,EUR,2020-05-22,active
2234,2234,current,EUR,2021-12-24,active
2235,2235,current,GBP,2020-02-06,active
2236,2236,current,EUR,2019-06-25,active
2237,2237,current,GBP,2019-05-25,active
2238,2238,current,AUD,2019-10-21,closed
2239,2239,current,CAD,2018-01-13,active
2240,2240,current,CAD,2017-12-19,active
2241,2241,current,AUD,2020-07-08,active
2242,2242,current,GBP,2018-10-10,active
2243,2243,current,EUR,2021-12-14,active
2244,2244,current,EUR,2022-07-08,active
2245,2245,current,CAD,2020-01-06,active
2246,2246,current,CAD,2023-10-20,active
2247,2247,current,GBP,2017-02-23,active
2248,2248,current,EUR,2017-05-10,active
2249,2249,current,GBP,2021-04-17,active
2250,2250,current,EUR,2017-04-23,active
2251,2251,current,AUD,2024-09-04,active
2252,2252,current,EUR,2024-06-27,active
2253,2253,current,EUR,2022-05-29,active
2254,2254,current,EUR,2018-03-26,active
2255,2255,current,EUR,2022-06-23,active
2256,2256,current,EUR,2017-12-04,active
2257,2257,current,AUD,2022-02-23,active
2258,2258,current,EUR,2021-01-23,active
2259,2259,current,CAD,2024-07-27,active
2260,2260,current,EUR,2022-02-09,active
2261,2261,current,CAD,2019-01-26,active
2262,2262,current,EUR,2024-05-28,active
2263,2263,current,EUR,2021-07-05,active
2264,2264,current,AUD,2019-08-08,active
2265,2265,current,GBP,2017-03-25,active
2266,2266,current,GBP,2018-08-29,active
2267,2267,savings,GBP,2019-11-04,active
2268,2268,current,GBP,2021-03-16,closed
2269,2269,current,EUR,2016-08-25,active
2270,2270,savings,GBP,2017-01-21,active
2271,2271,current,AUD,2018-05-19,active
2272,2272,current,CAD,2021-05-16,active
2273,2273,current,AUD,2024-08-28,active
2274,2274,current,GBP,2016-02-04,active
2275,2275,current,GBP,2018-02-28,active
2276,2276,current,GBP,2019-08-12,active
2277,2277,current,CAD,2023-09-04,active
2278,2278,current,AUD,2023-05-16,active
2279,2279,current,EUR,2016-09-16,active
2280,2280,current,EUR,2020-11-04,active
2281,2281,savings,EUR,2017-01-10,active
2282,2282,current,EUR,2016-09-26,active
2283,2283,current,CAD,2021-05-30,active
2284,2284,current,AUD,2018-02-26,active
2285,2285,current,EUR,2021-03-17,active
2286,2286,current,EUR,2021-03-24,active
2287,2287,current,EUR,2016-04-19,active
2288,2288,current,CAD,2022-11-14,active
2289,2289,current,EUR,2018-02-06,active
2290,2290,current,AUD,2018-03-24,active
2291,2291,current,GBP,2023-07-25,active
2292,2292,current,AUD,2022-11-25,active
2293,2293,current,GBP,2024-09-10,active
2294,2294,current,AUD,2021-07-09,active
2295,2295,savings,GBP,2020-10-31,active
2296,2296,current,AUD,2020-03-12,active
2297,2297,current,CAD,2022-05-13,active
2298,2298,current,EUR,2019-07-16,active
2299,2299,savings,EUR,2019-09-29,active
2300,2300,current,EUR,2018-08-06,active
2301,2301,current,EUR,2021-04-18,active
2302,2302,current,EUR,2017-09-06,active
2303,2303,current,AUD,2018-12-28,active
2304,2304,current,GBP,2022-11-03,active
2305,2305,current,CAD,2020-01-07,active
2306,2306,current,GBP,2019-08-14,active
2307,2307,current,CAD,2018-02-22,active
2308,2308,current,CAD,2023-02-05,active
2309,2309,current,CAD,2022-01-31,active
2310,2310,current,GBP,2020-09-28,active
2311,2311,current,EUR,2020-04-22,active
2312,2312,current,EUR,2019-02-06,active
2313,2313,current,EUR,2017-06-11,suspended
2314,2314,current,AUD,2021-05-18,active
2315,2315,current,EUR,2020-11-18,active
2316,2316,current,CAD,2022-03-14,active
2317,2317,current,GBP,2017-07-04,active
2318,2318,current,GBP,2018-08-26,active
2319,2319,current,CAD,2019-11-12,active
2320,2320,current,AUD,2020-06-14,active
2321,2321,current,GBP,2017-10-24,active
2322,2322,current,CAD,2016-04-23,active
2323,2323,savings,CAD,2018-06-19,active
2324,2324,current,AUD,2020-06-19,active
2325,2325,current,AUD,2020-09-06,active
2326,2326,current,AUD,2021-07-18,active
2327,2327,current,CAD,2017-11-06,active
2328,2328,current,GBP,2019-03-05,active
2329,2329,current,CAD,2023-06-16,active
2330,2330,current,GBP,2016-05-11,active
2331,2331,savings,AUD,2018-02-06,active
2332,2332,savings,GBP,2023-03-02,active
2333,2333,current,EUR,2019-06-02,active
2334,2334,current,EUR,2018-11-06,active
2335,2335,current,GBP,2023-11-16,active
2336,2336,current,CAD,2024-09-22,active
2337,2337,current,EUR,2017-03-27,active
2338,2338,current,EUR,2023-09-16,closed
2339,2339,current,GBP,2018-02-25,active
2340,2340,current,CAD,2016-04-08,active
2341,2341,current,GBP,2021-02-19,active
2342,2342,current,EUR,2016-05-05,active
2343,2343,current,GBP,2018-08-30,active
2344,2344,current,EUR,2016-04-15,active
2345,2345,savings,CAD,2016-10-03,active
2346,2346,current,GBP,2021-03-26,active
2347,2347,current,EUR,2019-03-06,active
2348,2348,current,CAD,2019-01-27,active
2349,2349,current,EUR,2024-06-15,active
2350,2350,current,EUR,2023-08-23,active
2351,2351,current,AUD,2020-03-09,suspended
2352,2352,current,CAD,2020-07-25,active
2353,2353,savings,AUD,2019-04-23,active
2354,2354,current,EUR,2020-08-07,active
2355,2355,current,EUR,2024-08-20,active
2356,2356,current,EUR,2017-08-30,active
2357,2357,current,EUR,2017-08-02,active
2358,2358,current,EUR,2020-09-24,active
2359,2359,current,GBP,2016-01-28,suspended
2360,2360,current,EUR,2023-11-20,active
2361,2361,current,CAD,2024-03-29,active
2362,2362,current,EUR,2021-02-06,active
2363,2363,current,EUR,2024-10-18,active
2364,2364,current,CAD,2018-05-16,active
2365,2365,current,EUR,2016-05-09,active
2366,2366,current,EUR,2016-10-13,active
2367,2367,current,EUR,2016-02-21,active
2368,2368,current,CAD,2020-10-21,active
2369,2369,current,EUR,2021-07-16,active
2370,2370,current,CAD,2021-05-01,active
2371,2371,current,AUD,2019-12-08,active
2372,2372,current,AUD,2021-07-02,active
2373,2373,current,CAD,2018-10-13,active
2374,2374,current,EUR,2019-10-17,active
2375,2375,current,CAD,2021-02-02,active
2376,2376,current,GBP,2016-05-02,active
2377,2377,current,AUD,2020-05-16,active
2378,2378,current,EUR,2017-05-01,active
2379,2379,current,EUR,2017-11-04,active
2380,2380,current,AUD,2016-11-13,active
2381,2381,current,GBP,2023-01-05,active
2382,2382,current,CAD,2021-07-16,active
2383,2383,current,EUR,2022-08-09,active
2384,2384,current,AUD,2020-02-21,active
2385,2385,current,EUR,2022-08-16,active
2386,2386,current,EUR,2016-12-31,active
2387,2387,current,AUD,2018-09-29,active
2388,2388,current,GBP,2018-02-14,active
2389,2389,savings,EUR,2018-12-13,active
2390,2390,current,CAD,2016-06-16,active
2391,2391,current,GBP,2022-01-31,active
2392,2392,savings,AUD,2021-12-27,active
2393,2393,current,GBP,2024-09-11,active
2394,2394,current,EUR,2016-10-17,active
2395,2395,current,AUD,2022-06-03,active
2396,2396,savings,GBP,2020-09-01,active
2397,2397,current,CAD,2016-09-10,active
2398,2398,savings,CAD,2018-03-07,active
2399,2399,current,AUD,2022-09-30,active
2400,2400,current,AUD,2022-12-03,active
2401,2401,current,GBP,2020-09-09,active
2402,2402,current,EUR,2016-06-19,active
2403,2403,savings,AUD,2023-12-14,active
2404,2404,current,CAD,2024-11-21,active
2405,2405,current,AUD,2017-07-18,active
2406,2406,current,AUD,2021-10-28,active
2407,2407,savings,EUR,2023-08-20,active
2408,2408,current,AUD,2019-12-03,active
2409,2409,current,CAD,2019-02-20,active
2410,2410,current,EUR,2023-09-06,active
2411,2411,current,AUD,2021-03-19,suspended
2412,2412,current,EUR,2023-05-21,closed
2413,2413,current,GBP,2021-07-29,active
2414,2414,savings,EUR,2024-08-05,active
2415,2415,current,CAD,2024-03-19,active
2416,2416,current,AUD,2023-07-30,active
2417,2417,current,EUR,2021-07-08,active
2418,2418,current,CAD,2018-01-18,active
2419,2419,current,EUR,2016-10-22,closed
2420,2420,current,CAD,2024-05-30,active
2421,2421,current,GBP,2019-02-18,active
2422,2422,current,CAD,2019-01-04,active
2423,2423,current,CAD,2019-07-22,active
2424,2424,current,EUR,2016-03-19,active
2425,2425,current,EUR,2022-09-26,active
2426,2426,current,AUD,2017-12-20,active
2427,2427,current,GBP,2020-11-26,suspended
2428,2428,current,CAD,2017-02-26,active
2429,2429,current,AUD,2020-04-23,active
2430,2430,current,GBP,2024-10-07,active
2431,2431,current,GBP,2020-05-12,active
2432,2432,current,CAD,2024-02-22,active
2433,2433,current,CAD,2019-04-07,active
2434,2434,current,EUR,2022-05-26,active
2435,2435,current,CAD,2021-07-06,active
2436,2436,current,AUD,2019-12-09,active
2437,2437,current,EUR,2017-12-03,active
2438,2438,current,AUD,2018-03-19,active
2439,2439,current,GBP,2017-10-20,active
2440,2440,current,GBP,2018-11-19,active
2441,2441,current,EUR,2018-02-14,active
2442,2442,current,AUD,2017-01-22,active
2443,2443,current,EUR,2023-01-04,active
2444,2444,current,GBP,2018-03-14,active
2445,2445,savings,EUR,2018-01-11,active
2446,2446,current,AUD,2018-01-15,active
2447,2447,current,EUR,2017-12-10,active
2448,2448,current,GBP,2016-08-27,active
2449,2449,current,AUD,2023-07-26,active
2450,2450,current,EUR,2016-06-26,active
2451,2451,current,GBP,2021-07-10,closed
2452,2452,current,AUD,2021-11-30,active
2453,2453,current,AUD,2024-04-25,active
2454,2454,current,GBP,2020-02-16,active
2455,2455,current,EUR,2019-05-14,active
2456,2456,current,GBP,2020-11-29,active
2457,2457,current,AUD,2017-08-02,active
2458,2458,savings,CAD,2018-07-30,active
2459,2459,current,CAD,2024-08-16,active
2460,2460,current,GBP,2017-03-02,active
2461,2461,current,AUD,2020-11-18,active
2462,2462,current,EUR,2016-06-25,active
2463,2463,current,AUD,2018-03-03,active
2464,2464,current,GBP,2019-01-19,active
2465,2465,savings,AUD,2021-01-19,active
2466,2466,current,AUD,2019-03-13,active
2467,2467,current,AUD,2024-10-01,active
2468,2468,current,AUD,2024-11-04,active
2469,2469,current,EUR,2020-12-14,active
2470,2470,savings,GBP,2023-02-15,active
2471,2471,current,GBP,2017-07-11,active
2472,2472,current,AUD,2022-11-18,active
2473,2473,current,AUD,2016-06-03,active
2474,2474,current,GBP,2017-11-18,active
2475,2475,current,GBP,2019-11-07,active
2476,2476,current,EUR,2019-09-24,active
2477,2477,current,GBP,2021-11-12,active
2478,2478,current,EUR,2016-04-04,active
2479,2479,savings,EUR,2020-07-15,active
2480,2480,current,EUR,2017-09-12,active
2481,2481,current,CAD,2024-11-12,active
2482,2482,current,CAD,2017-11-08,active
2483,2483,current,GBP,2016-08-31,active
2484,2484,savings,GBP,2016-05-10,active
2485,2485,current,CAD,2021-07-18,active
2486,2486,current,AUD,2018-09-01,active
2487,2487,current,GBP,2019-09-06,active
2488,2488,current,GBP,2016-02-09,active
2489,2489,current,GBP,2022-01-12,active
2490,2490,current,EUR,2020-01-04,active
2491,2491,current,GBP,2017-02-25,active
2492,2492,current,EUR,2018-03-07,active
2493,2493,current,EUR,2019-01-09,active
2494,2494,current,AUD,2023-08-07,active
2495,2495,current,GBP,2024-11-26,active
2496,2496,current,GBP,2022-12-04,active
2497,2497,current,AUD,2020-06-30,active
2498,2498,savings,EUR,2019-08-30,active
2499,2499,current,EUR,2016-09-07,active
2500,2500,current,GBP,2017-09-12,active
2501,2501,current,CAD,2018-09-15,active
2502,2502,current,GBP,2019-06-03,active
2503,2503,current,CAD,2017-10-16,active
2504,2504,current,GBP,2023-06-11,active
2505,2505,current,EUR,2023-11-01,active
2506,2506,current,EUR,2018-02-04,active
2507,2507,current,EUR,2021-06-25,active
2508,2508,current,GBP,2021-10-13,active
2509,2509,current,EUR,2016-02-11,active
2510,2510,current,EUR,2016-01-22,active
2511,2511,current,EUR,2017-09-07,active
2512,2512,current,EUR,2021-12-18,closed
2513,2513,current,AUD,2023-02-07,active
2514,2514,current,AUD,2023-08-26,active
2515,2515,current,CAD,2016-09-21,active
2516,2516,current,EUR,2023-04-02,active
2517,2517,current,GBP,2018-11-06,active
2518,2518,current,AUD,2021-01-15,active
2519,2519,current,GBP,2019-01-26,closed
2520,2520,current,EUR,2019-06-11,active
2521,2521,current,AUD,2021-12-31,active
2522,2522,current,GBP,2020-05-13,active
2523,2523,savings,AUD,2020-10-29,active
2524,2524,current,EUR,2017-06-22,active
2525,2525,current,GBP,2018-11-25,active
2526,2526,current,EUR,2019-04-04,active
2527,2527,savings,AUD,2017-10-11,closed
2528,2528,current,GBP,2019-01-15,active
2529,2529,current,AUD,2022-01-08,active
2530,2530,current,EUR,2016-12-08,active
2531,2531,current,GBP,2022-12-11,closed
2532,2532,current,AUD,2019-12-24,closed
2533,2533,current,EUR,2021-10-03,active
2534,2534,current,AUD,2021-06-17,active
2535,2535,current,GBP,2024-10-10,active
2536,2536,current,CAD,2022-03-21,active
2537,2537,current,EUR,2023-12-04,active
2538,2538,savings,GBP,2022-09-07,active
2539,2539,current,AUD,2022-09-16,active
2540,2540,current,CAD,2020-10-23,active
2541,2541,current,GBP,2017-07-23,active
2542,2542,current,EUR,2020-08-23,active
2543,2543,current,GBP,2019-05-16,active
2544,2544,current,CAD,2017-01-20,active
2545,2545,current,AUD,2017-04-09,active
2546,2546,current,CAD,2022-06-12,active
2547,2547,current,AUD,2016-11-26,active
2548,2548,current,AUD,2019-05-05,active
2549,2549,current,GBP,2016-06-20,active
2550,2550,current,GBP,2016-08-07,active
2551,2551,savings,EUR,2021-05-11,active
2552,2552,current,AUD,2017-10-13,active
2553,2553,current,EUR,2017-12-04,active
2554,2554,current,EUR,2016-03-11,active
2555,2555,current,GBP,2024-11-23,active
2556,2556,current,EUR,2018-02-11,active
2557,2557,current,AUD,2020-05-10,active
2558,2558,current,AUD,2020-08-15,active
2559,2559,current,CAD,2023-06-16,active
2560,2560,current,AUD,2022-10-02,active
2561,2561,current,EUR,2016-06-16,active
2562,2562,current,GBP,2020-06-11,active
2563,2563,current,EUR,2018-05-24,active
2564,2564,current,GBP,2018-05-08,active
2565,2565,current,EUR,2020-02-25,active
2566,2566,current,EUR,2021-01-02,suspended
2567,2567,current,GBP,2018-02-13,active
2568,2568,current,EUR,2019-02-01,active
2569,2569,current,AUD,2016-09-14,active
2570,2570,current,CAD,2019-03-30,closed
2571,2571,current,AUD,2021-12-23,active
2572,2572,current,CAD,2018-04-16,active
2573,2573,current,AUD,2017-10-19,active
2574,2574,current,GBP,2024-10-03,active
2575,2575,current,EUR,2019-01-10,active
2576,2576,current,EUR,2021-10-19,active
2577,2577,current,GBP,2017-03-15,active
2578,2578,current,EUR,2022-01-21,active
2579,2579,current,EUR,2019-11-04,active
2580,2580,current,EUR,2020-10-12,active
2581,2581,current,AUD,2020-01-04,active
2582,2582,current,GBP,2016-07-15,active
2583,2583,current,EUR,2021-07-13,active
2584,2584,current,EUR,2017-07-18,active
2585,2585,current,CAD,2016-10-31,active
2586,2586,current,GBP,2018-06-06,active
2587,2587,current,CAD,2024-04-17,active
2588,2588,current,AUD,2019-11-02,active
2589,2589,current,GBP,2018-09-16,active
2590,2590,current,AUD,2016-01-29,active
2591,2591,current,EUR,2023-11-18,closed
2592,2592,current,AUD,2019-12-10,active
2593,2593,current,AUD,2017-02-17,closed
2594,2594,current,EUR,2017-10-09,active
2595,2595,current,AUD,2023-02-17,active
2596,2596,current,CAD,2017-05-11,active
2597,2597,current,CAD,2024-06-05,active
2598,2598,savings,AUD,2020-03-23,active
2599,2599,savings,EUR,2016-12-26,active
2600,2600,current,GBP,2018-08-02,active
2601,2601,current,EUR,2024-05-21,active
2602,2602,current,CAD,2016-04-06,active
2603,2603,current,EUR,2017-01-10,active
2604,2604,current,EUR,2022-08-27,active
2605,2605,current,GBP,2022-04-19,active
2606,2606,current,GBP,2022-06-01,active
2607,2607,current,EUR,2019-09-24,active
2608,2608,savings,GBP,2018-04-30,active
2609,2609,current,EUR,2017-09-02,active
2610,2610,current,EUR,2019-08-19,active
2611,2611,current,EUR,2016-05-17,active
2612,2612,current,EUR,2016-05-06,active
2613,2613,current,EUR,2016-11-30,active
2614,2614,current,AUD,2020-03-13,active
2615,2615,current,EUR,2017-09-18,closed
2616,2616,current,EUR,2024-11-05,active
2617,2617,current,GBP,2024-09-04,active
2618,2618,current,GBP,2023-08-24,active
2619,2619,current,AUD,2021-04-11,active
2620,2620,current,GBP,2018-10-07,active
2621,2621,current,GBP,2023-07-27,active
2622,2622,savings,CAD,2019-01-13,active
2623,2623,current,EUR,2017-12-02,active
2624,2624,current,CAD,2024-08-27,active
2625,2625,savings,EUR,2020-01-01,active
2626,2626,current,EUR,2021-11-26,active
2627,2627,current,CAD,2017-05-30,active
2628,2628,current,EUR,2022-01-20,active
2629,2629,current,GBP,2023-05-26,active
2630,2630,current,AUD,2019-01-07,active
2631,2631,current,GBP,2019-04-29,active
2632,2632,current,EUR,2019-06-27,active
2633,2633,current,CAD,2017-07-02,active
2634,2634,current,AUD,2019-06-28,active
2635,2635,current,AUD,2020-05-23,active
2636,2636,savings,GBP,2022-04-10,active
2637,2637,current,CAD,2018-02-08,active
2638,2638,current,GBP,2020-03-26,active
2639,2639,current,EUR,2021-12-13,active
2640,2640,current,EUR,2018-09-29,active
2641,2641,current,EUR,2023-11-21,active
2642,2642,current,EUR,2019-11-04,active
2643,2643,current,GBP,2023-05-10,active
2644,2644,current,GBP,2019-07-24,suspended
2645,2645,current,EUR,2022-08-07,active
2646,2646,current,AUD,2023-02-16,active
2647,2647,current,AUD,2019-08-16,closed
2648,2648,current,AUD,2016-11-22,active
2649,2649,current,EUR,2019-09-09,active
2650,2650,current,EUR,2022-01-22,active
2651,2651,current,EUR,2017-03-20,active
2652,2652,current,AUD,2022-02-05,active
2653,2653,current,EUR,2019-03-10,active
2654,2654,savings,EUR,2023-03-23,active
2655,2655,current,EUR,2016-10-29,active
2656,2656,current,EUR,2017-03-22,active
2657,2657,current,CAD,2016-04-27,active
2658,2658,current,AUD,2017-10-19,active
2659,2659,current,AUD,2021-02-04,active
2660,2660,savings,GBP,2016-06-11,active
2661,2661,current,CAD,2020-08-06,active
2662,2662,current,CAD,2019-10-22,active
2663,2663,current,CAD,2022-04-11,closed
2664,2664,savings,AUD,2022-04-25,active
2665,2665,current,EUR,2016-05-02,closed
2666,2666,current,GBP,2023-03-18,active
2667,2667,current,EUR,2020-10-31,active
2668,2668,current,AUD,2021-06-23,active
2669,2669,savings,EUR,2021-11-28,active
2670,2670,current,EUR,2019-06-13,active
2671,2671,current,EUR,2018-03-08,active
2672,2672,current,EUR,2022-10-14,active
2673,2673,current,EUR,2017-03-03,active
2674,2674,savings,EUR,2016-07-13,active
2675,2675,current,EUR,2023-08-15,active
2676,2676,current,CAD,2017-11-09,closed
2677,2677,current,AUD,2024-07-27,active
2678,2678,current,EUR,2018-10-24,active
2679,2679,current,GBP,2023-09-29,active
2680,2680,current,EUR,2022-08-13,active
2681,2681,current,CAD,2020-11-05,active
2682,2682,current,EUR,2016-04-08,active
2683,2683,current,CAD,2020-09-16,active
2684,2684,current,AUD,2023-10-08,closed
2685,2685,current,EUR,2020-01-31,active
2686,2686,current,CAD,2016-03-23,active
2687,2687,current,GBP,2020-07-27,closed
2688,2688,current,GBP,2020-11-14,active
2689,2689,current,EUR,2020-01-13,active
2690,2690,current,EUR,2020-04-16,active
2691,2691,current,EUR,2023-03-25,active
2692,2692,current,EUR,2017-08-25,active
2693,2693,current,CAD,2017-05-07,active
2694,2694,current,CAD,2018-09-16,active
2695,2695,current,EUR,2016-06-29,active
2696,2696,current,GBP,2022-01-07,active
2697,2697,current,CAD,2024-03-13,closed
2698,2698,current,AUD,2016-04-23,active
2699,2699,current,AUD,2019-02-26,active
2700,2700,current,GBP,2022-04-28,active
2701,2701,savings,AUD,2024-06-29,active
2702,2702,current,CAD,2019-01-16,active
2703,2703,current,AUD,2017-11-02,active
2704,2704,current,EUR,2022-10-19,active
2705,2705,current,EUR,2023-07-07,active
2706,2706,current,CAD,2023-02-18,active
2707,2707,current,CAD,2023-02-24,active
2708,2708,current,AUD,2016-02-14,active
2709,2709,current,EUR,2017-11-13,active
2710,2710,current,CAD,2021-10-12,active
2711,2711,current,AUD,2019-11-18,active
2712,2712,current,AUD,2023-09-04,active
2713,2713,current,GBP,2016-07-23,active
2714,2714,current,AUD,2022-07-18,closed
2715,2715,current,AUD,2017-02-28,active
2716,2716,current,GBP,2022-06-09,active
2717,2717,current,AUD,2023-01-18,active
2718,2718,savings,EUR,2019-10-31,active
2719,2719,current,EUR,2018-08-28,active
2720,2720,current,CAD,2024-12-05,active
2721,2721,current,GBP,2021-01-17,active
2722,2722,current,EUR,2020-10-30,suspended
2723,2723,current,AUD,2024-10-19,active
2724,2724,savings,GBP,2024-02-12,active
2725,2725,current,GBP,2019-09-14,active
2726,2726,current,CAD,2024-02-01,active
2727,2727,current,EUR,2017-09-08,active
2728,2728,current,EUR,2017-07-27,active
2729,2729,current,AUD,2016-06-18,active
2730,2730,current,EUR,2019-03-29,active
2731,2731,current,EUR,2016-06-07,active
2732,2732,current,EUR,2018-08-09,active
2733,2733,current,EUR,2018-11-03,active
2734,2734,current,GBP,2024-11-16,active
2735,2735,current,CAD,2021-09-20,active
2736,2736,current,EUR,2020-12-19,active
2737,2737,current,EUR,2020-05-23,active
2738,2738,current,EUR,2021-02-03,suspended
2739,2739,current,EUR,2021-03-13,active
2740,2740,savings,CAD,2020-11-25,active
2741,2741,current,GBP,2023-10-18,active
2742,2742,current,EUR,2021-11-30,active
2743,2743,savings,EUR,2024-02-07,active
2744,2744,current,EUR,2020-05-27,active
2745,2745,current,EUR,2016-05-10,active
2746,2746,current,EUR,2019-11-05,active
2747,2747,current,GBP,2021-03-03,active
2748,2748,current,CAD,2023-08-27,active
2749,2749,current,GBP,2019-01-10,active
2750,2750,current,CAD,2022-08-12,active
2751,2751,current,EUR,2022-01-01,active
2752,2752,current,EUR,2019-11-11,active
2753,2753,current,AUD,2018-07-01,active
2754,2754,current,EUR,2021-08-30,active
2755,2755,current,CAD,2021-07-06,active
2756,2756,current,CAD,2021-06-27,active
2757,2757,current,CAD,2019-06-18,active
2758,2758,current,EUR,2016-11-04,suspended
2759,2759,current,AUD,2016-07-25,active
2760,2760,current,CAD,2016-06-05,active
2761,2761,savings,CAD,2019-04-30,active
2762,2762,current,AUD,2017-12-21,active
2763,2763,current,EUR,2021-11-19,active
2764,2764,current,AUD,2016-03-13,active
2765,2765,current,EUR,2017-03-30,active
2766,2766,current,GBP,2022-12-30,suspended
2767,2767,current,EUR,2016-09-17,active
2768,2768,current,EUR,2020-01-21,active
2769,2769,current,AUD,2023-12-24,active
2770,2770,current,EUR,2024-05-31,active
2771,2771,current,AUD,2021-01-16,active
2772,2772,current,EUR,2019-10-20,active
2773,2773,current,CAD,2020-09-27,active
2774,2774,current,AUD,2023-08-14,active
2775,2775,current,EUR,2022-03-03,suspended
2776,2776,savings,GBP,2024-02-14,active
2777,2777,current,GBP,2017-04-26,active
2778,2778,current,GBP,2019-10-29,active
2779,2779,savings,EUR,2018-01-17,active
2780,2780,current,CAD,2020-04-23,active
2781,2781,current,EUR,2018-07-09,active
2782,2782,current,EUR,2023-08-29,active
2783,2783,current,CAD,2017-11-27,active
2784,2784,current,EUR,2018-06-14,active
2785,2785,current,AUD,2022-10-07,suspended
2786,2786,current,GBP,2022-07-14,active
2787,2787,current,AUD,2021-07-05,active
2788,2788,current,AUD,2017-11-17,active
2789,2789,current,EUR,2018-01-01,active
2790,2790,current,EUR,2020-02-06,active
2791,2791,current,EUR,2016-05-22,active
2792,2792,current,AUD,2024-07-31,active
2793,2793,current,GBP,2018-01-26,active
2794,2794,current,AUD,2018-06-10,active
2795,2795,current,EUR,2022-03-15,active
2796,2796,current,AUD,2020-08-28,closed
2797,2797,current,CAD,2016-11-13,active
2798,2798,current,AUD,2017-11-19,active
2799,2799,current,EUR,2023-02-22,suspended
2800,2800,current,GBP,2024-10-15,active
2801,2801,current,EUR,2018-12-14,active
2802,2802,current,EUR,2017-05-03,active
2803,2803,current,EUR,2024-06-26,closed
2804,2804,current,GBP,2021-04-11,active
2805,2805,current,GBP,2019-09-04,active
2806,2806,current,CAD,2017-02-18,active
2807,2807,current,EUR,2022-05-03,active
2808,2808,current,CAD,2021-03-27,active
2809,2809,current,AUD,2018-05-26,active
2810,2810,current,EUR,2020-01-14,active
2811,2811,current,CAD,2016-06-18,active
2812,2812,current,CAD,2023-10-30,active
2813,2813,current,GBP,2017-01-29,closed
2814,2814,current,AUD,2023-12-16,active
2815,2815,current,CAD,2024-11-17,active
2816,2816,current,GBP,2021-04-09,active
2817,2817,current,AUD,2017-04-29,closed
2818,2818,current,EUR,2018-05-02,active
2819,2819,current,CAD,2024-05-03,active
2820,2820,current,EUR,2022-07-15,active
2821,2821,current,EUR,2016-05-22,active
2822,2822,current,EUR,2023-03-22,active
2823,2823,current,CAD,2018-01-16,active
2824,2824,current,EUR,2022-08-07,active
2825,2825,savings,GBP,2020-06-06,active
2826,2826,current,AUD,2019-09-08,active
2827,2827,current,CAD,2018-03-14,active
2828,2828,current,EUR,2023-12-11,active
2829,2829,current,GBP,2021-02-02,active
2830,2830,current,AUD,2019-09-02,active
2831,2831,savings,AUD,2016-05-03,active
2832,2832,current,EUR,2017-08-09,closed
2833,2833,current,GBP,2021-05-30,active
2834,2834,current,GBP,2016-09-11,active
2835,2835,current,GBP,2016-04-01,active
2836,2836,current,EUR,2017-03-16,active
2837,2837,current,EUR,2022-01-23,closed
2838,2838,current,CAD,2020-02-02,active
2839,2839,current,AUD,2024-07-22,closed
2840,2840,current,GBP,2019-12-05,active
2841,2841,savings,GBP,2021-05-19,active
2842,2842,current,EUR,2016-01-26,active
2843,2843,current,EUR,2024-12-01,active
2844,2844,current,EUR,2018-08-10,active
2845,2845,current,EUR,2017-11-05,active
2846,2846,current,GBP,2020-02-16,active
2847,2847,current,GBP,2023-12-14,active
2848,2848,current,GBP,2018-10-14,active
2849,2849,current,CAD,2023-08-27,active
2850,2850,current,CAD,2023-01-07,active
2851,2851,current,AUD,2021-12-06,active
2852,2852,current,EUR,2021-08-05,active
2853,2853,current,GBP,2018-04-07,active
2854,2854,current,EUR,2024-03-20,active
2855,2855,current,GBP,2017-07-27,active
2856,2856,current,GBP,2024-04-19,active
2857,2857,current,AUD,2022-08-31,active
2858,2858,current,GBP,2016-04-03,active
2859,2859,current,CAD,2023-07-15,active
2860,2860,current,EUR,2017-12-13,active
2861,2861,current,AUD,2023-09-02,active
2862,2862,current,EUR,2022-05-17,active
2863,2863,current,EUR,2019-04-15,active
2864,2864,current,GBP,2016-07-21,active
2865,2865,current,CAD,2023-11-06,active
2866,2866,current,AUD,2019-04-11,active
2867,2867,current,AUD,2018-12-27,active
2868,2868,current,EUR,2016-04-20,active
2869,2869,savings,AUD,2022-12-31,active
2870,2870,current,EUR,2018-12-11,closed
2871,2871,current,EUR,2023-05-01,active
2872,2872,savings,GBP,2021-01-18,suspended
2873,2873,current,GBP,2016-04-12,active
2874,2874,current,EUR,2024-11-15,active
2875,2875,current,AUD,2018-12-12,active
2876,2876,current,EUR,2020-01-03,active
2877,2877,current,CAD,2024-11-11,active
2878,2878,current,GBP,2016-07-18,active
2879,2879,current,EUR,2023-09-16,active
2880,2880,current,GBP,2021-08-20,active
2881,2881,current,EUR,2020-10-11,active
2882,2882,current,AUD,2022-04-18,active
2883,2883,current,GBP,2024-05-20,active
2884,2884,current,AUD,2021-07-03,active
2885,2885,current,EUR,2019-10-08,active
2886,2886,current,EUR,2020-06-28,active
2887,2887,current,EUR,2024-02-21,active
2888,2888,current,EUR,2021-02-11,suspended
2889,2889,current,AUD,2019-10-16,active
2890,2890,current,EUR,2018-09-30,active
2891,2891,current,AUD,2021-08-26,active
2892,2892,current,CAD,2021-12-31,active
2893,2893,current,GBP,2018-11-28,active
2894,2894,current,EUR,2016-10-13,active
2895,2895,current,GBP,2018-06-02,active
2896,2896,current,EUR,2023-06-03,active
2897,2897,savings,EUR,2022-08-16,active
2898,2898,current,GBP,2018-10-16,active
2899,2899,current,AUD,2019-09-28,active
2900,2900,current,EUR,2019-02-16,active
2901,2901,current,CAD,2020-10-28,active
2902,2902,current,GBP,2016-05-03,active
2903,2903,current,CAD,2021-06-06,active
2904,2904,current,EUR,2018-11-28,active
2905,2905,current,AUD,2016-01-21,active
2906,2906,current,AUD,2016-11-26,active
2907,2907,current,EUR,2018-07-29,active
2908,2908,current,CAD,2018-12-25,active
2909,2909,current,AUD,2024-06-29,active
2910,2910,current,EUR,2023-11-03,active
2911,2911,current,GBP,2017-07-12,suspended
2912,2912,current,GBP,2021-05-12,active
2913,2913,current,EUR,2022-04-06,active
2914,2914,current,GBP,2020-06-06,active
2915,2915,current,AUD,2022-09-24,active
2916,2916,current,AUD,2016-02-06,active
2917,2917,current,EUR,2017-07-16,active
2918,2918,current,GBP,2020-04-04,active
2919,2919,current,CAD,2024-06-20,active
2920,2920,savings,AUD,2019-07-10,active
2921,2921,current,AUD,2016-05-03,active
2922,2922,current,CAD,2018-06-27,active
2923,2923,current,EUR,2018-10-01,active
2924,2924,current,EUR,2023-12-04,active
2925,2925,savings,CAD,2018-07-27,active
2926,2926,current,AUD,2018-02-09,active
2927,2927,current,GBP,2024-07-16,active
2928,2928,current,AUD,2019-07-31,active
2929,2929,current,GBP,2017-02-24,active
2930,2930,current,EUR,2021-10-26,active
2931,2931,current,EUR,2022-02-14,active
2932,2932,current,EUR,2022-09-28,active
2933,2933,current,EUR,2016-02-27,active
2934,2934,current,GBP,2024-05-28,active
2935,2935,current,GBP,2018-08-01,active
2936,2936,current,CAD,2020-05-06,active
2937,2937,current,AUD,2017-12-01,active
2938,2938,current,AUD,2017-05-25,active
2939,2939,current,AUD,2018-11-08,active
2940,2940,current,EUR,2020-10-24,active
2941,2941,current,CAD,2017-08-19,active
2942,2942,current,GBP,2018-03-12,active
2943,2943,current,AUD,2024-10-06,active
2944,2944,current,GBP,2020-06-23,active
2945,2945,current,CAD,2017-11-18,active
2946,2946,current,EUR,2020-04-12,active
2947,2947,current,EUR,2016-02-22,active
2948,2948,current,EUR,2020-05-08,active
2949,2949,current,CAD,2023-02-17,active
2950,2950,current,CAD,2023-07-01,suspended
2951,2951,current,EUR,2017-03-08,active
2952,2952,current,CAD,2019-03-26,active
2953,2953,current,AUD,2023-07-29,active
2954,2954,savings,CAD,2021-12-28,active
2955,2955,current,CAD,2018-06-16,active
2956,2956,current,GBP,2019-08-15,active
2957,2957,current,GBP,2021-08-19,active
2958,2958,current,CAD,2020-10-11,active
2959,2959,current,EUR,2022-05-07,active
2960,2960,current,EUR,2022-08-17,active
2961,2961,current,CAD,2017-01-04,active
2962,2962,current,EUR,2018-11-09,active
2963,2963,current,CAD,2018-07-26,closed
2964,2964,current,GBP,2017-03-03,active
2965,2965,current,EUR,2016-05-04,active
2966,2966,current,EUR,2017-12-19,active
2967,2967,current,GBP,2018-06-01,active
2968,2968,current,EUR,2018-08-01,closed
2969,2969,current,GBP,2021-03-04,active
2970,2970,current,EUR,2021-06-04,active
2971,2971,savings,AUD,2023-02-04,suspended
2972,2972,current,EUR,2019-04-06,active
2973,2973,current,EUR,2021-10-04,active
2974,2974,current,CAD,2022-10-16,active
2975,2975,current,AUD,2022-07-26,active
2976,2976,current,GBP,2022-01-22,active
2977,2977,current,AUD,2016-11-13,active
2978,2978,current,AUD,2024-03-22,active
2979,2979,current,EUR,2023-11-02,active
2980,2980,current,CAD,2016-06-28,active
2981,2981,savings,GBP,2024-06-04,active
2982,2982,current,CAD,2024-04-19,active
2983,2983,current,AUD,2021-10-31,active
2984,2984,current,AUD,2022-06-04,active
2985,2985,current,GBP,2016-11-17,active
2986,2986,current,GBP,2017-06-06,closed
2987,2987,current,AUD,2024-01-16,active
2988,2988,current,AUD,2024-02-26,active
2989,2989,current,GBP,2024-01-15,active
2990,2990,current,AUD,2017-01-14,active
2991,2991,current,CAD,2016-11-09,suspended
2992,2992,current,CAD,2019-02-26,active
2993,2993,current,AUD,2019-01-03,active
2994,2994,current,EUR,2016-10-31,active
2995,2995,current,CAD,2024-01-28,active
2996,2996,current,CAD,2021-06-18,active
2997,2997,savings,AUD,2016-01-22,active
2998,2998,current,EUR,2016-01-08,active
2999,2999,current,EUR,2020-06-28,active
3000,3000,current,CAD,2016-08-09,active
3001,3001,current,GBP,2024-10-28,active
3002,3002,current,EUR,2022-01-12,active
3003,3003,current,EUR,2017-11-04,active
3004,3004,current,CAD,2020-09-23,active
3005,3005,current,EUR,2024-02-05,active
3006,3006,current,EUR,2016-09-10,active
3007,3007,current,EUR,2021-03-15,active
3008,3008,current,EUR,2018-02-08,active
3009,3009,current,GBP,2020-12-13,active
3010,3010,current,GBP,2016-10-19,closed
3011,3011,current,EUR,2021-06-13,active
3012,3012,current,EUR,2021-09-09,active
3013,3013,current,EUR,2018-07-18,active
3014,3014,current,AUD,2018-06-02,active
3015,3015,current,GBP,2021-04-22,active
3016,3016,current,EUR,2024-09-10,active
3017,3017,current,CAD,2022-06-07,active
3018,3018,current,EUR,2020-07-11,active
3019,3019,current,AUD,2020-01-22,active
3020,3020,current,EUR,2017-09-20,active
3021,3021,current,AUD,2024-06-20,active
3022,3022,current,AUD,2024-10-29,active
3023,3023,current,EUR,2019-05-08,active
3024,3024,current,GBP,2021-01-03,active
3025,3025,current,GBP,2019-10-11,active
3026,3026,current,CAD,2018-01-19,suspended
3027,3027,current,GBP,2023-11-10,active
3028,3028,current,EUR,2017-03-06,active
3029,3029,current,GBP,2021-09-09,suspended
3030,3030,current,EUR,2019-09-15,active
3031,3031,current,AUD,2018-01-04,active
3032,3032,current,EUR,2018-08-15,active
3033,3033,current,AUD,2018-01-01,active
3034,3034,current,EUR,2019-07-23,closed
3035,3035,current,EUR,2017-10-15,active
3036,3036,current,EUR,2019-08-04,active
3037,3037,savings,EUR,2019-11-22,active
3038,3038,current,EUR,2019-10-28,suspended
3039,3039,current,EUR,2021-01-01,active
3040,3040,current,AUD,2019-12-20,active
3041,3041,current,CAD,2018-08-13,active
3042,3042,current,GBP,2022-01-25,active
3043,3043,current,GBP,2016-05-18,active
3044,3044,current,AUD,2019-03-23,active
3045,3045,current,EUR,2024-01-06,active
3046,3046,current,AUD,2020-01-20,active
3047,3047,current,AUD,2016-03-07,active
3048,3048,current,AUD,2022-05-08,active
3049,3049,current,CAD,2024-10-29,active
3050,3050,current,EUR,2019-03-29,active
3051,3051,current,EUR,2022-02-22,active
3052,3052,current,EUR,2019-09-14,active
3053,3053,current,CAD,2021-07-18,active
3054,3054,current,CAD,2023-01-24,active
3055,3055,current,AUD,2017-09-04,active
3056,3056,current,CAD,2016-03-15,active
3057,3057,current,GBP,2022-04-08,closed
3058,3058,current,AUD,2024-11-12,active
3059,3059,current,GBP,2020-12-26,active
3060,3060,current,EUR,2019-10-14,active
3061,3061,current,CAD,2024-07-24,active
3062,3062,current,GBP,2024-05-30,active
3063,3063,current,EUR,2018-01-13,active
3064,3064,current,GBP,2021-11-03,active
3065,3065,savings,AUD,2022-09-27,active
3066,3066,savings,CAD,2016-01-26,active
3067,3067,current,EUR,2017-12-06,active
3068,3068,current,EUR,2021-06-28,active
3069,3069,current,AUD,2017-04-13,active
3070,3070,current,CAD,2016-12-14,active
3071,3071,current,AUD,2021-04-17,active
3072,3072,current,CAD,2016-07-27,active
3073,3073,current,AUD,2018-06-03,active
3074,3074,current,EUR,2021-05-30,active
3075,3075,current,CAD,2022-10-23,active
3076,3076,current,GBP,2019-05-04,active
3077,3077,savings,GBP,2017-10-06,active
3078,3078,current,CAD,2022-08-19,active
3079,3079,savings,EUR,2016-02-14,active
3080,3080,current,EUR,2018-05-02,closed
3081,3081,savings,EUR,2017-06-26,active
3082,3082,current,CAD,2022-07-31,suspended
3083,3083,current,EUR,2017-01-24,closed
3084,3084,current,AUD,2016-01-20,active
3085,3085,current,CAD,2024-06-26,active
3086,3086,current,EUR,2017-06-24,active
3087,3087,current,EUR,2022-07-06,active
3088,3088,current,EUR,2020-04-07,active
3089,3089,current,EUR,2021-12-14,active
3090,3090,current,CAD,2023-07-31,active
3091,3091,current,AUD,2024-05-09,active
3092,3092,current,AUD,2020-09-20,active
3093,3093,current,EUR,2022-04-01,active
3094,3094,current,AUD,2024-01-12,active
3095,3095,current,EUR,2016-06-05,active
3096,3096,current,EUR,2018-02-19,suspended
3097,3097,current,CAD,2020-03-31,active
3098,3098,current,EUR,2020-11-14,active
3099,3099,current,CAD,2018-06-12,suspended
3100,3100,current,EUR,2023-10-21,active
3101,3101,current,EUR,2016-06-16,closed
3102,3102,current,EUR,2024-04-15,active
3103,3103,current,EUR,2020-04-18,active
3104,3104,current,CAD,2017-07-08,active
3105,3105,current,AUD,2022-05-06,active
3106,3106,current,AUD,2023-05-18,active
3107,3107,current,EUR,2016-05-02,active
3108,3108,current,AUD,2020-05-20,active
3109,3109,current,CAD,2021-02-05,active
3110,3110,savings,EUR,2024-06-21,active
3111,3111,current,CAD,2024-11-05,active
3112,3112,current,EUR,2017-12-27,active
3113,3113,current,AUD,2023-09-29,active
3114,3114,current,CAD,2020-02-29,active
3115,3115,current,EUR,2018-09-17,active
3116,3116,current,CAD,2017-05-05,active
3117,3117,current,EUR,2018-12-29,closed
3118,3118,current,CAD,2023-09-28,active
3119,3119,current,AUD,2021-02-24,active
3120,3120,current,EUR,2017-05-16,active
3121,3121,savings,CAD,2017-05-17,active
3122,3122,current,AUD,2023-08-05,active
3123,3123,current,EUR,2023-01-10,active
3124,3124,current,CAD,2024-10-27,active
3125,3125,current,GBP,2016-04-24,active
3126,3126,current,CAD,2022-11-07,active
3127,3127,savings,AUD,2019-08-30,active
3128,3128,current,GBP,2016-09-16,active
3129,3129,current,EUR,2022-05-09,active
3130,3130,current,AUD,2022-03-21,active
3131,3131,current,GBP,2019-06-30,active
3132,3132,current,EUR,2020-10-21,active
3133,3133,current,EUR,2017-05-30,active
3134,3134,current,CAD,2022-07-06,active
3135,3135,current,GBP,2019-11-20,active
3136,3136,current,EUR,2016-04-26,active
3137,3137,current,EUR,2023-06-02,active
3138,3138,current,AUD,2022-11-08,active
3139,3139,current,AUD,2018-02-28,active
3140,3140,current,GBP,2021-04-25,active
3141,3141,current,EUR,2019-12-27,active
3142,3142,current,AUD,2016-05-30,active
3143,3143,current,GBP,2022-04-06,active
3144,3144,current,EUR,2023-02-16,active
3145,3145,current,GBP,2018-07-06,active
3146,3146,current,AUD,2023-06-28,active
3147,3147,current,CAD,2018-12-20,active
3148,3148,savings,EUR,2017-09-22,active
3149,3149,current,EUR,2017-03-12,active
3150,3150,current,EUR,2017-09-29,suspended
3151,3151,current,EUR,2023-12-28,active
3152,3152,current,EUR,2023-03-18,active
3153,3153,current,EUR,2021-05-29,active
3154,3154,current,EUR,2016-08-17,suspended
3155,3155,current,AUD,2018-08-28,active
3156,3156,current,CAD,2019-06-10,active
3157,3157,savings,CAD,2016-10-30,active
3158,3158,current,AUD,2019-03-29,active
3159,3159,current,EUR,2020-02-10,active
3160,3160,current,CAD,2020-01-21,active
3161,3161,current,EUR,2022-05-31,active
3162,3162,current,GBP,2019-11-08,active
3163,3163,current,CAD,2020-04-02,active
3164,3164,current,CAD,2020-01-11,active
3165,3165,current,EUR,2022-02-11,active
3166,3166,current,GBP,2021-07-25,active
3167,3167,current,GBP,2018-04-10,active
3168,3168,current,AUD,2024-04-13,active
3169,3169,current,CAD,2024-08-31,active
3170,3170,current,AUD,2018-02-11,active
3171,3171,current,EUR,2019-10-30,active
3172,3172,current,EUR,2020-09-30,closed
3173,3173,current,EUR,2023-09-26,active
3174,3174,current,CAD,2016-05-20,active
3175,3175,current,EUR,2018-01-21,active
3176,3176,current,GBP,2019-12-24,active
3177,3177,current,AUD,2019-03-05,active
3178,3178,current,EUR,2016-07-25,active
3179,3179,current,AUD,2019-06-22,active
3180,3180,current,AUD,2021-01-20,active
3181,3181,current,AUD,2019-11-28,active
3182,3182,current,EUR,2020-07-29,active
3183,3183,savings,CAD,2020-05-05,active
3184,3184,current,AUD,2024-07-02,active
3185,3185,current,CAD,2020-04-14,active
3186,3186,current,EUR,2016-02-13,active
3187,3187,current,GBP,2020-08-31,active
3188,3188,current,CAD,2019-07-18,closed
3189,3189,current,AUD,2023-11-18,active
3190,3190,savings,EUR,2019-09-17,active
3191,3191,current,EUR,2018-07-08,active
3192,3192,current,GBP,2022-09-19,active
3193,3193,current,EUR,2018-11-27,active
3194,3194,current,CAD,2024-04-21,active
3195,3195,current,EUR,2017-08-25,active
3196,3196,savings,AUD,2021-05-18,active
3197,3197,current,AUD,2023-07-17,active
3198,3198,current,AUD,2017-12-17,active
3199,3199,current,GBP,2021-10-25,active
3200,3200,current,EUR,2019-10-18,active
3201,3201,current,EUR,2018-10-09,active
3202,3202,current,AUD,2023-04-16,active
3203,3203,current,EUR,2017-07-24,active
3204,3204,current,EUR,2020-06-06,active
3205,3205,current,AUD,2019-10-13,active
3206,3206,savings,EUR,2020-11-01,active
3207,3207,current,AUD,2016-10-17,active
3208,3208,current,CAD,2019-09-03,active
3209,3209,savings,GBP,2024-02-04,active
3210,3210,current,GBP,2017-07-23,active
3211,3211,current,CAD,2018-12-22,active
3212,3212,current,GBP,2021-01-29,active
3213,3213,current,EUR,2020-06-19,active
3214,3214,current,GBP,2019-07-14,active
3215,3215,savings,AUD,2016-07-26,active
3216,3216,current,GBP,2021-06-22,active
3217,3217,current,CAD,2016-06-02,active
3218,3218,current,GBP,2020-02-21,active
3219,3219,current,EUR,2019-02-25,active
3220,3220,current,AUD,2017-10-25,active
3221,3221,current,EUR,2018-08-26,active
3222,3222,current,CAD,2017-03-18,active
3223,3223,current,CAD,2018-11-16,active
3224,3224,savings,EUR,2020-10-19,active
3225,3225,current,EUR,2020-10-18,active
3226,3226,current,EUR,2023-10-11,active
3227,3227,current,EUR,2016-11-23,active
3228,3228,current,CAD,2018-12-03,active
3229,3229,savings,GBP,2017-06-29,active
3230,3230,current,AUD,2022-02-10,active
3231,3231,current,EUR,2020-03-22,active
3232,3232,current,AUD,2023-06-20,active
3233,3233,current,EUR,2024-10-11,active
3234,3234,savings,EUR,2018-01-28,active
3235,3235,current,CAD,2020-12-17,active
3236,3236,current,EUR,2016-09-24,active
3237,3237,current,GBP,2023-12-13,active
3238,3238,current,CAD,2017-09-04,active
3239,3239,current,EUR,2016-11-12,active
3240,3240,current,GBP,2022-09-10,active
3241,3241,savings,EUR,2022-06-08,active
3242,3242,current,CAD,2018-07-14,active
3243,3243,current,AUD,2018-10-29,active
3244,3244,current,CAD,2022-08-22,active
3245,3245,current,AUD,2018-11-12,active
3246,3246,savings,GBP,2019-04-06,active
3247,3247,current,GBP,2018-12-06,suspended
3248,3248,savings,EUR,2018-03-19,active
3249,3249,current,AUD,2019-04-05,active
3250,3250,current,EUR,2021-08-25,active
3251,3251,current,AUD,2022-01-26,active
3252,3252,current,GBP,2020-03-28,active
3253,3253,current,GBP,2023-10-06,active
3254,3254,current,EUR,2024-04-05,active
3255,3255,current,EUR,2024-05-08,active
3256,3256,current,CAD,2020-01-21,active
3257,3257,current,GBP,2016-12-13,active
3258,3258,current,GBP,2017-10-17,active
3259,3259,current,GBP,2024-04-20,active
3260,3260,current,EUR,2024-04-17,active
3261,3261,current,EUR,2017-12-14,active
3262,3262,current,EUR,2022-03-31,active
3263,3263,current,EUR,2019-11-02,active
3264,3264,current,GBP,2016-06-20,active
3265,3265,current,EUR,2017-10-08,active
3266,3266,current,GBP,2017-12-19,active
3267,3267,current,GBP,2017-04-08,active
3268,3268,current,EUR,2021-08-10,active
3269,3269,current,GBP,2022-08-17,active
3270,3270,current,CAD,2022-01-03,active
3271,3271,savings,AUD,2024-06-29,suspended
3272,3272,current,AUD,2022-09-07,active
3273,3273,current,EUR,2017-08-04,closed
3274,3274,current,GBP,2018-01-31,active
3275,3275,current,GBP,2018-11-07,active
3276,3276,current,AUD,2022-08-24,active
3277,3277,current,EUR,2019-02-21,active
3278,3278,current,EUR,2018-04-05,closed
3279,3279,current,GBP,2024-05-24,suspended
3280,3280,current,EUR,2019-11-30,active
3281,3281,current,AUD,2020-06-15,active
3282,3282,current,CAD,2018-01-11,active
3283,3283,current,EUR,2016-01-20,active
3284,3284,current,GBP,2017-12-12,active
3285,3285,current,EUR,2020-06-19,active
3286,3286,current,EUR,2023-01-04,active
3287,3287,current,EUR,2020-05-03,active
3288,3288,current,CAD,2022-06-26,active
3289,3289,current,EUR,2024-04-06,suspended
3290,3290,current,CAD,2022-08-23,active
3291,3291,current,AUD,2018-07-13,active
3292,3292,current,EUR,2023-04-07,active
3293,3293,current,EUR,2021-05-13,active
3294,3294,current,EUR,2021-06-05,active
3295,3295,current,GBP,2022-12-22,active
3296,3296,current,GBP,2019-01-09,active
3297,3297,current,GBP,2020-08-05,active
3298,3298,current,AUD,2024-05-10,active
3299,3299,current,EUR,2021-07-31,active
3300,3300,current,EUR,2022-11-08,active
3301,3301,current,GBP,2017-12-01,active
3302,3302,current,EUR,2021-01-09,active
3303,3303,current,AUD,2022-12-02,active
3304,3304,current,AUD,2021-01-03,active
3305,3305,current,AUD,2021-01-09,active
3306,3306,current,EUR,2019-06-10,active
3307,3307,current,CAD,2016-01-20,active
3308,3308,current,CAD,2018-11-10,active
3309,3309,current,EUR,2019-02-04,active
3310,3310,current,EUR,2023-09-20,active
3311,3311,current,AUD,2023-12-13,active
3312,3312,current,AUD,2022-03-08,active
3313,3313,current,GBP,2020-06-15,active
3314,3314,current,GBP,2022-03-14,active
3315,3315,current,CAD,2016-09-09,active
3316,3316,current,CAD,2024-01-16,closed
3317,3317,current,EUR,2018-02-18,active
3318,3318,savings,EUR,2018-09-06,active
3319,3319,savings,CAD,2022-08-18,active
3320,3320,current,AUD,2022-02-07,active
3321,3321,current,EUR,2024-04-17,active
3322,3322,current,CAD,2020-01-12,closed
3323,3323,current,CAD,2020-12-13,active
3324,3324,current,EUR,2021-01-25,active
3325,3325,current,AUD,2024-08-31,active
3326,3326,current,GBP,2018-04-19,active
3327,3327,current,GBP,2019-04-28,active
3328,3328,current,EUR,2024-03-26,active
3329,3329,current,EUR,2020-03-15,active
3330,3330,current,GBP,2022-09-02,active
3331,3331,current,EUR,2020-10-14,active
3332,3332,current,AUD,2016-02-16,active
3333,3333,current,AUD,2020-12-09,active
3334,3334,current,CAD,2023-09-22,active
3335,3335,current,AUD,2019-09-07,active
3336,3336,current,EUR,2019-07-18,active
3337,3337,current,EUR,2019-11-26,active
3338,3338,current,CAD,2022-05-09,active
3339,3339,savings,AUD,2016-10-11,active
3340,3340,current,CAD,2022-10-29,active
3341,3341,current,EUR,2018-10-19,active
3342,3342,current,EUR,2019-09-03,active
3343,3343,current,CAD,2019-11-29,active
3344,3344,current,GBP,2021-08-19,active
3345,3345,current,GBP,2019-10-08,suspended
3346,3346,current,EUR,2017-01-16,active
3347,3347,current,CAD,2020-02-18,active
3348,3348,current,GBP,2021-12-17,active
3349,3349,current,EUR,2024-08-02,active
3350,3350,current,EUR,2018-12-11,active
3351,3351,current,GBP,2021-09-27,active
3352,3352,current,GBP,2016-12-08,active
3353,3353,current,CAD,2023-01-16,active
3354,3354,current,AUD,2016-10-10,active
3355,3355,current,AUD,2019-03-28,active
3356,3356,current,GBP,2018-01-22,active
3357,3357,savings,AUD,2023-04-13,suspended
3358,3358,current,GBP,2017-03-29,active
3359,3359,current,GBP,2020-04-19,active
3360,3360,current,AUD,2017-11-02,active
3361,3361,current,EUR,2023-04-10,active
3362,3362,current,AUD,2024-06-03,active
3363,3363,current,AUD,2016-05-08,active
3364,3364,current,AUD,2021-05-23,active
3365,3365,savings,EUR,2023-12-09,active
3366,3366,current,AUD,2019-04-01,suspended
3367,3367,current,CAD,2024-11-27,active
3368,3368,current,EUR,2024-01-30,active
3369,3369,current,EUR,2023-11-05,active
3370,3370,current,GBP,2017-04-02,active
3371,3371,current,GBP,2021-03-13,active
3372,3372,current,EUR,2023-09-14,active
3373,3373,current,EUR,2024-08-18,active
3374,3374,current,CAD,2023-02-27,active
3375,3375,current,EUR,2022-08-03,active
3376,3376,current,CAD,2020-11-26,suspended
3377,3377,current,GBP,2021-07-18,active
3378,3378,current,EUR,2016-02-23,active
3379,3379,current,EUR,2017-11-16,active
3380,3380,current,AUD,2017-08-30,active
3381,3381,current,AUD,2020-03-10,active
3382,3382,current,CAD,2016-04-04,active
3383,3383,current,EUR,2023-10-18,active
3384,3384,current,EUR,2018-09-22,active
3385,3385,current,CAD,2024-09-10,active
3386,3386,savings,GBP,2022-04-03,active
3387,3387,current,AUD,2021-08-20,active
3388,3388,current,CAD,2023-09-13,active
3389,3389,current,EUR,2024-10-17,active
3390,3390,savings,AUD,2019-12-13,active
3391,3391,current,AUD,2018-09-24,active
3392,3392,current,GBP,2019-08-16,active
3393,3393,savings,GBP,2019-04-17,active
3394,3394,current,EUR,2024-02-17,suspended
3395,3395,current,CAD,2022-07-30,active
3396,3396,savings,GBP,2021-09-23,active
3397,3397,current,GBP,2017-10-20,active
3398,3398,current,EUR,2016-01-29,active
3399,3399,current,GBP,2018-11-21,active
3400,3400,current,EUR,2017-03-17,active
3401,3401,current,EUR,2018-04-19,active
3402,3402,current,EUR,2018-12-25,active
3403,3403,current,GBP,2016-01-09,active
3404,3404,current,CAD,2018-05-14,active
3405,3405,current,EUR,2018-12-07,active
3406,3406,current,AUD,2019-07-29,closed
3407,3407,current,AUD,2024-05-20,active
3408,3408,current,EUR,2022-01-11,active
3409,3409,current,EUR,2024-11-14,active
3410,3410,current,GBP,2018-08-31,suspended
3411,3411,current,AUD,2022-09-21,active
3412,3412,current,EUR,2022-03-21,active
3413,3413,current,EUR,2024-11-16,active
3414,3414,current,EUR,2023-03-16,active
3415,3415,current,EUR,2016-02-14,active
3416,3416,current,GBP,2023-01-31,active
3417,3417,current,GBP,2020-06-11,active
3418,3418,current,GBP,2018-12-18,active
3419,3419,current,EUR,2016-12-22,active
3420,3420,current,CAD,2016-02-05,active
3421,3421,current,GBP,2024-10-24,active
3422,3422,current,AUD,2020-03-02,active
3423,3423,current,AUD,2021-06-03,active
3424,3424,current,EUR,2024-08-21,active
3425,3425,current,GBP,2018-11-17,active
3426,3426,current,CAD,2016-11-23,active
3427,3427,current,EUR,2016-03-04,active
3428,3428,current,EUR,2020-09-20,active
3429,3429,current,CAD,2019-06-08,active
3430,3430,current,EUR,2021-05-13,active
3431,3431,current,AUD,2016-08-31,active
3432,3432,current,GBP,2018-09-02,closed
3433,3433,current,EUR,2020-01-24,active
3434,3434,current,GBP,2021-05-03,active
3435,3435,current,GBP,2019-10-06,active
3436,3436,current,GBP,2022-07-12,active
3437,3437,current,GBP,2018-04-17,active
3438,3438,current,GBP,2016-11-16,active
3439,3439,current,GBP,2018-11-07,active
3440,3440,current,CAD,2017-04-11,active
3441,3441,current,GBP,2022-05-23,active
3442,3442,current,CAD,2017-08-20,active
3443,3443,current,CAD,2022-10-05,active
3444,3444,current,GBP,2018-06-01,active
3445,3445,current,GBP,2022-02-06,active
3446,3446,current,EUR,2018-01-16,active
3447,3447,current,GBP,2019-12-20,active
3448,3448,current,GBP,2021-04-01,active
3449,3449,current,AUD,2022-10-08,active
3450,3450,current,AUD,2020-04-24,active
3451,3451,current,AUD,2017-01-07,active
3452,3452,current,EUR,2024-05-05,active
3453,3453,current,EUR,2020-09-21,active
3454,3454,current,EUR,2024-10-30,active
3455,3455,current,AUD,2017-01-03,active
3456,3456,current,GBP,2017-06-26,active
3457,3457,current,GBP,2021-12-07,active
3458,3458,current,EUR,2017-06-13,active
3459,3459,current,EUR,2019-01-20,closed
3460,3460,current,EUR,2017-10-08,active
3461,3461,current,GBP,2020-11-05,active
3462,3462,current,GBP,2017-11-21,active
3463,3463,current,EUR,2022-01-30,active
3464,3464,savings,EUR,2016-04-05,active
3465,3465,current,CAD,2020-07-11,active
3466,3466,current,EUR,2021-11-17,closed
3467,3467,savings,EUR,2017-05-06,active
3468,3468,current,AUD,2022-07-22,active
3469,3469,current,EUR,2021-07-24,active
3470,3470,current,EUR,2021-03-10,active
3471,3471,current,CAD,2019-10-16,active
3472,3472,current,EUR,2024-05-29,active
3473,3473,current,GBP,2024-11-20,active
3474,3474,current,EUR,2022-07-04,active
3475,3475,current,CAD,2021-08-19,active
3476,3476,current,EUR,2016-03-21,active
3477,3477,current,EUR,2020-01-29,active
3478,3478,current,CAD,2021-01-07,active
3479,3479,current,AUD,2019-02-04,active
3480,3480,current,CAD,2016-08-31,active
3481,3481,current,GBP,2017-08-03,active
3482,3482,current,GBP,2017-07-19,active
3483,3483,savings,CAD,2022-01-11,active
3484,3484,current,AUD,2016-10-22,active
3485,3485,savings,EUR,2020-01-15,suspended
3486,3486,current,CAD,2023-04-15,active
3487,3487,current,AUD,2017-08-04,active
3488,3488,current,AUD,2016-10-17,active
3489,3489,current,EUR,2016-03-28,suspended
3490,3490,current,CAD,2022-05-14,active
3491,3491,current,AUD,2016-12-26,active
3492,3492,current,GBP,2017-01-09,active
3493,3493,current,GBP,2024-05-24,active
3494,3494,current,GBP,2024-02-13,active
3495,3495,current,CAD,2023-06-24,active
3496,3496,current,EUR,2024-06-23,active
3497,3497,current,CAD,2023-11-24,active
3498,3498,savings,EUR,2023-10-05,active
3499,3499,current,AUD,2021-07-05,active
3500,3500,savings,GBP,2017-02-19,active
3501,3501,current,GBP,2024-03-28,active
3502,3502,current,AUD,2022-09-29,active
3503,3503,current,EUR,2020-12-29,active
3504,3504,current,EUR,2021-03-30,active
3505,3505,savings,AUD,2020-01-21,active
3506,3506,current,CAD,2023-09-16,active
3507,3507,current,GBP,2019-01-29,active
3508,3508,current,GBP,2020-04-11,active
3509,3509,current,EUR,2023-12-31,active
3510,3510,current,GBP,2019-02-11,active
3511,3511,current,GBP,2021-07-13,active
3512,3512,savings,GBP,2018-10-19,active
3513,3513,current,GBP,2019-03-28,active
3514,3514,current,EUR,2024-11-24,active
3515,3515,current,EUR,2016-03-24,active
3516,3516,current,GBP,2017-01-10,active
3517,3517,current,CAD,2019-02-19,active
3518,3518,current,AUD,2020-07-12,active
3519,3519,current,EUR,2018-09-17,active
3520,3520,current,AUD,2024-02-29,active
3521,3521,current,EUR,2021-01-07,suspended
3522,3522,current,EUR,2022-06-18,active
3523,3523,current,CAD,2022-09-02,closed
3524,3524,current,GBP,2024-05-10,suspended
3525,3525,current,EUR,2023-12-31,active
3526,3526,current,GBP,2017-02-16,active
3527,3527,current,EUR,2021-11-24,active
3528,3528,current,GBP,2018-04-23,active
3529,3529,current,CAD,2017-05-16,active
3530,3530,current,AUD,2024-06-29,active
3531,3531,savings,AUD,2023-04-12,active
3532,3532,current,GBP,2017-04-11,active
3533,3533,savings,EUR,2018-04-22,active
3534,3534,current,AUD,2023-06-12,active
3535,3535,current,AUD,2022-04-06,suspended
3536,3536,current,EUR,2019-04-02,suspended
3537,3537,current,EUR,2019-12-15,active
3538,3538,current,GBP,2019-04-27,active
3539,3539,current,CAD,2018-02-01,active
3540,3540,current,CAD,2020-05-05,active
3541,3541,current,AUD,2023-06-17,active
3542,3542,current,AUD,2016-10-03,active
3543,3543,current,CAD,2022-10-25,active
3544,3544,current,AUD,2017-08-31,active
3545,3545,current,EUR,2020-01-30,suspended
3546,3546,current,EUR,2022-12-01,active
3547,3547,current,GBP,2018-07-05,active
3548,3548,current,EUR,2018-07-03,active
3549,3549,current,GBP,2016-11-06,active
3550,3550,current,CAD,2020-03-02,active
3551,3551,current,EUR,2023-05-28,active
3552,3552,savings,CAD,2017-01-08,active
3553,3553,current,EUR,2024-05-11,active
3554,3554,current,AUD,2020-10-13,active
3555,3555,current,AUD,2019-08-12,closed
3556,3556,current,GBP,2022-10-03,active
3557,3557,current,AUD,2018-12-06,active
3558,3558,current,EUR,2024-08-12,active
3559,3559,current,CAD,2020-03-02,active
3560,3560,current,AUD,2020-01-20,active
3561,3561,current,CAD,2021-08-11,active
3562,3562,current,EUR,2024-09-24,active
3563,3563,current,EUR,2017-02-15,active
3564,3564,current,GBP,2018-01-31,active
3565,3565,current,GBP,2019-08-22,active
3566,3566,current,CAD,2017-12-09,active
3567,3567,current,CAD,2017-08-28,active
3568,3568,savings,AUD,2016-07-12,active
3569,3569,current,GBP,2020-03-29,active
3570,3570,current,EUR,2024-04-04,active
3571,3571,savings,GBP,2024-09-05,active
3572,3572,current,GBP,2021-11-17,active
3573,3573,current,CAD,2019-10-12,active
3574,3574,current,CAD,2016-04-23,active
3575,3575,current,EUR,2020-09-19,active
3576,3576,current,AUD,2018-12-04,active
3577,3577,current,EUR,2024-04-23,active
3578,3578,savings,EUR,2019-10-31,active
3579,3579,current,EUR,2016-04-29,active
3580,3580,current,CAD,2024-09-13,active
3581,3581,current,AUD,2016-09-11,active
3582,3582,current,EUR,2017-03-15,active
3583,3583,current,EUR,2021-07-08,active
3584,3584,current,AUD,2016-08-25,closed
3585,3585,current,EUR,2019-04-05,active
3586,3586,current,AUD,2020-03-16,active
3587,3587,current,AUD,2018-04-30,active
3588,3588,current,GBP,2022-02-07,suspended
3589,3589,current,EUR,2016-11-18,active
3590,3590,current,EUR,2016-03-30,active
3591,3591,current,GBP,2023-03-05,active
3592,3592,current,EUR,2018-07-09,active
3593,3593,savings,AUD,2021-01-01,active
3594,3594,current,AUD,2016-05-27,active
3595,3595,current,CAD,2019-12-17,active
3596,3596,current,EUR,2018-06-27,active
3597,3597,current,AUD,2021-07-27,active
3598,3598,current,EUR,2020-05-14,active
3599,3599,current,CAD,2024-06-04,active
3600,3600,current,CAD,2017-12-07,active
3601,3601,current,CAD,2018-04-29,active
3602,3602,savings,EUR,2016-04-14,active
3603,3603,current,EUR,2016-01-23,active
3604,3604,current,CAD,2016-04-03,active
3605,3605,current,EUR,2022-12-25,active
3606,3606,current,EUR,2023-05-06,active
3607,3607,current,EUR,2017-12-19,active
3608,3608,savings,GBP,2016-02-08,active
3609,3609,current,GBP,2020-03-24,closed
3610,3610,current,CAD,2023-08-08,active
3611,3611,current,CAD,2021-08-30,active
3612,3612,current,CAD,2023-05-20,active
3613,3613,current,CAD,2020-10-20,active
3614,3614,current,GBP,2018-08-03,active
3615,3615,current,EUR,2022-07-19,active
3616,3616,savings,CAD,2019-07-09,active
3617,3617,current,EUR,2022-09-07,active
3618,3618,current,GBP,2020-03-09,active
3619,3619,current,GBP,2019-01-04,suspended
3620,3620,current,EUR,2017-02-08,active
3621,3621,current,AUD,2022-07-26,active
3622,3622,current,EUR,2023-07-18,active
3623,3623,current,EUR,2020-04-24,active
3624,3624,current,EUR,2017-05-16,active
3625,3625,current,GBP,2017-10-12,active
3626,3626,current,EUR,2017-07-27,active
3627,3627,current,EUR,2018-08-11,active
3628,3628,current,CAD,2017-07-31,active
3629,3629,current,CAD,2016-07-26,active
3630,3630,current,EUR,2017-08-04,closed
3631,3631,savings,GBP,2018-11-01,active
3632,3632,current,GBP,2018-11-18,active
3633,3633,current,EUR,2017-04-07,active
3634,3634,current,EUR,2021-06-08,active
3635,3635,current,EUR,2024-06-04,active
3636,3636,current,GBP,2019-04-07,active
3637,3637,savings,EUR,2021-09-03,active
3638,3638,current,AUD,2017-12-11,active
3639,3639,current,AUD,2022-10-06,suspended
3640,3640,current,CAD,2017-11-24,active
3641,3641,current,EUR,2020-03-13,active
3642,3642,current,GBP,2018-01-23,active
3643,3643,current,GBP,2020-07-28,active
3644,3644,current,CAD,2020-08-25,active
3645,3645,savings,EUR,2017-01-06,active
3646,3646,current,GBP,2022-07-10,active
3647,3647,current,EUR,2020-09-18,closed
3648,3648,current,AUD,2020-06-23,active
3649,3649,current,EUR,2020-01-28,active
3650,3650,current,AUD,2016-06-21,active
3651,3651,current,GBP,2022-06-30,active
3652,3652,current,AUD,2017-10-27,active
3653,3653,current,GBP,2020-04-27,active
3654,3654,current,AUD,2021-12-09,active
3655,3655,current,GBP,2020-06-27,active
3656,3656,current,AUD,2022-09-27,active
3657,3657,current,EUR,2019-09-01,active
3658,3658,current,CAD,2020-10-13,active
3659,3659,savings,EUR,2018-03-23,active
3660,3660,current,AUD,2023-06-25,active
3661,3661,current,GBP,2017-02-23,active
3662,3662,current,EUR,2018-03-24,active
3663,3663,current,EUR,2020-01-23,active
3664,3664,current,EUR,2018-05-14,active
3665,3665,savings,GBP,2022-06-06,active
3666,3666,current,GBP,2016-12-25,active
3667,3667,current,EUR,2019-05-24,active
3668,3668,current,GBP,2021-01-03,active
3669,3669,current,GBP,2018-06-17,active
3670,3670,current,CAD,2020-05-25,suspended
3671,3671,current,EUR,2020-01-17,active
3672,3672,current,CAD,2017-07-26,active
3673,3673,current,CAD,2018-03-23,active
3674,3674,current,CAD,2016-01-22,active
3675,3675,current,EUR,2019-07-16,active
3676,3676,current,GBP,2023-05-07,active
3677,3677,current,EUR,2018-07-02,active
3678,3678,current,GBP,2021-06-29,active
3679,3679,current,EUR,2021-02-09,closed
3680,3680,current,CAD,2020-06-17,active
3681,3681,current,EUR,2024-08-21,active
3682,3682,current,AUD,2022-05-25,active
3683,3683,current,AUD,2022-11-13,active
3684,3684,current,EUR,2021-10-28,closed
3685,3685,current,AUD,2024-03-09,active
3686,3686,current,EUR,2019-10-27,active
3687,3687,current,CAD,2020-10-15,active
3688,3688,current,GBP,2020-12-12,active
3689,3689,current,AUD,2022-10-13,active
3690,3690,current,EUR,2024-07-24,active
3691,3691,savings,AUD,2016-07-18,active
3692,3692,current,AUD,2017-12-03,active
3693,3693,current,EUR,2021-05-27,active
3694,3694,savings,EUR,2023-09-18,active
3695,3695,current,AUD,2020-10-06,active
3696,3696,current,AUD,2020-12-20,active
3697,3697,current,GBP,2016-10-19,active
3698,3698,current,EUR,2016-03-13,active
3699,3699,current,AUD,2024-11-08,active
3700,3700,savings,EUR,2024-10-01,active
3701,3701,current,EUR,2023-05-04,active
3702,3702,current,AUD,2023-10-04,active
3703,3703,current,GBP,2018-08-24,active
3704,3704,current,EUR,2022-02-15,active
3705,3705,current,EUR,2020-04-13,active
3706,3706,current,CAD,2018-02-25,active
3707,3707,current,EUR,2019-01-23,suspended
3708,3708,current,EUR,2018-10-02,active
3709,3709,current,EUR,2016-11-15,active
3710,3710,current,AUD,2016-02-02,active
3711,3711,current,EUR,2017-04-13,active
3712,3712,current,AUD,2022-04-21,active
3713,3713,current,EUR,2024-11-13,active
3714,3714,current,EUR,2016-08-20,active
3715,3715,current,EUR,2016-07-22,active
3716,3716,current,AUD,2016-10-04,active
3717,3717,current,AUD,2020-08-28,active
3718,3718,current,EUR,2022-02-23,active
3719,3719,current,EUR,2024-08-23,active
3720,3720,current,GBP,2024-04-19,active
3721,3721,current,GBP,2017-05-13,active
3722,3722,current,EUR,2024-05-13,active
3723,3723,current,CAD,2020-04-24,suspended
3724,3724,current,CAD,2022-06-23,suspended
3725,3725,current,EUR,2019-05-17,active
3726,3726,current,CAD,2017-01-16,active
3727,3727,current,CAD,2016-02-13,active
3728,3728,current,AUD,2022-05-12,active
3729,3729,current,GBP,2023-08-26,active
3730,3730,current,EUR,2019-12-20,active
3731,3731,savings,AUD,2016-11-20,active
3732,3732,current,EUR,2024-11-12,active
3733,3733,current,AUD,2023-05-29,active
3734,3734,current,AUD,2022-09-30,active
3735,3735,current,AUD,2024-04-27,active
3736,3736,current,CAD,2023-01-04,active
3737,3737,current,EUR,2017-11-15,active
3738,3738,current,GBP,2020-06-24,active
3739,3739,current,EUR,2018-01-07,active
3740,3740,current,EUR,2017-09-27,active
3741,3741,current,EUR,2023-05-23,active
3742,3742,current,EUR,2021-10-22,active
3743,3743,current,EUR,2020-11-11,active
3744,3744,current,EUR,2021-11-22,active
3745,3745,current,EUR,2022-07-29,active
3746,3746,current,AUD,2017-09-27,active
3747,3747,savings,GBP,2023-08-18,active
3748,3748,current,AUD,2016-10-13,active
3749,3749,current,EUR,2016-05-26,active
3750,3750,current,AUD,2017-05-01,active
3751,3751,current,AUD,2021-04-22,active
3752,3752,current,AUD,2020-04-23,closed
3753,3753,current,CAD,2019-05-04,active
3754,3754,current,EUR,2016-08-27,active
3755,3755,current,EUR,2021-06-13,closed
3756,3756,current,EUR,2018-12-18,active
3757,3757,current,EUR,2022-03-22,active
3758,3758,current,GBP,2021-04-28,active
3759,3759,current,EUR,2020-08-07,active
3760,3760,current,AUD,2022-01-19,active
3761,3761,current,CAD,2023-10-20,active
3762,3762,current,EUR,2020-07-21,active
3763,3763,current,AUD,2017-11-25,active
3764,3764,current,GBP,2018-01-10,active
3765,3765,current,CAD,2016-10-27,closed
3766,3766,current,GBP,2018-02-25,active
3767,3767,current,CAD,2023-08-11,active
3768,3768,current,AUD,2022-01-01,active
3769,3769,current,CAD,2024-08-23,active
3770,3770,current,GBP,2016-05-21,active
3771,3771,current,CAD,2022-07-15,suspended
3772,3772,current,EUR,2016-11-30,suspended
3773,3773,current,EUR,2016-11-07,active
3774,3774,current,GBP,2016-11-30,active
3775,3775,current,CAD,2023-06-22,active
3776,3776,current,CAD,2017-04-24,active
3777,3777,current,GBP,2016-07-28,active
3778,3778,current,EUR,2023-10-05,active
3779,3779,current,EUR,2023-05-27,active
3780,3780,current,GBP,2024-03-04,active
3781,3781,current,CAD,2020-07-04,active
3782,3782,current,EUR,2024-07-06,active
3783,3783,current,GBP,2017-01-06,active
3784,3784,current,EUR,2023-05-12,active
3785,3785,current,AUD,2021-04-14,active
3786,3786,current,AUD,2016-08-06,active
3787,3787,current,AUD,2021-06-12,active
3788,3788,current,GBP,2022-07-23,active
3789,3789,current,EUR,2018-06-29,active
3790,3790,current,EUR,2020-05-15,active
3791,3791,current,AUD,2016-07-22,active
3792,3792,current,CAD,2017-04-10,active
3793,3793,current,CAD,2017-10-17,active
3794,3794,savings,EUR,2016-02-03,active
3795,3795,current,EUR,2016-08-22,active
3796,3796,current,EUR,2018-03-22,active
3797,3797,current,CAD,2023-07-23,active
3798,3798,current,EUR,2020-07-29,active
3799,3799,current,EUR,2016-01-12,suspended
3800,3800,current,EUR,2022-01-06,active
3801,3801,current,AUD,2021-01-24,closed
3802,3802,current,AUD,2016-08-10,active
3803,3803,current,CAD,2016-02-17,active
3804,3804,current,AUD,2020-10-25,active
3805,3805,current,AUD,2018-06-13,active
3806,3806,current,EUR,2018-09-11,active
3807,3807,current,GBP,2019-11-01,active
3808,3808,current,EUR,2024-02-02,active
3809,3809,current,GBP,2016-07-26,active
3810,3810,current,GBP,2024-08-21,active
3811,3811,current,CAD,2019-02-01,active
3812,3812,current,CAD,2019-03-06,active
3813,3813,current,GBP,2016-03-07,active
3814,3814,current,GBP,2019-12-16,active
3815,3815,current,EUR,2019-09-23,suspended
3816,3816,current,EUR,2020-03-08,active
3817,3817,current,AUD,2020-08-03,active
3818,3818,current,EUR,2020-09-18,active
3819,3819,current,AUD,2019-05-11,active
3820,3820,current,EUR,2024-04-14,active
3821,3821,current,GBP,2016-04-29,active
3822,3822,current,GBP,2017-01-05,active
3823,3823,current,CAD,2021-12-03,suspended
3824,3824,current,GBP,2016-11-14,active
3825,3825,current,CAD,2016-08-21,active
3826,3826,current,EUR,2019-08-09,active
3827,3827,current,AUD,2021-02-28,active
3828,3828,current,EUR,2024-04-01,suspended
3829,3829,current,EUR,2020-10-25,active
3830,3830,current,AUD,2019-08-27,active
3831,3831,current,EUR,2020-06-10,active
3832,3832,current,EUR,2018-02-02,suspended
3833,3833,current,AUD,2016-12-29,active
3834,3834,current,GBP,2018-02-10,active
3835,3835,savings,AUD,2018-02-18,active
3836,3836,current,EUR,2018-05-25,active
3837,3837,current,AUD,2023-08-22,active
3838,3838,current,GBP,2017-11-06,suspended
3839,3839,current,GBP,2023-01-19,active
3840,3840,savings,EUR,2022-01-07,active
3841,3841,current,GBP,2018-01-24,active
3842,3842,current,AUD,2020-09-30,active
3843,3843,current,EUR,2019-04-25,active
3844,3844,savings,EUR,2021-12-03,active
3845,3845,current,EUR,2019-08-09,active
3846,3846,current,CAD,2020-05-24,active
3847,3847,current,AUD,2016-10-17,active
3848,3848,current,GBP,2023-05-31,active
3849,3849,current,AUD,2017-09-20,active
3850,3850,current,AUD,2016-11-15,active
3851,3851,current,EUR,2020-06-23,suspended
3852,3852,current,AUD,2024-07-09,active
3853,3853,current,CAD,2019-07-19,closed
3854,3854,current,CAD,2016-12-17,active
3855,3855,current,AUD,2022-04-23,active
3856,3856,current,EUR,2020-02-24,active
3857,3857,current,AUD,2016-01-14,active
3858,3858,current,EUR,2022-06-02,active
3859,3859,current,AUD,2017-03-15,active
3860,3860,current,AUD,2022-06-11,active
3861,3861,current,GBP,2023-03-06,active
3862,3862,current,CAD,2018-07-08,active
3863,3863,current,CAD,2017-10-17,active
3864,3864,current,EUR,2016-11-04,active
3865,3865,current,EUR,2019-10-29,active
3866,3866,current,EUR,2021-01-21,active
3867,3867,current,EUR,2018-03-15,active
3868,3868,savings,EUR,2023-09-15,active
3869,3869,current,CAD,2024-11-02,active
3870,3870,current,EUR,2021-06-07,active
3871,3871,current,EUR,2020-05-15,active
3872,3872,current,GBP,2023-06-08,active
3873,3873,savings,EUR,2019-01-22,active
3874,3874,current,CAD,2020-12-29,active
3875,3875,current,EUR,2018-09-24,suspended
3876,3876,current,EUR,2018-04-10,active
3877,3877,current,EUR,2017-08-01,active
3878,3878,current,GBP,2019-08-17,active
3879,3879,current,AUD,2019-02-18,active
3880,3880,current,AUD,2019-09-12,suspended
3881,3881,current,AUD,2017-12-10,active
3882,3882,current,GBP,2021-11-28,active
3883,3883,current,EUR,2022-10-04,suspended
3884,3884,current,CAD,2017-03-14,active
3885,3885,current,EUR,2021-10-08,active
3886,3886,current,CAD,2018-04-13,active
3887,3887,current,AUD,2021-10-05,active
3888,3888,current,EUR,2022-05-14,active
3889,3889,current,GBP,2019-01-11,active
3890,3890,current,EUR,2016-07-14,active
3891,3891,savings,GBP,2022-01-09,active
3892,3892,current,EUR,2023-03-24,active
3893,3893,current,AUD,2021-05-11,active
3894,3894,current,EUR,2024-10-05,active
3895,3895,current,AUD,2020-02-01,active
3896,3896,current,GBP,2016-06-28,active
3897,3897,current,EUR,2024-10-14,active
3898,3898,current,AUD,2018-07-11,active
3899,3899,current,EUR,2016-07-15,closed
3900,3900,current,GBP,2019-01-25,active
3901,3901,current,EUR,2022-07-04,active
3902,3902,current,CAD,2016-03-13,active
3903,3903,current,GBP,2020-12-07,active
3904,3904,current,EUR,2020-02-19,active
3905,3905,current,CAD,2020-10-11,active
3906,3906,current,AUD,2016-01-19,active
3907,3907,savings,GBP,2021-11-10,active
3908,3908,current,EUR,2020-09-27,active
3909,3909,current,CAD,2024-06-05,active
3910,3910,current,CAD,2019-03-03,active
3911,3911,current,AUD,2023-03-14,active
3912,3912,current,GBP,2018-05-31,active
3913,3913,current,EUR,2021-12-12,active
3914,3914,current,GBP,2017-09-12,closed
3915,3915,current,CAD,2019-11-02,active
3916,3916,current,GBP,2023-05-06,active
3917,3917,current,AUD,2021-08-28,active
3918,3918,current,GBP,2021-04-29,closed
3919,3919,current,GBP,2024-06-04,closed
3920,3920,current,AUD,2016-08-29,active
3921,3921,current,EUR,2024-06-30,active
3922,3922,current,AUD,2023-03-20,suspended
3923,3923,current,CAD,2019-05-29,active
3924,3924,current,EUR,2020-07-22,active
3925,3925,current,CAD,2020-08-22,active
3926,3926,current,GBP,2021-05-20,active
3927,3927,current,AUD,2018-01-18,active
3928,3928,current,EUR,2019-10-08,active
3929,3929,current,EUR,2021-11-12,active
3930,3930,current,EUR,2017-07-06,closed
3931,3931,current,EUR,2020-07-09,active
3932,3932,current,EUR,2017-05-01,active
3933,3933,current,CAD,2022-10-29,active
3934,3934,current,CAD,2024-06-16,active
3935,3935,current,GBP,2022-04-15,active
3936,3936,current,AUD,2018-07-13,active
3937,3937,current,CAD,2021-06-25,active
3938,3938,current,EUR,2023-04-06,active
3939,3939,current,EUR,2024-06-26,active
3940,3940,current,GBP,2018-07-12,active
3941,3941,current,CAD,2020-02-24,active
3942,3942,current,GBP,2016-09-30,active
3943,3943,current,GBP,2023-02-21,active
3944,3944,current,EUR,2022-01-03,active
3945,3945,current,AUD,2021-01-26,active
3946,3946,current,EUR,2019-05-24,active
3947,3947,current,CAD,2018-12-16,active
3948,3948,current,EUR,2018-08-21,suspended
3949,3949,current,CAD,2022-02-27,active
3950,3950,current,CAD,2021-08-11,active
3951,3951,current,GBP,2021-08-06,active
3952,3952,current,GBP,2022-10-29,active
3953,3953,current,EUR,2022-10-16,active
3954,3954,current,EUR,2017-11-14,active
3955,3955,current,GBP,2020-03-19,active
3956,3956,current,EUR,2020-11-09,active
3957,3957,current,AUD,2019-04-14,active
3958,3958,savings,EUR,2017-05-23,closed
3959,3959,current,CAD,2016-12-11,active
3960,3960,current,GBP,2022-08-30,active
3961,3961,current,EUR,2022-06-15,active
3962,3962,current,CAD,2022-08-03,active
3963,3963,current,EUR,2016-08-27,active
3964,3964,savings,AUD,2021-01-24,active
3965,3965,current,GBP,2022-09-24,active
3966,3966,current,CAD,2016-04-29,active
3967,3967,current,EUR,2016-05-08,active
3968,3968,current,CAD,2022-09-10,active
3969,3969,current,AUD,2020-03-28,active
3970,3970,current,EUR,2019-07-17,active
3971,3971,current,GBP,2022-03-12,suspended
3972,3972,current,EUR,2023-07-05,active
3973,3973,current,EUR,2024-05-19,active
3974,3974,current,EUR,2021-05-09,active
3975,3975,current,CAD,2019-02-18,active
3976,3976,current,CAD,2018-05-23,active
3977,3977,current,GBP,2020-06-18,active
3978,3978,current,CAD,2023-06-03,active
3979,3979,current,AUD,2023-11-21,active
3980,3980,current,AUD,2018-12-21,active
3981,3981,current,GBP,2019-08-20,active
3982,3982,current,EUR,2018-05-10,active
3983,3983,current,CAD,2018-11-16,active
3984,3984,current,GBP,2018-08-07,active
3985,3985,current,EUR,2022-05-25,active
3986,3986,current,CAD,2021-06-05,active
3987,3987,current,GBP,2018-12-09,active
3988,3988,current,AUD,2019-08-02,active
3989,3989,savings,EUR,2019-08-25,active
3990,3990,current,EUR,2021-10-14,active
3991,3991,current,EUR,2016-09-03,active
3992,3992,current,AUD,2019-07-12,active
3993,3993,savings,GBP,2018-07-30,active
3994,3994,savings,GBP,2016-03-10,active
3995,3995,current,AUD,2020-07-22,active
3996,3996,current,CAD,2021-02-10,active
3997,3997,current,AUD,2023-02-19,active
3998,3998,current,EUR,2018-03-26,active
3999,3999,current,GBP,2021-09-01,active
4000,4000,current,EUR,2022-10-10,active
4001,4001,current,CAD,2020-08-06,active
4002,4002,current,GBP,2017-08-07,active
4003,4003,current,AUD,2021-11-02,active
4004,4004,current,GBP,2019-08-10,active
4005,4005,current,GBP,2020-03-16,active
4006,4006,current,GBP,2016-07-08,active
4007,4007,current,GBP,2018-05-15,active
4008,4008,current,CAD,2018-01-21,active
4009,4009,current,EUR,2018-11-09,active
4010,4010,current,EUR,2018-06-16,active
4011,4011,savings,CAD,2024-06-27,active
4012,4012,current,AUD,2019-01-01,active
4013,4013,current,EUR,2023-05-26,active
4014,4014,current,EUR,2023-05-17,active
4015,4015,current,CAD,2018-08-10,active
4016,4016,current,GBP,2020-04-27,closed
4017,4017,current,EUR,2016-10-06,active
4018,4018,current,CAD,2018-10-14,active
4019,4019,current,EUR,2019-05-24,active
4020,4020,current,EUR,2020-07-17,active
4021,4021,current,AUD,2024-03-27,active
4022,4022,current,CAD,2020-07-30,active
4023,4023,current,EUR,2019-10-25,active
4024,4024,current,CAD,2024-03-13,active
4025,4025,current,CAD,2021-02-25,closed
4026,4026,current,AUD,2018-07-14,active
4027,4027,current,EUR,2019-09-12,active
4028,4028,current,EUR,2017-02-24,active
4029,4029,current,CAD,2018-09-01,closed
4030,4030,current,EUR,2022-06-16,active
4031,4031,current,EUR,2020-06-08,active
4032,4032,current,GBP,2016-05-01,active
4033,4033,current,CAD,2016-09-03,active
4034,4034,current,EUR,2017-02-02,active
4035,4035,current,EUR,2022-10-22,active
4036,4036,current,GBP,2019-03-16,active
4037,4037,current,EUR,2024-07-04,active
4038,4038,current,GBP,2017-11-04,active
4039,4039,current,CAD,2018-03-07,active
4040,4040,current,EUR,2019-05-17,active
4041,4041,current,AUD,2016-11-28,active
4042,4042,current,EUR,2024-08-02,active
4043,4043,current,GBP,2018-07-10,active
4044,4044,current,GBP,2020-05-15,active
4045,4045,current,EUR,2020-07-15,active
4046,4046,current,EUR,2022-06-29,active
4047,4047,current,AUD,2021-06-09,active
4048,4048,current,EUR,2017-02-15,suspended
4049,4049,current,AUD,2017-01-05,active
4050,4050,current,AUD,2016-11-02,active
4051,4051,current,GBP,2019-03-11,closed
4052,4052,current,EUR,2016-04-24,active
4053,4053,current,EUR,2016-06-16,active
4054,4054,current,EUR,2022-09-11,active
4055,4055,current,EUR,2022-03-30,closed
4056,4056,current,CAD,2023-11-14,active
4057,4057,current,GBP,2016-11-13,active
4058,4058,current,AUD,2021-06-13,active
4059,4059,current,GBP,2016-08-28,active
4060,4060,current,GBP,2022-08-27,active
4061,4061,current,AUD,2016-03-18,active
4062,4062,savings,AUD,2022-07-10,closed
4063,4063,current,AUD,2019-07-31,closed
4064,4064,current,EUR,2024-02-03,active
4065,4065,current,EUR,2016-12-02,active
4066,4066,current,CAD,2024-02-23,active
4067,4067,current,CAD,2019-12-09,active
4068,4068,current,EUR,2019-10-20,active
4069,4069,savings,AUD,2018-02-09,active
4070,4070,current,CAD,2017-11-18,active
4071,4071,current,EUR,2022-06-14,active
4072,4072,current,EUR,2021-03-26,suspended
4073,4073,current,EUR,2020-01-14,active
4074,4074,current,AUD,2022-03-08,active
4075,4075,current,GBP,2019-11-27,active
4076,4076,current,CAD,2023-01-17,active
4077,4077,current,CAD,2020-02-01,active
4078,4078,current,CAD,2016-04-12,active
4079,4079,current,EUR,2019-02-02,active
4080,4080,current,EUR,2020-09-22,active
4081,4081,current,EUR,2017-02-27,active
4082,4082,current,EUR,2024-04-28,active
4083,4083,savings,GBP,2024-10-02,active
4084,4084,current,GBP,2017-04-01,active
4085,4085,current,EUR,2017-08-18,closed
4086,4086,current,AUD,2019-02-18,active
4087,4087,current,AUD,2019-05-10,active
4088,4088,current,GBP,2023-07-13,active
4089,4089,current,EUR,2017-04-27,active
4090,4090,current,GBP,2023-10-09,active
4091,4091,current,GBP,2017-06-23,closed
4092,4092,current,EUR,2020-01-24,active
4093,4093,current,GBP,2023-05-22,active
4094,4094,current,GBP,2022-07-29,active
4095,4095,current,CAD,2019-10-04,active
4096,4096,current,EUR,2023-06-25,active
4097,4097,current,CAD,2022-09-26,suspended
4098,4098,current,EUR,2023-04-06,active
4099,4099,current,EUR,2016-04-15,active
4100,4100,current,AUD,2022-11-07,active
4101,4101,current,EUR,2018-09-17,active
4102,4102,current,GBP,2019-09-30,active
4103,4103,current,EUR,2019-06-14,active
4104,4104,current,CAD,2016-01-06,suspended
4105,4105,current,CAD,2019-05-11,active
4106,4106,current,EUR,2016-03-05,active
4107,4107,current,CAD,2018-09-13,active
4108,4108,current,CAD,2022-06-29,active
4109,4109,current,EUR,2016-10-19,active
4110,4110,current,GBP,2016-04-03,active
4111,4111,current,EUR,2017-10-29,active
4112,4112,current,CAD,2021-08-07,active
4113,4113,current,GBP,2023-06-02,active
4114,4114,current,AUD,2017-06-09,active
4115,4115,current,CAD,2024-04-02,active
4116,4116,current,AUD,2022-03-06,active
4117,4117,current,CAD,2017-11-14,active
4118,4118,current,GBP,2017-08-25,active
4119,4119,current,AUD,2018-06-30,active
4120,4120,current,AUD,2024-03-09,active
4121,4121,current,EUR,2017-01-10,active
4122,4122,current,CAD,2017-08-05,active
4123,4123,current,GBP,2018-01-03,active
4124,4124,current,CAD,2020-07-24,active
4125,4125,current,EUR,2024-03-22,active
4126,4126,current,GBP,2018-08-11,active
4127,4127,current,AUD,2024-01-14,active
4128,4128,current,EUR,2018-09-16,active
4129,4129,current,EUR,2021-06-30,active
4130,4130,savings,GBP,2019-11-10,active
4131,4131,current,GBP,2019-02-28,active
4132,4132,current,EUR,2019-07-01,active
4133,4133,current,EUR,2022-11-01,active
4134,4134,current,EUR,2024-08-30,active
4135,4135,current,CAD,2020-12-17,active
4136,4136,current,EUR,2022-08-31,active
4137,4137,savings,EUR,2017-03-17,active
4138,4138,current,EUR,2020-09-22,active
4139,4139,current,CAD,2020-09-15,active
4140,4140,savings,AUD,2019-08-19,active
4141,4141,current,EUR,2022-05-12,active
4142,4142,current,CAD,2020-12-22,active
4143,4143,current,AUD,2019-10-08,active
4144,4144,savings,EUR,2019-12-31,active
4145,4145,current,GBP,2024-11-17,active
4146,4146,current,GBP,2023-10-09,active
4147,4147,current,AUD,2018-10-04,active
4148,4148,current,EUR,2018-10-04,suspended
4149,4149,current,CAD,2021-08-21,active
4150,4150,current,CAD,2023-06-17,active
4151,4151,current,EUR,2016-10-31,active
4152,4152,current,CAD,2016-06-19,active
4153,4153,current,EUR,2020-05-09,active
4154,4154,current,AUD,2020-10-31,active
4155,4155,current,CAD,2024-10-05,active
4156,4156,current,CAD,2023-05-30,active
4157,4157,current,CAD,2023-06-26,closed
4158,4158,current,GBP,2019-03-26,active
4159,4159,current,GBP,2017-08-01,active
4160,4160,current,GBP,2019-09-04,active
4161,4161,current,GBP,2020-10-02,active
4162,4162,savings,GBP,2023-03-30,active
4163,4163,current,GBP,2019-05-27,active
4164,4164,current,AUD,2017-08-31,suspended
4165,4165,current,AUD,2016-02-07,active
4166,4166,current,GBP,2017-07-25,active
4167,4167,current,GBP,2021-02-28,active
4168,4168,current,EUR,2019-04-17,active
4169,4169,current,EUR,2023-02-04,active
4170,4170,current,GBP,2019-01-20,active
4171,4171,savings,CAD,2021-01-02,active
4172,4172,current,EUR,2021-11-08,active
4173,4173,current,GBP,2017-09-25,active
4174,4174,current,EUR,2024-12-06,active
4175,4175,current,EUR,2023-03-03,active
4176,4176,current,AUD,2016-04-14,active
4177,4177,current,EUR,2020-07-29,active
4178,4178,current,GBP,2016-02-10,active
4179,4179,current,CAD,2022-10-01,active
4180,4180,current,CAD,2022-11-09,closed
4181,4181,current,EUR,2024-02-06,active
4182,4182,current,GBP,2019-09-21,active
4183,4183,current,CAD,2022-05-16,active
4184,4184,current,AUD,2022-03-26,active
4185,4185,current,GBP,2019-12-09,active
4186,4186,current,CAD,2019-09-15,active
4187,4187,current,GBP,2018-06-19,active
4188,4188,current,EUR,2016-07-04,active
4189,4189,current,EUR,2019-08-05,active
4190,4190,current,AUD,2023-06-23,active
4191,4191,current,CAD,2017-02-27,active
4192,4192,savings,GBP,2018-04-27,active
4193,4193,current,GBP,2020-05-18,active
4194,4194,current,EUR,2021-04-18,active
4195,4195,current,CAD,2022-11-30,active
4196,4196,current,CAD,2018-05-03,closed
4197,4197,current,EUR,2019-11-25,active
4198,4198,current,EUR,2020-02-10,active
4199,4199,current,EUR,2024-11-09,active
4200,4200,current,GBP,2021-06-05,active
4201,4201,savings,EUR,2019-01-05,active
4202,4202,current,AUD,2023-02-26,active
4203,4203,current,EUR,2023-01-06,active
4204,4204,current,EUR,2019-08-02,active
4205,4205,current,EUR,2019-08-14,active
4206,4206,current,CAD,2018-09-13,active
4207,4207,current,EUR,2024-08-24,active
4208,4208,current,GBP,2024-09-04,active
4209,4209,current,GBP,2024-11-05,active
4210,4210,current,AUD,2020-05-28,active
4211,4211,current,GBP,2016-12-10,active
4212,4212,current,AUD,2022-10-16,active
4213,4213,current,EUR,2023-12-28,active
4214,4214,current,EUR,2024-09-07,active
4215,4215,current,CAD,2021-02-07,active
4216,4216,current,GBP,2021-11-30,active
4217,4217,current,EUR,2020-02-22,active
4218,4218,current,CAD,2024-01-22,active
4219,4219,current,EUR,2017-01-09,active
4220,4220,current,CAD,2016-03-07,active
4221,4221,current,CAD,2020-09-27,closed
4222,4222,current,AUD,2017-04-23,active
4223,4223,current,EUR,2016-10-15,active
4224,4224,current,GBP,2021-09-02,active
4225,4225,current,AUD,2023-11-20,active
4226,4226,savings,CAD,2021-08-21,active
4227,4227,current,CAD,2017-03-19,active
4228,4228,current,AUD,2024-03-10,active
4229,4229,current,AUD,2019-03-09,active
4230,4230,current,GBP,2024-10-16,active
4231,4231,current,CAD,2022-10-27,active
4232,4232,current,EUR,2024-10-18,active
4233,4233,current,GBP,2022-10-29,active
4234,4234,current,CAD,2022-02-17,active
4235,4235,current,CAD,2017-08-22,closed
4236,4236,current,EUR,2016-09-02,active
4237,4237,current,GBP,2020-09-29,active
4238,4238,current,AUD,2022-04-22,active
4239,4239,current,AUD,2016-01-29,active
4240,4240,current,EUR,2023-01-01,active
4241,4241,current,EUR,2019-10-06,active
4242,4242,current,GBP,2018-08-03,active
4243,4243,current,CAD,2020-10-18,active
4244,4244,current,EUR,2016-04-12,closed
4245,4245,current,GBP,2020-11-01,active
4246,4246,current,EUR,2023-03-30,active
4247,4247,current,EUR,2018-05-25,active
4248,4248,current,GBP,2021-08-04,active
4249,4249,current,EUR,2017-07-25,active
4250,4250,current,GBP,2020-09-25,active
4251,4251,current,AUD,2022-08-02,active
4252,4252,current,EUR,2021-05-25,active
4253,4253,current,EUR,2018-06-08,active
4254,4254,current,AUD,2024-01-09,active
4255,4255,current,EUR,2021-02-28,suspended
4256,4256,current,GBP,2020-11-25,active
4257,4257,current,AUD,2018-03-10,active
4258,4258,current,EUR,2023-11-11,active
4259,4259,current,EUR,2022-08-15,active
4260,4260,current,EUR,2021-07-24,active
4261,4261,current,EUR,2022-03-03,active
4262,4262,current,GBP,2020-05-13,active
4263,4263,current,GBP,2017-07-23,active
4264,4264,current,EUR,2017-01-18,active
4265,4265,current,EUR,2023-09-29,active
4266,4266,current,CAD,2018-01-29,active
4267,4267,current,GBP,2021-01-05,active
4268,4268,current,CAD,2016-08-05,active
4269,4269,current,EUR,2016-03-14,active
4270,4270,current,GBP,2016-09-29,active
4271,4271,savings,EUR,2017-12-06,active
4272,4272,current,EUR,2017-09-17,active
4273,4273,current,GBP,2018-05-24,active
4274,4274,current,EUR,2016-06-26,active
4275,4275,current,GBP,2024-05-26,active
4276,4276,current,CAD,2019-03-26,active
4277,4277,current,CAD,2023-08-01,active
4278,4278,current,EUR,2021-08-02,active
4279,4279,current,AUD,2018-05-07,active
4280,4280,current,EUR,2019-09-15,active
4281,4281,current,EUR,2024-05-18,active
4282,4282,current,CAD,2018-03-30,suspended
4283,4283,current,EUR,2019-12-21,active
4284,4284,current,GBP,2021-07-21,active
4285,4285,current,CAD,2017-09-28,active
4286,4286,current,CAD,2021-04-15,active
4287,4287,current,EUR,2020-08-08,closed
4288,4288,current,CAD,2023-06-03,active
4289,4289,current,EUR,2016-05-22,closed
4290,4290,current,EUR,2016-09-13,active
4291,4291,current,AUD,2020-07-03,suspended
4292,4292,current,GBP,2019-02-25,active
4293,4293,current,EUR,2021-03-30,active
4294,4294,current,EUR,2023-10-20,active
4295,4295,current,CAD,2018-09-29,active
4296,4296,current,AUD,2019-12-22,active
4297,4297,current,GBP,2016-02-03,active
4298,4298,current,EUR,2022-07-22,active
4299,4299,current,GBP,2018-12-31,active
4300,4300,current,EUR,2024-10-17,active
4301,4301,current,GBP,2022-08-08,active
4302,4302,current,GBP,2022-12-08,active
4303,4303,current,CAD,2020-04-16,active
4304,4304,savings,CAD,2021-11-20,active
4305,4305,current,GBP,2023-12-25,active
4306,4306,current,EUR,2016-06-17,active
4307,4307,savings,EUR,2019-09-02,active
4308,4308,current,EUR,2020-01-15,active
4309,4309,current,EUR,2020-09-19,active
4310,4310,current,EUR,2018-04-12,active
4311,4311,current,GBP,2024-09-09,active
4312,4312,current,EUR,2020-10-17,active
4313,4313,current,EUR,2018-11-29,active
4314,4314,savings,EUR,2017-10-25,active
4315,4315,current,GBP,2016-12-17,active
4316,4316,current,GBP,2022-05-12,active
4317,4317,current,EUR,2017-08-21,active
4318,4318,current,EUR,2024-06-24,active
4319,4319,current,EUR,2018-08-09,active
4320,4320,current,AUD,2023-10-06,active
4321,4321,current,CAD,2017-08-29,active
4322,4322,current,AUD,2017-08-19,active
4323,4323,savings,CAD,2017-06-30,active
4324,4324,current,AUD,2016-10-02,active
4325,4325,current,AUD,2023-06-20,active
4326,4326,savings,CAD,2020-12-02,active
4327,4327,current,EUR,2016-06-18,active
4328,4328,savings,EUR,2021-06-12,active
4329,4329,savings,CAD,2017-04-20,active
4330,4330,current,GBP,2024-07-28,active
4331,4331,current,AUD,2016-12-11,active
4332,4332,current,AUD,2022-11-23,active
4333,4333,current,AUD,2019-08-17,active
4334,4334,current,AUD,2016-04-30,active
4335,4335,current,EUR,2020-12-26,active
4336,4336,current,AUD,2016-12-05,active
4337,4337,current,EUR,2016-02-18,suspended
4338,4338,current,GBP,2021-11-11,active
4339,4339,current,EUR,2022-05-05,active
4340,4340,current,EUR,2016-07-23,active
4341,4341,current,EUR,2020-08-03,active
4342,4342,current,CAD,2017-08-28,active
4343,4343,current,AUD,2018-09-24,active
4344,4344,current,GBP,2019-07-16,active
4345,4345,current,CAD,2019-07-06,active
4346,4346,savings,CAD,2017-11-26,active
4347,4347,current,GBP,2018-03-19,suspended
4348,4348,current,EUR,2017-05-17,active
4349,4349,current,CAD,2023-05-14,active
4350,4350,current,EUR,2022-02-02,active
4351,4351,current,EUR,2018-01-29,active
4352,4352,current,EUR,2017-02-20,active
4353,4353,current,AUD,2019-01-19,active
4354,4354,current,GBP,2021-12-30,active
4355,4355,current,GBP,2021-12-12,active
4356,4356,current,EUR,2016-12-06,active
4357,4357,current,CAD,2020-02-07,active
4358,4358,current,EUR,2020-05-17,active
4359,4359,current,AUD,2018-08-31,active
4360,4360,current,EUR,2021-08-18,active
4361,4361,current,EUR,2020-01-04,active
4362,4362,current,GBP,2024-06-27,active
4363,4363,current,AUD,2018-03-24,closed
4364,4364,current,AUD,2016-07-19,active
4365,4365,current,EUR,2022-05-28,active
4366,4366,current,GBP,2018-06-24,active
4367,4367,current,GBP,2017-02-01,active
4368,4368,current,EUR,2019-05-02,active
4369,4369,current,CAD,2020-09-26,active
4370,4370,current,AUD,2024-03-17,active
4371,4371,current,AUD,2022-02-26,active
4372,4372,current,CAD,2018-06-28,active
4373,4373,current,EUR,2018-07-26,active
4374,4374,current,CAD,2022-12-17,active
4375,4375,current,CAD,2018-12-21,active
4376,4376,current,EUR,2016-12-05,active
4377,4377,current,AUD,2017-06-02,active
4378,4378,current,AUD,2020-07-10,active
4379,4379,current,AUD,2021-12-03,active
4380,4380,current,EUR,2021-05-11,active
4381,4381,current,AUD,2019-07-19,active
4382,4382,current,GBP,2019-03-02,active
4383,4383,savings,CAD,2021-10-27,suspended
4384,4384,current,AUD,2016-02-17,active
4385,4385,current,EUR,2019-07-13,active
4386,4386,current,EUR,2017-01-30,active
4387,4387,current,EUR,2024-05-03,active
4388,4388,current,CAD,2024-11-09,active
4389,4389,savings,AUD,2016-08-17,closed
4390,4390,current,EUR,2018-05-06,active
4391,4391,current,GBP,2023-12-27,active
4392,4392,current,CAD,2023-02-16,active
4393,4393,current,GBP,2021-11-30,active
4394,4394,current,EUR,2016-09-01,active
4395,4395,savings,EUR,2024-02-10,active
4396,4396,current,EUR,2022-09-13,active
4397,4397,current,EUR,2019-08-26,active
4398,4398,current,GBP,2023-01-26,active
4399,4399,current,EUR,2024-03-29,active
4400,4400,current,GBP,2018-11-04,active
4401,4401,current,CAD,2023-05-20,active
4402,4402,savings,CAD,2019-10-26,active
4403,4403,current,EUR,2019-06-17,active
4404,4404,savings,AUD,2019-02-14,active
4405,4405,current,EUR,2017-12-28,active
4406,4406,current,EUR,2022-07-18,closed
4407,4407,current,CAD,2024-08-26,active
4408,4408,current,EUR,2018-07-18,active
4409,4409,current,EUR,2017-12-11,active
4410,4410,current,EUR,2021-11-28,active
4411,4411,current,CAD,2023-05-22,active
4412,4412,current,EUR,2017-02-19,active
4413,4413,current,CAD,2019-01-19,active
4414,4414,current,GBP,2020-02-24,active
4415,4415,current,AUD,2017-01-18,active
4416,4416,current,AUD,2019-10-23,active
4417,4417,current,EUR,2017-03-05,active
4418,4418,current,EUR,2016-09-27,active
4419,4419,current,AUD,2022-10-10,active
4420,4420,current,EUR,2018-01-09,active
4421,4421,current,EUR,2023-10-24,active
4422,4422,current,AUD,2022-12-31,active
4423,4423,savings,AUD,2024-05-22,active
4424,4424,current,CAD,2017-01-17,active
4425,4425,current,GBP,2023-09-21,active
4426,4426,savings,CAD,2017-12-30,active
4427,4427,current,GBP,2019-05-25,active
4428,4428,current,CAD,2018-05-06,active
4429,4429,current,EUR,2020-12-04,active
4430,4430,savings,GBP,2020-01-31,active
4431,4431,current,CAD,2020-04-27,active
4432,4432,current,CAD,2019-01-09,active
4433,4433,current,GBP,2022-01-30,active
4434,4434,current,CAD,2017-02-05,active
4435,4435,current,EUR,2017-05-30,closed
4436,4436,current,GBP,2023-12-01,active
4437,4437,current,EUR,2024-06-01,active
4438,4438,savings,AUD,2017-03-17,active
4439,4439,current,CAD,2024-06-18,active
4440,4440,current,AUD,2016-04-26,active
4441,4441,current,AUD,2024-07-13,active
4442,4442,current,AUD,2022-06-13,active
4443,4443,current,CAD,2018-12-06,active
4444,4444,current,GBP,2018-05-13,active
4445,4445,current,EUR,2024-11-30,active
4446,4446,current,CAD,2024-04-23,active
4447,4447,savings,CAD,2016-07-17,active
4448,4448,current,EUR,2024-06-12,active
4449,4449,current,GBP,2021-01-09,active
4450,4450,current,CAD,2023-05-22,closed
4451,4451,current,EUR,2023-09-21,active
4452,4452,current,EUR,2019-03-26,active
4453,4453,current,AUD,2016-08-11,active
4454,4454,current,AUD,2016-12-21,active
4455,4455,current,EUR,2020-04-06,active
4456,4456,current,EUR,2016-01-14,active
4457,4457,current,AUD,2021-07-08,active
4458,4458,current,CAD,2018-06-12,active
4459,4459,current,GBP,2020-10-04,active
4460,4460,current,CAD,2018-12-07,active
4461,4461,current,CAD,2023-05-25,active
4462,4462,current,GBP,2020-12-15,active
4463,4463,current,EUR,2022-04-22,active
4464,4464,current,AUD,2020-01-08,active
4465,4465,current,GBP,2017-07-16,active
4466,4466,current,AUD,2021-09-28,active
4467,4467,current,AUD,2021-07-26,active
4468,4468,current,EUR,2018-09-07,suspended
4469,4469,current,CAD,2020-01-03,active
4470,4470,current,AUD,2016-04-23,active
4471,4471,current,AUD,2021-05-03,active
4472,4472,current,GBP,2024-09-13,active
4473,4473,savings,AUD,2017-01-10,active
4474,4474,current,EUR,2018-05-11,active
4475,4475,current,EUR,2016-07-10,active
4476,4476,current,GBP,2020-06-20,suspended
4477,4477,current,CAD,2018-12-26,active
4478,4478,current,EUR,2020-10-03,active
4479,4479,current,AUD,2017-06-28,suspended
4480,4480,current,GBP,2016-03-04,active
4481,4481,savings,AUD,2022-06-20,suspended
4482,4482,current,AUD,2022-06-22,active
4483,4483,savings,AUD,2022-07-11,suspended
4484,4484,current,CAD,2023-07-21,active
4485,4485,current,AUD,2017-01-20,active
4486,4486,current,AUD,2016-01-15,active
4487,4487,current,EUR,2020-05-02,active
4488,4488,current,EUR,2022-10-05,suspended
4489,4489,current,CAD,2016-10-09,active
4490,4490,current,CAD,2018-01-15,active
4491,4491,current,AUD,2016-03-20,active
4492,4492,current,EUR,2020-10-06,active
4493,4493,savings,CAD,2018-06-08,active
4494,4494,current,CAD,2019-06-17,active
4495,4495,current,AUD,2023-06-04,active
4496,4496,current,CAD,2019-06-03,active
4497,4497,current,CAD,2017-03-08,active
4498,4498,current,EUR,2018-07-26,active
4499,4499,current,CAD,2016-12-05,active
4500,4500,current,EUR,2024-04-30,active
4501,4501,current,CAD,2018-04-19,active
4502,4502,current,EUR,2019-12-26,active
4503,4503,savings,EUR,2023-10-15,active
4504,4504,current,EUR,2020-02-10,active
4505,4505,current,AUD,2019-11-08,active
4506,4506,current,CAD,2019-05-30,active
4507,4507,current,EUR,2024-02-16,active
4508,4508,current,EUR,2021-03-14,active
4509,4509,current,CAD,2017-02-13,closed
4510,4510,current,EUR,2016-06-20,active
4511,4511,current,CAD,2020-05-08,active
4512,4512,current,EUR,2022-08-03,active
4513,4513,current,EUR,2016-12-25,active
4514,4514,current,GBP,2020-01-07,suspended
4515,4515,current,EUR,2016-06-17,closed
4516,4516,current,EUR,2021-12-27,active
4517,4517,current,GBP,2020-08-08,active
4518,4518,current,EUR,2021-02-17,active
4519,4519,current,AUD,2023-09-19,active
4520,4520,current,AUD,2022-07-31,closed
4521,4521,current,AUD,2016-08-26,active
4522,4522,current,EUR,2022-08-04,active
4523,4523,current,EUR,2017-01-19,active
4524,4524,current,EUR,2022-10-03,closed
4525,4525,current,GBP,2020-09-17,active
4526,4526,current,GBP,2021-08-07,active
4527,4527,current,GBP,2022-03-05,active
4528,4528,current,EUR,2022-01-20,active
4529,4529,current,EUR,2019-12-15,active
4530,4530,current,AUD,2018-04-15,active
4531,4531,current,EUR,2019-01-11,active
4532,4532,current,EUR,2018-02-24,active
4533,4533,current,EUR,2019-10-13,active
4534,4534,current,EUR,2021-10-10,active
4535,4535,current,GBP,2024-11-25,active
4536,4536,current,AUD,2018-01-22,suspended
4537,4537,current,CAD,2021-05-18,active
4538,4538,current,EUR,2019-11-09,active
4539,4539,current,CAD,2021-08-28,active
4540,4540,current,CAD,2018-12-05,active
4541,4541,current,CAD,2020-01-02,active
4542,4542,savings,AUD,2021-09-19,suspended
4543,4543,current,EUR,2018-09-05,active
4544,4544,savings,EUR,2017-06-22,active
4545,4545,current,AUD,2023-02-11,active
4546,4546,savings,EUR,2021-01-10,active
4547,4547,current,AUD,2021-09-26,active
4548,4548,current,AUD,2023-08-31,active
4549,4549,savings,CAD,2023-05-07,active
4550,4550,current,CAD,2020-08-14,active
4551,4551,current,EUR,2018-06-25,active
4552,4552,current,AUD,2024-12-03,active
4553,4553,current,AUD,2022-11-11,active
4554,4554,current,EUR,2018-02-01,active
4555,4555,current,EUR,2022-08-17,closed
4556,4556,current,EUR,2024-11-21,active
4557,4557,current,EUR,2020-08-06,active
4558,4558,current,EUR,2019-08-21,active
4559,4559,current,EUR,2024-09-02,active
4560,4560,current,CAD,2023-11-12,active
4561,4561,current,EUR,2021-02-19,active
4562,4562,current,EUR,2024-03-07,active
4563,4563,current,AUD,2024-10-06,active
4564,4564,current,AUD,2024-06-11,active
4565,4565,current,AUD,2016-02-08,active
4566,4566,current,EUR,2021-08-30,active
4567,4567,current,GBP,2022-03-29,active
4568,4568,current,EUR,2019-03-10,active
4569,4569,current,EUR,2023-03-24,active
4570,4570,current,CAD,2021-11-10,active
4571,4571,current,EUR,2023-07-27,closed
4572,4572,current,GBP,2024-04-08,active
4573,4573,current,EUR,2020-09-13,active
4574,4574,current,AUD,2022-04-07,active
4575,4575,current,EUR,2024-04-14,active
4576,4576,current,EUR,2022-05-15,active
4577,4577,current,EUR,2020-12-25,active
4578,4578,current,AUD,2016-06-27,active
4579,4579,current,AUD,2019-08-09,active
4580,4580,current,EUR,2018-10-04,closed
4581,4581,current,AUD,2022-10-26,active
4582,4582,current,CAD,2024-02-13,active
4583,4583,current,EUR,2016-04-05,active
4584,4584,current,GBP,2022-05-14,active
4585,4585,current,AUD,2019-05-23,active
4586,4586,current,EUR,2017-02-28,active
4587,4587,current,AUD,2018-09-29,active
4588,4588,current,EUR,2020-12-12,active
4589,4589,current,EUR,2016-06-06,active
4590,4590,current,CAD,2018-05-11,active
4591,4591,savings,EUR,2021-04-17,active
4592,4592,current,EUR,2022-04-27,active
4593,4593,current,CAD,2018-05-23,active
4594,4594,savings,GBP,2016-07-25,active
4595,4595,current,GBP,2018-08-07,active
4596,4596,current,CAD,2018-12-18,active
4597,4597,current,GBP,2023-11-21,active
4598,4598,current,EUR,2024-09-27,active
4599,4599,current,EUR,2019-07-14,active
4600,4600,current,AUD,2023-12-28,active
4601,4601,current,AUD,2023-12-10,active
4602,4602,current,CAD,2020-08-10,active
4603,4603,current,EUR,2018-12-11,active
4604,4604,current,GBP,2018-06-04,active
4605,4605,current,EUR,2016-01-14,active
4606,4606,current,CAD,2024-07-06,active
4607,4607,current,AUD,2018-10-06,active
4608,4608,current,CAD,2019-10-28,active
4609,4609,savings,CAD,2024-04-15,active
4610,4610,current,EUR,2016-11-24,active
4611,4611,current,GBP,2022-08-08,active
4612,4612,current,AUD,2016-05-29,active
4613,4613,current,AUD,2023-10-16,active
4614,4614,current,AUD,2024-05-25,active
4615,4615,current,GBP,2018-09-21,active
4616,4616,current,CAD,2020-08-09,active
4617,4617,current,AUD,2018-05-31,active
4618,4618,savings,CAD,2022-01-27,active
4619,4619,current,EUR,2021-07-15,active
4620,4620,current,AUD,2023-04-16,active
4621,4621,current,AUD,2023-07-07,active
4622,4622,current,EUR,2022-11-25,active
4623,4623,current,EUR,2020-09-03,active
4624,4624,current,EUR,2022-05-25,active
4625,4625,current,CAD,2022-08-03,active
4626,4626,current,GBP,2022-06-08,active
4627,4627,current,EUR,2017-03-19,active
4628,4628,current,AUD,2023-09-23,active
4629,4629,current,EUR,2019-01-28,closed
4630,4630,current,CAD,2019-08-02,active
4631,4631,current,AUD,2023-12-09,active
4632,4632,current,AUD,2019-10-16,active
4633,4633,current,EUR,2017-02-15,active
4634,4634,current,EUR,2024-11-25,active
4635,4635,current,CAD,2016-11-24,active
4636,4636,current,GBP,2023-05-24,active
4637,4637,savings,GBP,2018-05-10,active
4638,4638,current,GBP,2020-06-09,active
4639,4639,current,CAD,2024-09-25,active
4640,4640,current,AUD,2020-03-08,active
4641,4641,current,AUD,2024-05-11,active
4642,4642,savings,CAD,2021-10-15,active
4643,4643,current,CAD,2018-07-01,active
4644,4644,current,EUR,2019-05-16,active
4645,4645,current,CAD,2019-05-16,active
4646,4646,current,AUD,2018-08-07,active
4647,4647,current,EUR,2016-05-19,active
4648,4648,current,EUR,2018-07-30,active
4649,4649,current,EUR,2021-01-22,closed
4650,4650,current,GBP,2022-07-26,active
4651,4651,savings,CAD,2024-08-18,active
4652,4652,current,CAD,2020-06-27,closed
4653,4653,current,GBP,2016-01-23,active
4654,4654,current,AUD,2024-11-24,active
4655,4655,savings,GBP,2023-04-27,active
4656,4656,current,EUR,2022-06-27,active
4657,4657,current,EUR,2024-09-10,closed
4658,4658,current,CAD,2019-11-17,closed
4659,4659,current,EUR,2016-12-31,active
4660,4660,current,CAD,2020-02-26,active
4661,4661,current,EUR,2016-02-20,active
4662,4662,current,GBP,2017-02-21,closed
4663,4663,current,EUR,2018-03-04,active
4664,4664,current,AUD,2019-06-06,active
4665,4665,current,EUR,2019-09-23,active
4666,4666,current,AUD,2019-08-20,active
4667,4667,current,AUD,2021-02-06,active
4668,4668,current,EUR,2016-09-12,closed
4669,4669,current,CAD,2024-07-30,active
4670,4670,current,GBP,2023-05-04,active
4671,4671,current,EUR,2024-07-17,active
4672,4672,current,EUR,2023-12-07,active
4673,4673,current,EUR,2024-03-08,active
4674,4674,current,AUD,2020-01-27,active
4675,4675,current,CAD,2017-05-07,active
4676,4676,current,EUR,2020-06-06,active
4677,4677,current,CAD,2024-05-20,active
4678,4678,current,AUD,2018-05-10,active
4679,4679,current,EUR,2018-04-15,active
4680,4680,current,CAD,2021-12-13,active
4681,4681,current,GBP,2018-01-23,active
4682,4682,current,EUR,2021-10-30,closed
4683,4683,current,AUD,2020-12-24,active
4684,4684,current,AUD,2016-06-18,closed
4685,4685,current,AUD,2022-10-31,active
4686,4686,current,EUR,2024-07-11,active
4687,4687,current,AUD,2020-01-10,active
4688,4688,current,AUD,2016-05-17,active
4689,4689,current,EUR,2017-11-16,active
4690,4690,current,EUR,2017-08-15,active
4691,4691,savings,CAD,2016-04-05,active
4692,4692,current,EUR,2024-02-24,active
4693,4693,current,EUR,2019-11-15,active
4694,4694,current,AUD,2023-09-27,active
4695,4695,current,GBP,2020-04-21,active
4696,4696,current,AUD,2023-11-25,active
4697,4697,current,GBP,2023-06-11,active
4698,4698,current,GBP,2023-11-04,active
4699,4699,current,EUR,2019-09-30,active
4700,4700,current,EUR,2024-07-06,active
4701,4701,current,CAD,2017-06-18,active
4702,4702,current,GBP,2017-01-23,active
4703,4703,current,CAD,2020-09-03,active
4704,4704,current,AUD,2021-04-28,active
4705,4705,current,GBP,2024-10-19,active
4706,4706,current,EUR,2023-01-05,active
4707,4707,savings,CAD,2020-10-18,active
4708,4708,current,GBP,2016-02-05,active
4709,4709,current,GBP,2021-12-05,active
4710,4710,current,GBP,2022-11-07,active
4711,4711,current,GBP,2024-10-12,active
4712,4712,current,CAD,2017-07-17,active
4713,4713,current,GBP,2024-04-20,active
4714,4714,current,EUR,2024-01-08,active
4715,4715,savings,CAD,2016-07-29,active
4716,4716,current,GBP,2019-11-02,active
4717,4717,current,EUR,2016-03-01,active
4718,4718,current,EUR,2018-09-12,active
4719,4719,current,AUD,2020-10-12,active
4720,4720,current,CAD,2017-09-25,active
4721,4721,current,GBP,2023-12-11,active
4722,4722,current,GBP,2017-03-27,active
4723,4723,current,EUR,2022-10-08,suspended
4724,4724,current,GBP,2017-10-01,active
4725,4725,current,GBP,2017-09-07,active
4726,4726,current,GBP,2018-03-23,active
4727,4727,savings,AUD,2017-02-26,active
4728,4728,current,EUR,2022-09-18,active
4729,4729,current,EUR,2017-11-17,active
4730,4730,current,CAD,2023-09-15,active
4731,4731,current,AUD,2019-11-19,active
4732,4732,current,AUD,2018-01-07,active
4733,4733,current,EUR,2024-06-14,active
4734,4734,savings,EUR,2019-06-12,active
4735,4735,current,EUR,2021-03-22,active
4736,4736,current,EUR,2021-05-11,active
4737,4737,current,EUR,2021-11-06,closed
4738,4738,current,EUR,2016-07-20,active
4739,4739,current,EUR,2019-05-06,active
4740,4740,savings,EUR,2023-08-15,active
4741,4741,current,AUD,2017-06-18,active
4742,4742,current,CAD,2022-10-18,active
4743,4743,current,GBP,2018-08-13,active
4744,4744,current,EUR,2016-09-10,active
4745,4745,current,GBP,2017-04-17,active
4746,4746,current,GBP,2016-09-28,active
4747,4747,current,AUD,2022-05-19,active
4748,4748,current,CAD,2023-07-25,suspended
4749,4749,current,AUD,2019-08-26,active
4750,4750,current,EUR,2021-05-20,active
4751,4751,current,CAD,2022-12-12,active
4752,4752,current,AUD,2024-04-09,active
4753,4753,current,EUR,2016-06-12,active
4754,4754,current,AUD,2024-04-12,closed
4755,4755,current,GBP,2018-10-21,active
4756,4756,current,CAD,2016-08-13,active
4757,4757,savings,EUR,2021-07-18,closed
4758,4758,savings,EUR,2023-04-20,active
4759,4759,current,AUD,2019-02-21,active
4760,4760,current,EUR,2018-01-25,active
4761,4761,current,GBP,2018-07-14,active
4762,4762,current,EUR,2023-05-25,active
4763,4763,savings,CAD,2023-03-12,active
4764,4764,savings,GBP,2019-04-21,closed
4765,4765,current,EUR,2018-03-06,active
4766,4766,current,GBP,2016-07-02,active
4767,4767,current,GBP,2017-07-01,active
4768,4768,savings,AUD,2020-01-10,active
4769,4769,savings,GBP,2019-01-05,active
4770,4770,current,CAD,2019-05-14,closed
4771,4771,current,GBP,2017-10-05,active
4772,4772,current,GBP,2021-10-06,active
4773,4773,current,AUD,2017-01-14,active
4774,4774,current,EUR,2022-02-19,active
4775,4775,current,CAD,2022-05-24,active
4776,4776,current,EUR,2023-10-16,active
4777,4777,current,CAD,2024-04-19,active
4778,4778,current,EUR,2016-11-06,active
4779,4779,current,EUR,2024-06-07,active
4780,4780,current,GBP,2016-11-03,active
4781,4781,current,GBP,2020-05-07,active
4782,4782,current,EUR,2021-03-10,active
4783,4783,current,EUR,2020-09-30,active
4784,4784,current,EUR,2017-03-24,active
4785,4785,current,EUR,2022-11-15,active
4786,4786,current,GBP,2016-06-10,active
4787,4787,current,EUR,2018-09-26,active
4788,4788,current,EUR,2019-12-28,active
4789,4789,current,CAD,2016-07-11,suspended
4790,4790,current,EUR,2020-07-09,active
4791,4791,current,GBP,2021-11-17,active
4792,4792,savings,CAD,2016-01-22,active
4793,4793,current,EUR,2023-08-20,active
4794,4794,current,CAD,2021-03-31,active
4795,4795,current,EUR,2021-12-29,closed
4796,4796,current,EUR,2024-12-01,active
4797,4797,current,CAD,2019-12-01,active
4798,4798,current,CAD,2016-11-23,active
4799,4799,current,AUD,2024-02-19,active
4800,4800,current,GBP,2021-07-13,active
4801,4801,current,CAD,2019-12-23,active
4802,4802,current,EUR,2019-06-06,active
4803,4803,current,AUD,2024-06-29,active
4804,4804,current,GBP,2019-12-02,active
4805,4805,current,CAD,2024-09-05,suspended
4806,4806,current,GBP,2021-05-31,active
4807,4807,current,GBP,2019-03-13,closed
4808,4808,current,GBP,2018-12-16,active
4809,4809,current,CAD,2023-12-04,active
4810,4810,current,CAD,2016-06-12,active
4811,4811,current,AUD,2021-08-02,active
4812,4812,current,AUD,2019-06-27,active
4813,4813,current,GBP,2023-08-10,active
4814,4814,current,GBP,2019-04-12,active
4815,4815,current,CAD,2023-08-02,active
4816,4816,current,EUR,2019-01-30,active
4817,4817,current,AUD,2018-03-09,active
4818,4818,current,EUR,2019-10-15,active
4819,4819,current,EUR,2017-11-16,active
4820,4820,current,CAD,2022-03-23,active
4821,4821,current,EUR,2023-01-13,active
4822,4822,current,EUR,2022-12-17,active
4823,4823,current,GBP,2016-07-10,active
4824,4824,current,EUR,2017-06-11,active
4825,4825,current,EUR,2016-05-20,closed
4826,4826,current,GBP,2017-08-07,active
4827,4827,current,CAD,2023-08-11,active
4828,4828,current,EUR,2017-09-15,active
4829,4829,current,CAD,2023-04-30,active
4830,4830,current,EUR,2024-04-20,active
4831,4831,current,EUR,2024-11-03,active
4832,4832,current,EUR,2024-09-29,active
4833,4833,current,CAD,2023-03-28,active
4834,4834,current,EUR,2017-03-11,active
4835,4835,current,EUR,2018-08-11,active
4836,4836,current,AUD,2016-01-17,active
4837,4837,current,GBP,2019-02-01,suspended
4838,4838,current,EUR,2019-04-29,active
4839,4839,current,AUD,2018-03-21,active
4840,4840,current,CAD,2023-07-18,active
4841,4841,current,AUD,2021-04-26,active
4842,4842,current,AUD,2018-07-03,active
4843,4843,current,CAD,2021-12-04,active
4844,4844,current,CAD,2018-08-05,active
4845,4845,current,CAD,2020-07-14,active
4846,4846,current,EUR,2017-11-18,active
4847,4847,current,AUD,2022-04-05,active
4848,4848,current,GBP,2022-06-20,active
4849,4849,current,CAD,2017-01-22,active
4850,4850,savings,GBP,2022-02-26,active
4851,4851,current,AUD,2020-04-06,active
4852,4852,current,EUR,2021-09-17,active
4853,4853,current,GBP,2020-08-01,closed
4854,4854,current,GBP,2024-08-30,active
4855,4855,current,EUR,2024-09-24,active
4856,4856,current,EUR,2022-03-25,active
4857,4857,current,AUD,2020-10-13,active
4858,4858,current,EUR,2017-01-18,active
4859,4859,current,EUR,2024-05-26,active
4860,4860,current,EUR,2020-08-06,closed
4861,4861,savings,EUR,2017-03-24,active
4862,4862,current,EUR,2024-01-11,active
4863,4863,current,CAD,2018-01-21,active
4864,4864,current,CAD,2024-09-15,active
4865,4865,current,AUD,2022-11-16,active
4866,4866,current,EUR,2019-12-01,active
4867,4867,current,CAD,2017-09-25,active
4868,4868,current,CAD,2017-01-21,active
4869,4869,current,EUR,2018-04-08,active
4870,4870,current,AUD,2020-12-11,active
4871,4871,current,CAD,2017-02-18,active
4872,4872,current,EUR,2017-05-01,active
4873,4873,current,GBP,2018-02-08,active
4874,4874,current,CAD,2018-05-11,active
4875,4875,current,AUD,2019-05-06,active
4876,4876,current,AUD,2018-08-17,active
4877,4877,current,EUR,2017-02-12,active
4878,4878,current,EUR,2017-09-15,active
4879,4879,current,EUR,2019-09-20,active
4880,4880,current,EUR,2016-11-30,active
4881,4881,savings,GBP,2022-04-27,active
4882,4882,current,EUR,2018-03-04,active
4883,4883,savings,EUR,2024-11-20,active
4884,4884,current,GBP,2021-10-12,active
4885,4885,current,AUD,2020-03-29,active
4886,4886,current,EUR,2020-07-18,active
4887,4887,current,EUR,2018-12-28,active
4888,4888,current,AUD,2023-05-24,active
4889,4889,current,EUR,2022-05-25,active
4890,4890,current,EUR,2017-08-04,active
4891,4891,current,GBP,2022-09-20,active
4892,4892,current,EUR,2016-05-08,active
4893,4893,current,EUR,2020-11-22,active
4894,4894,current,GBP,2022-05-26,active
4895,4895,current,EUR,2016-10-06,active
4896,4896,current,EUR,2022-08-06,active
4897,4897,current,AUD,2019-08-12,active
4898,4898,current,CAD,2020-08-31,active
4899,4899,savings,EUR,2018-10-28,active
4900,4900,current,AUD,2024-06-09,active
4901,4901,current,GBP,2023-04-07,active
4902,4902,current,EUR,2021-08-10,active
4903,4903,current,CAD,2016-08-18,active
4904,4904,current,EUR,2022-04-26,active
4905,4905,savings,GBP,2023-05-07,closed
4906,4906,current,EUR,2016-04-04,active
4907,4907,current,AUD,2016-02-08,active
4908,4908,current,EUR,2021-07-09,active
4909,4909,current,AUD,2022-05-23,active
4910,4910,current,EUR,2016-12-21,active
4911,4911,current,CAD,2021-02-24,active
4912,4912,savings,AUD,2022-08-08,active
4913,4913,current,EUR,2018-05-07,active
4914,4914,current,GBP,2018-10-26,active
4915,4915,current,GBP,2022-10-20,active
4916,4916,current,EUR,2021-04-29,active
4917,4917,current,CAD,2020-12-21,closed
4918,4918,current,CAD,2023-12-17,active
4919,4919,current,GBP,2016-04-11,active
4920,4920,current,AUD,2022-05-31,active
4921,4921,current,EUR,2023-11-04,active
4922,4922,current,CAD,2016-03-20,active
4923,4923,current,GBP,2019-06-01,active
4924,4924,current,EUR,2017-12-19,active
4925,4925,current,CAD,2021-02-06,active
4926,4926,current,GBP,2023-04-19,active
4927,4927,current,EUR,2023-07-30,active
4928,4928,current,AUD,2024-03-31,active
4929,4929,current,AUD,2021-04-26,active
4930,4930,current,CAD,2023-06-14,active
4931,4931,current,GBP,2020-06-02,active
4932,4932,current,GBP,2019-04-17,closed
4933,4933,current,GBP,2017-02-07,active
4934,4934,current,AUD,2017-12-10,active
4935,4935,current,CAD,2016-01-27,active
4936,4936,current,EUR,2024-05-13,active
4937,4937,current,CAD,2019-09-27,suspended
4938,4938,current,EUR,2016-07-20,active
4939,4939,current,GBP,2021-01-06,active
4940,4940,current,EUR,2023-09-20,closed
4941,4941,current,EUR,2020-02-10,active
4942,4942,current,GBP,2017-10-24,active
4943,4943,current,CAD,2024-08-06,active
4944,4944,current,AUD,2021-01-07,active
4945,4945,current,EUR,2020-01-10,active
4946,4946,current,EUR,2021-04-15,active
4947,4947,current,GBP,2022-10-05,active
4948,4948,current,EUR,2019-05-03,active
4949,4949,current,EUR,2019-12-24,active
4950,4950,current,AUD,2017-01-06,active
4951,4951,current,AUD,2018-07-04,active
4952,4952,current,CAD,2017-08-19,active
4953,4953,current,EUR,2016-12-29,active
4954,4954,current,AUD,2022-12-10,active
4955,4955,current,EUR,2020-04-02,active
4956,4956,current,CAD,2016-10-23,active
4957,4957,current,AUD,2018-07-28,active
4958,4958,current,CAD,2022-09-22,active
4959,4959,savings,EUR,2023-04-02,active
4960,4960,current,EUR,2017-08-22,active
4961,4961,savings,EUR,2021-09-28,active
4962,4962,savings,AUD,2024-08-24,active
4963,4963,current,EUR,2016-01-30,active
4964,4964,current,CAD,2019-05-11,active
4965,4965,current,EUR,2018-11-01,active
4966,4966,current,GBP,2024-07-22,active
4967,4967,current,AUD,2019-11-19,active
4968,4968,current,EUR,2022-08-14,active
4969,4969,current,CAD,2021-10-21,active
4970,4970,current,CAD,2016-08-18,active
4971,4971,current,EUR,2024-01-25,active
4972,4972,current,CAD,2019-09-19,active
4973,4973,current,EUR,2019-06-28,active
4974,4974,current,CAD,2018-05-17,active
4975,4975,current,EUR,2024-08-21,suspended
4976,4976,current,EUR,2022-01-15,active
4977,4977,current,GBP,2021-08-25,active
4978,4978,savings,EUR,2019-10-29,active
4979,4979,current,EUR,2018-02-13,active
4980,4980,current,EUR,2024-03-19,active
4981,4981,current,EUR,2022-09-12,active
4982,4982,current,EUR,2017-06-08,active
4983,4983,current,GBP,2019-09-22,active
4984,4984,current,EUR,2019-11-23,active
4985,4985,current,EUR,2016-06-30,active
4986,4986,current,GBP,2019-06-24,active
4987,4987,current,AUD,2024-03-20,active
4988,4988,current,CAD,2017-01-17,active
4989,4989,current,EUR,2023-11-03,active
4990,4990,current,CAD,2022-03-09,active
4991,4991,current,EUR,2016-01-21,active
4992,4992,current,CAD,2023-11-26,active
4993,4993,current,CAD,2021-08-07,active
4994,4994,current,EUR,2018-06-08,active
4995,4995,current,AUD,2022-05-19,active
4996,4996,current,AUD,2018-10-01,active
4997,4997,current,EUR,2022-02-05,active
4998,4998,savings,AUD,2019-10-18,active
4999,4999,current,AUD,2020-11-15,active
5000,5000,current,EUR,2019-10-29,active
5001,1020,current,EUR,2024-07-29,closed
5002,784,savings,CAD,2022-12-04,active
5003,287,merchant,CAD,2024-01-13,active
5004,3875,savings,EUR,2020-08-13,active
5005,1829,savings,EUR,2019-11-10,active
5006,3347,savings,CAD,2022-11-29,active
5007,2742,current,EUR,2022-10-02,active
5008,3428,savings,EUR,2023-10-20,active
5009,758,merchant,EUR,2022-07-20,active
5010,357,savings,AUD,2022-04-23,active
5011,81,current,EUR,2023-02-18,active
5012,2768,current,EUR,2023-10-16,active
5013,1048,current,AUD,2020-08-13,active
5014,360,savings,CAD,2023-07-09,closed
5015,4439,merchant,EUR,2024-11-29,active
5016,222,savings,AUD,2023-06-11,active
5017,4315,savings,GBP,2020-02-20,active
5018,2917,current,EUR,2019-01-17,active
5019,4865,savings,AUD,2024-02-05,active
5020,452,savings,EUR,2023-02-03,active
5021,1029,savings,CAD,2023-11-27,active
5022,4662,savings,EUR,2020-01-02,active
5023,2668,current,AUD,2022-01-02,active
5024,2975,savings,GBP,2023-11-28,active
5025,1312,savings,CAD,2021-03-05,active
5026,4376,current,EUR,2024-05-22,active
5027,141,current,EUR,2023-10-24,active
5028,674,merchant,EUR,2023-06-23,active
5029,4883,savings,EUR,2024-11-20,active
5030,4090,savings,GBP,2023-11-18,active
5031,3973,merchant,EUR,2024-09-17,active
5032,3616,savings,CAD,2023-08-25,active
5033,1338,savings,CAD,2022-05-25,suspended
5034,13,savings,EUR,2024-05-24,active
5035,803,savings,CAD,2018-04-18,active
5036,3730,savings,EUR,2020-10-06,active
5037,3957,savings,AUD,2023-02-22,closed
5038,3520,savings,EUR,2024-06-27,closed
5039,4551,current,EUR,2023-12-20,closed
5040,795,current,GBP,2019-10-19,active
5041,3769,savings,CAD,2024-10-06,active
5042,1469,current,EUR,2023-10-04,active
5043,4945,merchant,EUR,2021-08-06,active
5044,820,savings,EUR,2022-06-07,active
5045,4739,merchant,EUR,2022-03-21,active
5046,817,merchant,AUD,2024-11-20,active
5047,984,current,EUR,2022-01-05,active
5048,1106,current,GBP,2024-11-07,active
5049,4819,savings,EUR,2021-06-09,active
5050,2325,current,AUD,2023-10-24,active
5051,3644,current,CAD,2021-04-29,active
5052,4630,savings,CAD,2020-10-05,active
5053,262,current,AUD,2018-06-01,active
5054,3765,savings,CAD,2019-04-26,active
5055,1863,current,EUR,2019-12-06,active
5056,1399,savings,CAD,2024-03-25,active
5057,233,savings,EUR,2024-09-18,active
5058,1369,savings,GBP,2023-03-25,closed
5059,4917,savings,CAD,2021-05-20,active
5060,4122,current,CAD,2019-07-25,active
5061,2949,merchant,CAD,2023-08-02,active
5062,632,savings,EUR,2021-04-26,active
5063,738,savings,CAD,2024-02-24,active
5064,3324,current,GBP,2023-01-15,active
5065,396,savings,EUR,2020-04-13,active
5066,1180,savings,CAD,2023-09-11,active
5067,1821,savings,CAD,2022-03-25,active
5068,755,merchant,GBP,2022-05-03,active
5069,4403,savings,EUR,2021-05-20,active
5070,3890,savings,EUR,2023-09-19,active
5071,747,current,AUD,2024-06-12,active
5072,4120,current,AUD,2024-03-07,active
5073,1445,savings,GBP,2018-03-14,active
5074,1573,savings,CAD,2023-01-13,suspended
5075,928,savings,AUD,2019-04-04,closed
5076,709,savings,GBP,2024-11-13,active
5077,2974,savings,CAD,2022-11-17,active
5078,1429,savings,EUR,2022-02-20,active
5079,1309,savings,EUR,2022-05-19,active
5080,2283,savings,CAD,2024-02-27,active
5081,756,savings,EUR,2020-05-29,closed
5082,1691,savings,AUD,2022-06-09,active
5083,2312,current,EUR,2020-11-04,active
5084,2095,savings,EUR,2021-03-09,active
5085,1030,savings,EUR,2020-03-03,active
5086,4039,current,CAD,2021-07-21,active
5087,2914,savings,EUR,2024-08-22,active
5088,1399,savings,CAD,2023-06-30,active
5089,1207,savings,AUD,2023-04-25,active
5090,2227,savings,EUR,2020-02-02,closed
5091,328,current,EUR,2023-02-07,active
5092,4191,savings,GBP,2024-02-17,active
5093,3508,savings,CAD,2020-05-15,active
5094,4638,savings,GBP,2023-10-22,active
5095,2605,current,EUR,2023-01-30,active
5096,188,savings,AUD,2022-12-17,active
5097,499,savings,EUR,2024-08-10,active
5098,4193,savings,GBP,2021-09-18,active
5099,2886,current,EUR,2023-04-13,active
5100,2628,current,AUD,2022-10-07,active
5101,3678,current,EUR,2024-09-12,active
5102,1090,current,GBP,2024-02-08,active
5103,474,savings,CAD,2022-12-25,active
5104,2676,savings,AUD,2022-05-20,active
5105,4326,savings,CAD,2022-09-22,closed
5106,3532,current,GBP,2022-08-22,active
5107,4191,savings,AUD,2018-05-08,closed
5108,4878,savings,EUR,2020-08-16,closed
5109,1823,current,GBP,2020-12-14,active
5110,4610,savings,EUR,2023-10-15,active
5111,3598,savings,EUR,2020-12-08,active
5112,3016,current,EUR,2024-11-15,active
5113,4584,savings,GBP,2024-09-26,active
5114,1484,savings,EUR,2016-10-03,active
5115,165,savings,CAD,2023-03-02,active
5116,888,merchant,EUR,2024-02-08,active
5117,2368,current,CAD,2021-03-15,active
5118,4347,savings,GBP,2018-05-14,active
5119,4296,savings,EUR,2023-04-03,active
5120,1554,savings,GBP,2022-05-04,active
5121,230,savings,EUR,2024-07-29,active
5122,3760,savings,AUD,2022-05-10,active
5123,3898,merchant,AUD,2020-12-02,active
5124,4679,savings,EUR,2019-11-19,active
5125,3390,savings,GBP,2020-03-04,active
5126,3626,savings,CAD,2022-10-25,active
5127,517,savings,EUR,2021-12-22,active
5128,3263,current,GBP,2021-12-11,active
5129,27,merchant,EUR,2022-08-30,active
5130,336,savings,EUR,2018-11-08,active
5131,1227,savings,CAD,2023-10-08,active
5132,4585,savings,AUD,2023-12-31,active
5133,2611,current,GBP,2017-06-11,active
5134,4474,current,EUR,2019-02-04,active
5135,4818,savings,EUR,2020-05-27,active
5136,4245,current,EUR,2023-06-26,active
5137,2498,savings,EUR,2020-02-08,active
5138,3487,current,GBP,2020-02-19,active
5139,2973,savings,EUR,2022-05-08,active
5140,4834,savings,GBP,2020-11-08,active
5141,1195,savings,GBP,2019-03-25,active
5142,1278,savings,EUR,2022-08-05,active
5143,3199,savings,GBP,2023-08-03,active
5144,1284,merchant,EUR,2018-12-03,active
5145,2668,current,CAD,2022-12-01,active
5146,2829,current,GBP,2024-07-20,suspended
5147,2412,merchant,EUR,2023-10-13,active
5148,1764,merchant,AUD,2023-08-16,active
5149,3793,savings,CAD,2024-11-01,active
5150,1024,current,EUR,2024-11-19,active
5151,137,savings,EUR,2022-07-23,active
5152,1068,savings,CAD,2022-12-14,active
5153,3485,current,EUR,2024-09-06,active
5154,4244,savings,CAD,2018-02-24,active
5155,4088,current,AUD,2024-01-18,active
5156,1888,current,EUR,2021-07-09,active
5157,3680,current,CAD,2024-09-08,active
5158,1284,merchant,EUR,2024-10-23,active
5159,4997,current,EUR,2022-06-28,active
5160,4037,merchant,EUR,2024-07-25,suspended
5161,2106,current,EUR,2023-11-17,active
5162,3335,savings,AUD,2021-08-02,active
5163,3689,savings,AUD,2023-01-26,active
5164,4768,current,AUD,2021-03-08,active
5165,3804,savings,AUD,2022-01-05,active
5166,3838,savings,GBP,2022-02-20,active
5167,4377,savings,AUD,2024-06-21,active
5168,4867,merchant,CAD,2020-12-19,active
5169,2254,savings,EUR,2018-11-13,active
5170,1273,savings,EUR,2021-06-25,active
5171,2674,savings,EUR,2022-11-06,active
5172,4532,merchant,EUR,2019-02-09,suspended
5173,2728,savings,EUR,2020-04-19,active
5174,1327,current,GBP,2023-06-08,closed
5175,3403,current,GBP,2020-02-08,active
5176,1219,merchant,GBP,2018-08-07,active
5177,4483,savings,AUD,2022-06-27,active
5178,3250,merchant,AUD,2022-01-15,active
5179,3948,savings,EUR,2018-09-08,active
5180,648,current,CAD,2021-12-11,active
5181,1260,savings,EUR,2023-03-03,active
5182,4496,savings,CAD,2019-10-20,active
5183,3318,savings,CAD,2022-06-11,active
5184,4917,current,CAD,2023-06-18,active
5185,3598,current,GBP,2024-07-04,active
5186,3037,savings,EUR,2020-04-01,active
5187,758,savings,CAD,2018-12-04,active
5188,1811,savings,EUR,2018-12-20,active
5189,116,savings,GBP,2023-03-16,active
5190,3658,savings,CAD,2024-05-18,active
5191,4311,savings,GBP,2024-09-23,active
5192,3225,savings,EUR,2023-04-13,active
5193,719,savings,EUR,2021-04-10,active
5194,1874,savings,EUR,2024-02-21,active
5195,643,savings,GBP,2021-02-26,closed
5196,2391,savings,AUD,2022-10-24,active
5197,2108,savings,EUR,2024-10-14,active
5198,4147,current,AUD,2021-01-06,active
5199,519,savings,CAD,2020-12-02,active
5200,4426,current,CAD,2024-08-30,active
5201,2915,savings,AUD,2024-03-13,active
5202,4784,savings,EUR,2020-07-04,active
5203,4829,current,CAD,2024-09-02,active
5204,4974,current,CAD,2023-07-01,active
5205,1463,current,GBP,2024-02-28,active
5206,2418,current,CAD,2018-04-29,active
5207,175,savings,EUR,2021-07-01,active
5208,971,current,EUR,2023-03-10,active
5209,2636,savings,GBP,2024-06-24,active
5210,257,savings,CAD,2021-01-16,active
5211,1050,savings,GBP,2022-02-21,active
5212,4641,current,AUD,2024-07-27,active
5213,69,current,CAD,2018-04-08,active
5214,2838,savings,CAD,2024-03-17,active
5215,1502,savings,EUR,2022-08-30,active
5216,3994,current,GBP,2023-08-28,active
5217,1296,savings,CAD,2021-06-30,active
5218,262,savings,AUD,2019-07-09,active
5219,513,savings,AUD,2024-11-01,active
5220,2989,savings,GBP,2024-03-21,active
5221,4614,savings,GBP,2024-10-26,active
5222,4745,savings,GBP,2020-09-26,active
5223,3897,savings,AUD,2024-10-08,active
5224,4986,savings,GBP,2020-09-03,active
5225,4789,current,CAD,2017-06-14,active
5226,2283,current,CAD,2024-05-27,active
5227,3549,current,GBP,2018-08-14,active
5228,2299,current,EUR,2020-10-29,active
5229,676,savings,AUD,2018-09-06,active
5230,4501,current,CAD,2022-12-31,active
5231,4575,savings,EUR,2024-06-19,active
5232,843,savings,CAD,2021-10-11,active
5233,387,merchant,EUR,2021-12-30,active
5234,3145,current,GBP,2022-09-14,closed
5235,4478,merchant,EUR,2022-07-01,active
5236,4632,savings,GBP,2024-08-13,active
5237,1939,savings,AUD,2023-01-06,active
5238,3126,current,CAD,2024-08-12,closed
5239,3169,savings,CAD,2024-09-14,active
5240,81,savings,EUR,2024-07-31,active
5241,1892,savings,EUR,2024-02-15,active
5242,1407,current,EUR,2021-05-07,active
5243,3269,savings,GBP,2022-11-16,active
5244,1970,merchant,CAD,2024-11-19,active
5245,2369,merchant,EUR,2023-04-24,active
5246,243,savings,GBP,2022-09-17,active
5247,3693,savings,EUR,2024-02-20,active
5248,2405,current,AUD,2022-04-01,active
5249,822,savings,EUR,2022-06-08,active
5250,1434,savings,GBP,2023-06-26,active
5251,3552,savings,CAD,2019-03-23,active
5252,4143,savings,AUD,2024-04-27,active
5253,479,current,EUR,2022-08-19,active
5254,3128,savings,GBP,2021-06-27,active
5255,2926,savings,EUR,2018-04-22,active
5256,671,savings,EUR,2022-07-16,active
5257,1714,savings,GBP,2022-10-24,active
5258,879,current,CAD,2020-12-14,active
5259,2130,current,EUR,2022-10-11,active
5260,1724,current,EUR,2022-06-18,active
5261,44,savings,AUD,2024-11-17,active
5262,4208,savings,AUD,2024-11-01,active
5263,4518,savings,EUR,2021-10-20,active
5264,1189,savings,AUD,2021-10-18,active
5265,1806,merchant,GBP,2022-11-26,active
5266,3915,current,CAD,2024-09-19,active
5267,798,savings,CAD,2024-10-08,active
5268,3449,savings,AUD,2024-11-02,active
5269,3532,current,GBP,2022-03-04,active
5270,3371,savings,GBP,2021-12-03,active
5271,4247,savings,EUR,2020-11-23,active
5272,3308,savings,CAD,2023-10-02,active
5273,4008,savings,CAD,2019-02-28,active
5274,3776,current,CAD,2020-07-23,active
5275,4006,merchant,GBP,2024-02-07,active
5276,2824,current,EUR,2023-07-17,active
5277,3031,savings,AUD,2018-09-08,active
5278,3583,current,EUR,2023-11-15,active
5279,4884,savings,GBP,2022-05-10,active
5280,2064,current,EUR,2022-10-04,active
5281,1600,savings,AUD,2023-01-06,active
5282,1653,savings,CAD,2021-12-04,active
5283,4856,current,EUR,2022-05-09,active
5284,3653,current,GBP,2021-12-22,active
5285,2496,savings,GBP,2024-11-24,active
5286,4002,current,GBP,2020-01-11,active
5287,1042,current,AUD,2023-03-10,closed
5288,2290,current,AUD,2018-08-31,active
5289,534,savings,EUR,2023-02-19,active
5290,3060,savings,EUR,2020-01-20,active
5291,3426,savings,CAD,2023-10-29,active
5292,4469,merchant,EUR,2022-09-20,active
5293,641,savings,EUR,2019-02-07,active
5294,4249,savings,EUR,2024-09-27,active
5295,3473,current,GBP,2024-11-25,active
5296,3650,current,AUD,2021-03-02,active
5297,350,current,EUR,2024-10-16,active
5298,4972,savings,CAD,2021-01-02,active
5299,3990,savings,EUR,2024-04-22,active
5300,4577,savings,EUR,2021-09-08,active
5301,918,savings,AUD,2022-02-24,active
5302,1785,current,EUR,2024-01-30,active
5303,2012,current,EUR,2021-06-30,active
5304,929,savings,GBP,2023-07-22,active
5305,435,savings,AUD,2022-03-29,active
5306,3569,savings,GBP,2024-03-02,active
5307,2186,current,EUR,2024-04-29,active
5308,3826,savings,EUR,2022-07-15,active
5309,4101,current,EUR,2024-03-13,active
5310,4760,savings,EUR,2023-05-28,active
5311,3753,merchant,EUR,2024-06-20,active
5312,444,savings,CAD,2024-08-30,active
5313,1846,savings,GBP,2023-11-16,active
5314,1673,current,AUD,2020-03-28,closed
5315,4262,savings,GBP,2022-09-24,active
5316,4303,savings,EUR,2021-12-14,closed
5317,496,savings,AUD,2024-08-15,active
5318,2143,savings,EUR,2020-04-30,active
5319,3629,savings,CAD,2021-02-12,active
5320,1770,savings,EUR,2021-12-26,active
5321,3903,savings,GBP,2023-05-21,active
5322,4668,current,EUR,2021-05-12,active
5323,4647,current,EUR,2018-03-20,active
5324,2600,savings,GBP,2020-11-17,active
5325,573,current,GBP,2020-12-23,active
5326,3087,savings,EUR,2022-12-05,active
5327,2747,current,GBP,2022-11-05,active
5328,2300,merchant,EUR,2021-02-08,active
5329,4196,current,CAD,2020-06-20,active
5330,4722,current,GBP,2023-10-08,suspended
5331,1461,savings,EUR,2022-12-20,active
5332,349,savings,GBP,2020-03-18,active
5333,2292,merchant,AUD,2023-03-10,active
5334,2061,merchant,CAD,2021-12-09,active
5335,1784,savings,EUR,2022-07-26,active
5336,513,current,AUD,2024-08-15,active
5337,4689,current,EUR,2023-03-31,active
5338,3935,current,GBP,2024-06-11,closed
5339,2412,merchant,EUR,2023-10-12,active
5340,288,savings,EUR,2018-03-17,active
5341,1093,current,EUR,2020-07-28,active
5342,2762,current,CAD,2018-03-02,active
5343,1933,savings,GBP,2017-11-12,active
5344,2249,savings,GBP,2024-07-21,active
5345,2614,current,EUR,2020-09-05,active
5346,2264,current,AUD,2021-07-16,active
5347,4353,current,AUD,2023-11-16,active
5348,1755,savings,CAD,2021-09-20,active
5349,791,current,GBP,2023-02-20,active
5350,4713,current,GBP,2024-09-09,active
5351,4957,savings,AUD,2022-12-18,active
5352,9,merchant,CAD,2024-05-11,active
5353,12,savings,GBP,2019-11-20,active
5354,1318,savings,EUR,2021-06-29,active
5355,2378,savings,EUR,2019-07-07,active
5356,4466,savings,AUD,2023-02-07,active
5357,2350,current,EUR,2024-03-13,active
5358,4890,current,EUR,2018-07-20,active
5359,2491,current,GBP,2023-11-10,active
5360,1585,savings,AUD,2023-12-26,active
5361,1367,savings,EUR,2024-10-31,active
5362,210,savings,AUD,2023-02-17,suspended
5363,4353,current,AUD,2023-02-21,active
5364,3167,savings,GBP,2021-11-24,active
5365,3429,savings,EUR,2021-01-14,active
5366,1057,savings,AUD,2018-09-04,active
5367,2120,savings,CAD,2020-09-14,active
5368,1955,current,CAD,2023-04-30,active
5369,2304,savings,GBP,2023-09-08,active
5370,1904,savings,EUR,2018-02-24,active
5371,3473,savings,GBP,2024-11-26,active
5372,3592,savings,EUR,2023-04-25,active
5373,4115,savings,EUR,2024-04-10,active
5374,2590,merchant,AUD,2021-12-18,active
5375,3511,savings,GBP,2023-01-21,active
5376,4898,current,GBP,2024-01-10,active
5377,1834,savings,EUR,2020-11-09,active
5378,3655,savings,GBP,2022-11-23,active
5379,3265,savings,EUR,2023-08-13,active
5380,1006,savings,CAD,2023-08-04,active
5381,4412,current,EUR,2018-04-08,active
5382,1164,savings,EUR,2020-04-11,active
5383,4942,current,GBP,2024-11-12,active
5384,1908,savings,AUD,2023-12-14,active
5385,206,current,AUD,2023-04-15,active
5386,3309,current,EUR,2019-06-07,closed
5387,4869,savings,EUR,2022-03-09,active
5388,1264,current,EUR,2021-03-28,active
5389,464,savings,GBP,2021-11-15,suspended
5390,3631,current,GBP,2021-05-20,active
5391,554,savings,AUD,2024-09-25,active
5392,3525,current,EUR,2024-09-09,active
5393,1780,savings,EUR,2018-02-20,active
5394,3478,merchant,CAD,2021-06-12,active
5395,1929,savings,EUR,2024-06-05,active
5396,4081,savings,EUR,2019-04-04,active
5397,4962,current,AUD,2024-08-29,active
5398,665,savings,CAD,2024-05-25,active
5399,2985,savings,GBP,2022-03-02,active
5400,4911,savings,CAD,2024-03-13,active
5401,4288,savings,CAD,2024-04-25,active
5402,2450,savings,EUR,2019-01-06,active
5403,68,savings,EUR,2019-10-06,active
5404,3513,current,CAD,2024-02-01,active
5405,2194,current,GBP,2023-03-08,active
5406,2190,savings,AUD,2020-04-04,active
5407,2825,current,GBP,2024-06-20,active
5408,2352,savings,CAD,2022-05-14,active
5409,4632,savings,GBP,2021-12-26,active
5410,4702,current,GBP,2023-10-30,active
5411,1159,savings,GBP,2023-10-01,active
5412,693,current,EUR,2023-07-31,active
5413,1211,savings,AUD,2024-07-28,active
5414,491,current,CAD,2021-11-08,suspended
5415,3580,savings,CAD,2024-11-30,active
5416,2615,savings,EUR,2018-11-22,active
5417,4869,savings,EUR,2018-05-12,active
5418,577,current,EUR,2022-12-02,active
5419,53,savings,GBP,2019-08-10,active
5420,663,savings,AUD,2024-01-01,active
5421,4657,merchant,EUR,2024-10-08,active
5422,1177,savings,GBP,2020-04-06,active
5423,1497,savings,AUD,2021-07-31,active
5424,4392,savings,CAD,2024-10-24,active
5425,4685,savings,AUD,2024-06-02,active
5426,4621,savings,CAD,2024-01-22,active
5427,3555,savings,AUD,2021-03-26,active
5428,2861,current,AUD,2024-09-13,active
5429,534,current,EUR,2022-03-21,active
5430,918,current,AUD,2023-08-15,active
5431,3971,savings,GBP,2022-12-30,active
5432,524,current,EUR,2024-08-10,active
5433,4735,savings,EUR,2024-07-22,active
5434,2573,savings,AUD,2019-04-14,active
5435,4776,merchant,EUR,2024-08-09,active
5436,4140,merchant,AUD,2022-10-31,active
5437,1533,savings,EUR,2023-07-18,active
5438,2943,savings,AUD,2024-10-06,active
5439,1555,savings,EUR,2024-06-22,active
5440,438,current,AUD,2019-04-16,active
5441,4328,savings,EUR,2024-08-08,closed
5442,4489,savings,EUR,2019-10-22,active
5443,3506,merchant,EUR,2024-03-12,active
5444,1530,current,CAD,2021-10-02,active
5445,3054,savings,CAD,2023-09-28,active
5446,2755,savings,CAD,2022-08-10,active
5447,388,savings,AUD,2024-10-17,active
5448,2230,savings,CAD,2022-11-15,active
5449,798,current,GBP,2020-10-16,active
5450,1812,savings,AUD,2022-10-29,active
5451,3082,current,CAD,2023-10-17,active
5452,239,current,CAD,2023-03-20,active
5453,3053,savings,CAD,2024-02-05,active
5454,1743,savings,EUR,2024-11-29,active
5455,789,savings,EUR,2023-09-26,active
5456,4645,savings,CAD,2024-01-28,active
5457,1249,current,CAD,2017-03-28,active
5458,3176,merchant,GBP,2024-06-22,active
5459,3733,current,AUD,2024-07-30,active
5460,2528,savings,GBP,2021-02-16,active
5461,826,current,EUR,2019-10-14,active
5462,3413,current,EUR,2024-11-28,active
5463,4524,current,EUR,2023-01-18,active
5464,61,savings,GBP,2020-11-17,suspended
5465,4021,savings,GBP,2024-03-23,active
5466,1481,savings,CAD,2023-08-09,active
5467,3415,savings,EUR,2019-09-06,active
5468,3391,savings,AUD,2024-09-02,active
5469,4537,savings,CAD,2021-06-18,active
5470,4717,savings,EUR,2023-07-10,active
5471,4461,savings,CAD,2023-09-11,active
5472,436,savings,EUR,2023-04-22,active
5473,4453,current,AUD,2024-04-19,active
5474,873,current,AUD,2022-10-06,active
5475,2243,current,EUR,2022-07-19,suspended
5476,2848,merchant,GBP,2020-01-16,active
5477,4888,savings,AUD,2023-11-01,active
5478,292,current,EUR,2019-05-29,active
5479,1160,savings,CAD,2023-05-10,active
5480,2570,savings,CAD,2022-12-13,active
5481,1801,current,GBP,2024-10-25,active
5482,4952,current,CAD,2024-07-23,active
5483,1873,savings,AUD,2021-05-26,active
5484,4597,current,GBP,2024-01-12,active
5485,2207,current,EUR,2024-05-02,active
5486,3212,savings,GBP,2021-08-06,active
5487,1915,savings,EUR,2024-07-22,closed
5488,1693,savings,GBP,2020-12-19,active
5489,633,merchant,GBP,2023-12-31,active
5490,896,current,EUR,2023-03-28,active
5491,3890,savings,EUR,2018-08-11,active
5492,1569,savings,CAD,2021-11-07,active
5493,904,merchant,CAD,2022-09-20,suspended
5494,4568,current,EUR,2020-12-12,active
5495,4282,current,EUR,2021-04-15,active
5496,2574,savings,GBP,2024-11-24,active
5497,2244,merchant,EUR,2022-07-23,active
5498,4708,savings,GBP,2023-02-14,active
5499,2798,savings,AUD,2022-10-17,active
5500,3153,current,EUR,2022-01-25,active
5501,1224,savings,AUD,2023-10-14,active
5502,2136,savings,AUD,2020-11-27,closed
5503,2371,savings,AUD,2020-07-08,closed
5504,2550,savings,AUD,2022-09-20,active
5505,714,savings,GBP,2024-11-20,active
5506,3119,current,AUD,2022-07-18,active
5507,1740,current,AUD,2019-01-23,active
5508,165,current,CAD,2023-04-03,active
5509,3567,savings,CAD,2018-11-17,suspended
5510,3884,savings,CAD,2019-10-01,suspended
5511,60,savings,AUD,2023-09-17,active
5512,128,savings,GBP,2023-03-02,active
5513,837,current,CAD,2024-09-08,active
5514,809,savings,EUR,2021-09-03,active
5515,4360,savings,EUR,2022-09-05,active
5516,298,savings,AUD,2021-06-29,active
5517,4240,savings,EUR,2023-02-10,active
5518,562,merchant,GBP,2021-12-31,active
5519,3838,savings,GBP,2021-11-02,active
5520,4871,savings,CAD,2023-11-28,active
5521,3156,savings,EUR,2020-12-17,active
5522,3094,savings,AUD,2024-01-13,active
5523,4999,savings,AUD,2021-09-13,active
5524,1891,savings,AUD,2023-11-24,active
5525,3094,current,AUD,2024-05-13,suspended
5526,1363,merchant,AUD,2023-12-16,active
5527,2655,savings,EUR,2017-06-16,active
5528,3161,savings,EUR,2024-11-14,active
5529,1916,savings,EUR,2024-09-13,active
5530,2999,savings,AUD,2021-12-07,active
5531,4615,current,GBP,2023-12-10,active
5532,791,current,GBP,2020-06-09,active
5533,3559,savings,GBP,2021-10-21,active
5534,209,savings,GBP,2023-02-05,active
5535,2092,savings,GBP,2024-11-17,active
5536,1986,current,EUR,2020-05-03,active
5537,565,current,CAD,2024-09-26,active
5538,3008,savings,CAD,2022-10-16,suspended
5539,2955,current,CAD,2021-09-02,active
5540,3382,savings,CAD,2017-08-27,active
5541,1371,savings,GBP,2022-04-07,active
5542,4991,savings,EUR,2022-12-15,active
5543,4696,savings,AUD,2023-12-28,active
5544,1275,savings,CAD,2024-01-13,active
5545,2639,savings,EUR,2022-06-10,active
5546,3262,savings,EUR,2023-04-08,active
5547,4204,current,EUR,2023-04-29,suspended
5548,4392,savings,CAD,2023-08-14,active
5549,3720,savings,GBP,2024-04-25,active
5550,1046,savings,EUR,2024-08-02,active
5551,4226,savings,CAD,2024-05-16,active
5552,2145,savings,EUR,2018-07-15,active
5553,2751,current,EUR,2023-08-05,active
5554,3720,savings,GBP,2024-06-23,active
5555,3482,merchant,GBP,2023-05-19,active
5556,1235,current,EUR,2024-02-11,active
5557,1576,current,AUD,2022-04-16,active
5558,525,savings,GBP,2024-10-27,active
5559,3112,current,AUD,2022-09-11,closed
5560,4703,current,CAD,2024-03-28,active
5561,2096,savings,GBP,2024-08-12,active
5562,3402,savings,GBP,2020-02-27,active
5563,1748,savings,CAD,2017-12-16,active
5564,1718,savings,EUR,2024-05-29,active
5565,3421,current,GBP,2024-11-17,active
5566,2909,savings,AUD,2024-08-25,closed
5567,1890,savings,AUD,2024-08-15,active
5568,933,savings,GBP,2024-07-16,active
5569,2754,savings,EUR,2021-11-10,active
5570,4002,savings,GBP,2022-07-12,active
5571,643,savings,GBP,2023-06-01,active
5572,1705,savings,EUR,2020-02-15,active
5573,1433,current,GBP,2023-07-28,active
5574,2202,current,GBP,2021-01-06,active
5575,4610,savings,AUD,2024-10-13,active
5576,4650,savings,GBP,2023-11-01,active
5577,2901,savings,CAD,2022-06-14,closed
5578,3845,current,EUR,2022-01-19,active
5579,1493,savings,CAD,2024-01-01,suspended
5580,120,current,CAD,2024-09-25,active
5581,4973,savings,GBP,2019-11-28,active
5582,4594,savings,GBP,2021-06-06,active
5583,4682,current,EUR,2023-01-16,suspended
5584,4655,savings,GBP,2024-02-11,active
5585,2236,savings,EUR,2021-08-15,active
5586,4904,current,AUD,2024-03-29,active
5587,2760,savings,CAD,2017-09-09,active
5588,3248,current,EUR,2020-08-17,active
5589,1675,savings,CAD,2020-09-28,active
5590,4859,savings,EUR,2024-10-17,active
5591,4367,current,GBP,2021-03-22,active
5592,571,savings,GBP,2022-07-29,active
5593,3319,current,CAD,2023-08-04,active
5594,2074,savings,CAD,2023-06-09,active
5595,2980,current,CAD,2024-02-22,active
5596,2785,savings,EUR,2023-09-28,closed
5597,451,current,GBP,2024-05-17,active
5598,340,savings,EUR,2023-01-06,active
5599,2718,savings,EUR,2024-09-04,active
5600,1543,savings,AUD,2023-09-25,active
5601,831,savings,GBP,2022-04-13,closed
5602,372,savings,AUD,2024-09-03,active
5603,4196,savings,CAD,2019-07-13,active
5604,4705,current,GBP,2024-11-29,active
5605,2597,current,CAD,2024-07-04,active
5606,18,current,GBP,2020-09-23,active
5607,649,savings,EUR,2024-07-27,active
5608,1324,current,GBP,2024-06-15,active
5609,2087,current,AUD,2022-02-08,active
5610,3705,savings,EUR,2021-01-09,active
5611,4710,current,GBP,2024-11-24,active
5612,3260,current,EUR,2024-04-06,active
5613,686,savings,GBP,2022-01-01,active
5614,1944,savings,AUD,2024-10-29,active
5615,3279,current,GBP,2024-09-26,active
5616,3544,current,EUR,2023-04-08,active
5617,4497,savings,CAD,2018-04-20,suspended
5618,3194,current,CAD,2024-05-20,active
5619,4399,current,EUR,2024-04-09,active
5620,4981,current,EUR,2024-10-20,active
5621,3567,savings,CAD,2020-06-03,active
5622,2607,savings,AUD,2023-03-20,active
5623,1932,savings,GBP,2018-04-12,active
5624,1670,savings,AUD,2019-05-27,active
5625,422,current,CAD,2021-10-11,active
5626,2832,savings,EUR,2022-09-29,active
5627,4034,savings,EUR,2018-08-14,active
5628,1861,savings,AUD,2023-04-09,active
5629,3136,current,EUR,2022-10-01,active
5630,2060,savings,CAD,2020-07-31,active
5631,823,savings,GBP,2021-10-01,active
5632,2382,current,CAD,2024-07-21,active
5633,3378,current,EUR,2023-06-26,active
5634,1739,savings,EUR,2020-02-09,active
5635,1691,current,AUD,2022-03-25,active
5636,3121,savings,CAD,2024-07-12,active
5637,3540,savings,CAD,2023-02-03,active
5638,1604,savings,EUR,2022-03-10,active
5639,1506,merchant,EUR,2021-04-28,active
5640,2664,savings,AUD,2024-03-27,active
5641,1532,current,EUR,2024-02-08,active
5642,4884,savings,GBP,2024-01-08,active
5643,1966,savings,AUD,2024-02-12,active
5644,4065,merchant,EUR,2016-11-22,active
5645,3549,savings,GBP,2020-01-26,active
5646,626,savings,CAD,2020-09-10,active
5647,3771,savings,EUR,2023-11-30,active
5648,2737,savings,EUR,2020-06-16,active
5649,172,current,AUD,2024-06-03,active
5650,136,savings,EUR,2024-02-26,active
5651,3252,current,EUR,2021-05-11,active
5652,3805,current,AUD,2020-02-20,active
5653,2143,merchant,EUR,2022-10-16,active
5654,4176,merchant,AUD,2023-07-09,closed
5655,2505,current,EUR,2024-05-11,active
5656,4882,savings,GBP,2023-12-02,active
5657,730,savings,EUR,2021-09-13,active
5658,4596,current,CAD,2020-06-14,active
5659,3417,current,GBP,2024-03-04,active
5660,578,current,EUR,2021-02-01,active
5661,4425,savings,GBP,2024-03-16,active
5662,1010,current,EUR,2023-02-19,active
5663,4778,merchant,EUR,2020-06-28,active
5664,3431,merchant,AUD,2022-05-29,suspended
5665,4640,current,EUR,2021-12-09,active
5666,4634,savings,EUR,2024-11-28,active
5667,1391,savings,CAD,2020-11-10,closed
5668,4908,current,EUR,2021-09-30,active
5669,355,savings,CAD,2022-01-05,active
5670,1824,current,EUR,2022-03-05,active
5671,584,savings,AUD,2019-05-15,active
5672,1139,current,AUD,2021-05-22,closed
5673,2708,current,AUD,2017-03-17,active
5674,289,savings,EUR,2022-05-22,active
5675,1987,current,EUR,2023-04-01,active
5676,4432,savings,CAD,2023-01-16,closed
5677,4073,current,EUR,2024-04-20,active
5678,3750,savings,AUD,2024-01-27,active
5679,3585,savings,CAD,2020-12-28,active
5680,1494,savings,AUD,2021-12-25,active
5681,3344,savings,GBP,2023-06-23,active
5682,4170,savings,GBP,2023-04-01,active
5683,3301,current,EUR,2019-08-27,active
5684,4564,savings,AUD,2024-11-20,active
5685,4814,savings,GBP,2024-03-09,active
5686,649,savings,EUR,2022-10-10,active
5687,1947,savings,EUR,2024-11-10,active
5688,690,current,EUR,2024-02-28,suspended
5689,3589,savings,EUR,2023-06-30,active
5690,2766,merchant,GBP,2022-12-30,active
5691,2784,merchant,EUR,2019-01-15,active
5692,1400,savings,AUD,2024-05-13,active
5693,4575,current,CAD,2024-11-18,active
5694,2161,current,AUD,2019-05-28,active
5695,4849,merchant,CAD,2019-06-13,active
5696,2237,current,GBP,2019-09-11,active
5697,940,current,AUD,2024-11-11,active
5698,1971,savings,EUR,2024-09-24,suspended
5699,3955,current,EUR,2024-03-04,active
5700,1301,savings,AUD,2019-01-13,active
5701,1001,savings,EUR,2023-05-28,active
5702,4376,savings,EUR,2019-04-11,active
5703,2580,savings,GBP,2023-07-12,active
5704,2318,current,GBP,2021-10-01,active
5705,3923,current,CAD,2019-12-27,active
5706,481,current,GBP,2019-02-04,active
5707,828,savings,EUR,2024-08-14,active
5708,2793,current,GBP,2019-05-23,active
5709,990,savings,EUR,2018-04-07,active
5710,3037,current,EUR,2021-04-16,active
5711,3254,savings,EUR,2024-08-01,active
5712,2218,savings,CAD,2017-03-04,active
5713,2758,savings,EUR,2021-08-23,active
5714,3134,savings,CAD,2023-08-05,active
5715,4777,current,CAD,2024-06-03,active
5716,2250,savings,EUR,2022-07-11,active
5717,735,savings,EUR,2024-01-08,active
5718,4357,savings,CAD,2021-05-12,active
5719,375,merchant,CAD,2023-06-06,active
5720,3886,merchant,CAD,2020-11-13,active
5721,1514,savings,AUD,2022-02-25,active
5722,645,current,EUR,2023-06-01,active
5723,757,current,GBP,2022-04-06,active
5724,4646,savings,AUD,2023-10-17,active
5725,2685,savings,EUR,2023-03-18,closed
5726,175,savings,EUR,2022-10-16,active
5727,4990,savings,GBP,2022-10-13,active
5728,852,savings,GBP,2024-04-17,active
5729,1757,savings,AUD,2016-08-09,active
5730,3906,savings,AUD,2016-02-02,active
5731,3293,current,EUR,2022-11-27,active
5732,4412,current,EUR,2024-09-06,suspended
5733,4278,savings,EUR,2024-04-19,active
5734,581,savings,AUD,2024-11-27,active
5735,1145,current,CAD,2024-10-17,active
5736,2676,savings,AUD,2022-01-02,active
5737,3779,savings,EUR,2023-11-16,active
5738,1606,merchant,EUR,2024-04-07,active
5739,4776,current,EUR,2023-11-13,closed
5740,2413,savings,GBP,2022-03-09,active
5741,560,savings,AUD,2022-01-07,active
5742,4318,savings,EUR,2024-09-25,active
5743,4470,current,AUD,2020-05-17,active
5744,4208,current,AUD,2024-10-02,active
5745,2497,savings,AUD,2023-03-12,active
5746,3741,current,EUR,2023-08-21,active
5747,2603,merchant,EUR,2021-05-16,active
5748,2280,current,EUR,2021-05-21,active
5749,3749,savings,EUR,2017-06-11,closed
5750,974,savings,EUR,2018-05-08,active
5751,145,savings,AUD,2024-06-27,active
5752,3009,savings,GBP,2024-02-18,active
5753,3353,savings,CAD,2023-07-14,active
5754,3772,savings,CAD,2021-08-07,active
5755,1947,savings,EUR,2022-04-15,active
5756,4205,savings,CAD,2023-03-17,active
5757,4129,current,EUR,2023-11-17,active
5758,1567,merchant,AUD,2017-10-18,closed
5759,4856,current,EUR,2022-06-02,active
5760,1777,current,EUR,2024-07-20,active
5761,529,savings,EUR,2024-05-27,active
5762,1780,savings,EUR,2017-11-16,active
5763,4014,savings,EUR,2024-07-15,active
5764,4647,current,EUR,2023-10-15,active
5765,2779,savings,AUD,2022-11-23,active
5766,4002,current,GBP,2018-01-02,active
5767,2662,savings,CAD,2023-03-17,active
5768,4931,savings,GBP,2023-07-18,active
5769,558,savings,CAD,2023-10-05,active
5770,2185,current,CAD,2023-09-07,active
5771,4807,savings,EUR,2023-10-28,active
5772,3647,merchant,EUR,2024-06-12,active
5773,3750,savings,AUD,2020-11-22,closed
5774,2451,current,GBP,2022-07-02,active
5775,2229,savings,EUR,2024-04-27,closed
5776,721,current,CAD,2024-03-21,active
5777,2687,merchant,GBP,2021-06-27,active
5778,2963,current,CAD,2018-12-19,active
5779,2769,savings,AUD,2023-12-25,active
5780,4377,savings,AUD,2018-04-17,active
5781,4397,current,EUR,2022-08-07,active
5782,4848,savings,EUR,2024-06-17,active
5783,925,savings,AUD,2024-09-06,active
5784,662,current,EUR,2021-09-19,active
5785,4407,savings,CAD,2024-09-29,active
5786,4472,current,GBP,2024-09-19,active
5787,1450,savings,CAD,2022-11-09,active
5788,2931,current,EUR,2023-04-26,active
5789,1332,current,CAD,2024-03-31,active
5790,4674,savings,AUD,2020-02-06,active
5791,3251,savings,AUD,2024-11-14,active
5792,1464,merchant,AUD,2019-05-28,active
5793,4865,savings,AUD,2023-10-08,active
5794,834,savings,GBP,2024-08-10,active
5795,3869,merchant,CAD,2024-11-28,active
5796,4679,current,EUR,2023-11-23,active
5797,3251,savings,AUD,2024-07-26,active
5798,3050,savings,CAD,2020-07-24,active
5799,3310,merchant,EUR,2024-09-19,active
5800,1090,savings,GBP,2023-09-18,active
5801,276,savings,EUR,2022-04-21,active
5802,4837,savings,EUR,2022-12-06,active
5803,2440,savings,GBP,2021-12-08,active
5804,3132,savings,EUR,2024-07-31,active
5805,3677,savings,EUR,2020-03-22,active
5806,1536,savings,EUR,2018-05-24,active
5807,1466,savings,GBP,2024-06-09,active
5808,963,savings,CAD,2024-10-21,active
5809,237,savings,GBP,2022-12-22,active
5810,2288,merchant,CAD,2024-04-16,active
5811,1864,merchant,GBP,2023-10-26,active
5812,4027,current,EUR,2022-05-08,active
5813,4468,savings,EUR,2022-04-30,active
5814,2405,savings,AUD,2023-03-16,suspended
5815,4509,current,CAD,2017-06-25,active
5816,2342,merchant,EUR,2021-03-29,active
5817,3597,savings,AUD,2024-08-10,active
5818,4766,savings,GBP,2018-07-07,active
5819,3162,current,GBP,2022-11-08,active
5820,4584,savings,GBP,2023-05-19,active
5821,4272,merchant,EUR,2023-03-05,active
5822,4512,savings,EUR,2023-11-18,active
5823,557,savings,EUR,2023-04-10,active
5824,3616,current,CAD,2021-03-12,active
5825,3652,merchant,AUD,2018-08-30,active
5826,4292,savings,GBP,2022-02-25,suspended
5827,4074,current,AUD,2023-07-15,closed
5828,4419,current,CAD,2024-03-02,active
5829,2317,current,GBP,2021-07-28,active
5830,250,current,EUR,2024-09-12,active
5831,2426,savings,AUD,2022-06-20,active
5832,2146,savings,EUR,2024-01-15,active
5833,2605,savings,EUR,2024-06-17,active
5834,2401,current,GBP,2021-01-29,active
5835,4111,current,EUR,2023-03-26,active
5836,3524,savings,GBP,2024-10-15,active
5837,2077,current,AUD,2023-02-21,active
5838,840,savings,GBP,2022-10-15,active
5839,1941,savings,EUR,2023-11-20,active
5840,2743,current,EUR,2024-08-02,active
5841,638,savings,EUR,2024-11-21,active
5842,3065,savings,EUR,2023-08-24,active
5843,2960,savings,EUR,2024-08-07,active
5844,1603,savings,EUR,2021-01-10,active
5845,1474,current,AUD,2023-02-18,active
5846,1756,savings,EUR,2023-12-26,active
5847,2278,savings,CAD,2023-10-09,active
5848,2581,current,AUD,2024-07-28,active
5849,2021,current,EUR,2022-09-04,active
5850,1876,savings,EUR,2019-05-03,active
5851,544,current,EUR,2024-01-05,active
5852,4753,merchant,EUR,2024-07-27,active
5853,4814,savings,GBP,2019-05-17,active
5854,4074,savings,AUD,2022-10-01,active
5855,2586,savings,AUD,2024-02-16,active
5856,877,current,GBP,2024-10-21,active
5857,2126,savings,GBP,2021-01-19,active
5858,4620,merchant,AUD,2024-10-11,active
5859,3110,current,AUD,2024-09-23,active
5860,1626,current,GBP,2022-11-20,active
5861,2384,current,AUD,2022-05-20,active
5862,4639,savings,AUD,2024-11-30,active
5863,2462,merchant,EUR,2020-10-23,active
5864,4342,current,CAD,2020-10-11,active
5865,1416,savings,EUR,2021-11-24,active
5866,363,savings,AUD,2023-12-23,active
5867,312,merchant,CAD,2021-09-18,active
5868,1135,savings,EUR,2024-10-31,active
5869,263,savings,GBP,2022-09-14,active
5870,2720,merchant,CAD,2024-11-23,active
5871,4403,current,EUR,2024-03-31,active
5872,442,savings,CAD,2022-12-25,closed
5873,218,savings,EUR,2022-12-22,active
5874,2351,savings,AUD,2021-07-04,active
5875,4358,current,EUR,2022-02-07,active
5876,507,savings,EUR,2021-09-14,active
5877,2900,savings,EUR,2022-01-03,closed
5878,1935,current,EUR,2018-10-04,active
5879,633,savings,GBP,2023-05-13,active
5880,4936,savings,EUR,2024-10-04,active
5881,764,current,AUD,2024-05-31,active
5882,2996,current,CAD,2024-04-05,active
5883,1380,savings,EUR,2024-11-14,active
5884,910,current,EUR,2017-11-02,active
5885,3380,current,AUD,2022-09-16,active
5886,1528,current,GBP,2024-04-28,active
5887,2815,current,CAD,2024-11-22,active
5888,4936,savings,EUR,2024-08-21,active
5889,3402,current,EUR,2024-11-17,active
5890,1070,savings,EUR,2022-08-06,active
5891,3517,savings,CAD,2021-09-18,active
5892,2349,savings,EUR,2024-09-13,active
5893,4691,savings,CAD,2016-05-31,active
5894,4125,savings,EUR,2024-09-20,active
5895,3880,savings,AUD,2021-08-20,active
5896,4964,savings,CAD,2020-03-13,active
5897,1418,savings,CAD,2024-01-21,active
5898,4230,savings,GBP,2024-11-14,active
5899,2520,merchant,CAD,2022-08-16,active
5900,2564,current,CAD,2024-10-20,active
5901,959,current,EUR,2024-07-07,active
5902,1808,merchant,AUD,2024-01-23,active
5903,1548,savings,GBP,2022-05-24,active
5904,990,savings,EUR,2023-05-17,closed
5905,4404,savings,AUD,2020-09-05,active
5906,1076,savings,GBP,2024-09-27,active
5907,2944,merchant,CAD,2022-08-12,active
5908,2388,savings,GBP,2022-11-09,active
5909,128,savings,GBP,2017-04-06,active
5910,3816,savings,EUR,2024-10-12,active
5911,998,savings,AUD,2023-10-26,active
5912,478,savings,AUD,2022-04-05,active
5913,3786,savings,GBP,2024-08-20,closed
5914,993,savings,AUD,2021-06-23,active
5915,1260,current,EUR,2023-09-11,active
5916,1633,current,AUD,2020-08-28,closed
5917,2863,current,EUR,2020-02-23,active
5918,3502,current,AUD,2023-08-01,active
5919,2572,current,CAD,2023-02-01,active
5920,3825,current,CAD,2021-01-29,active
5921,2084,current,CAD,2022-01-05,active
5922,4138,savings,GBP,2022-06-05,active
5923,899,current,EUR,2024-10-10,active
5924,3665,savings,GBP,2023-10-27,active
5925,3889,savings,GBP,2021-09-11,closed
5926,2664,current,AUD,2024-09-07,active
5927,1827,savings,EUR,2023-06-20,active
5928,1158,current,EUR,2020-06-19,active
5929,2805,savings,GBP,2021-03-18,active
5930,4416,merchant,AUD,2022-02-18,active
5931,414,savings,EUR,2022-07-07,active
5932,1005,current,AUD,2022-06-03,active
5933,4093,current,GBP,2024-01-07,active
5934,2469,current,CAD,2023-10-12,active
5935,3234,current,EUR,2024-08-26,active
5936,1846,merchant,GBP,2022-05-16,active
5937,2876,savings,EUR,2023-10-13,active
5938,3036,current,EUR,2022-05-17,active
5939,1737,savings,GBP,2019-12-12,active
5940,4519,merchant,AUD,2023-11-26,active
5941,4404,savings,AUD,2022-04-05,closed
5942,136,current,EUR,2017-10-04,active
5943,4150,current,CAD,2024-06-22,active
5944,895,current,GBP,2024-09-16,active
5945,3301,merchant,EUR,2021-01-19,active
5946,3677,savings,EUR,2021-04-08,active
5947,548,savings,AUD,2021-08-25,active
5948,2413,savings,GBP,2024-09-27,active
5949,648,savings,CAD,2023-06-19,active
5950,3937,savings,CAD,2024-01-31,closed
5951,4961,savings,GBP,2021-09-28,active
5952,3181,current,AUD,2019-12-15,active
5953,822,current,EUR,2021-11-07,active
5954,4729,current,EUR,2018-07-29,suspended
5955,4118,savings,EUR,2022-06-13,active
5956,184,savings,CAD,2023-02-23,active
5957,3092,savings,AUD,2021-03-27,active
5958,1103,current,GBP,2022-09-14,active
5959,4228,savings,AUD,2024-09-20,active
5960,4469,savings,EUR,2022-05-23,active
5961,4846,current,EUR,2022-03-01,active
5962,235,current,GBP,2023-09-26,active
5963,4698,savings,GBP,2024-09-30,active
5964,1972,savings,GBP,2019-07-03,active
5965,484,current,EUR,2023-10-10,active
5966,3324,merchant,EUR,2024-07-17,active
5967,794,savings,EUR,2018-03-05,active
5968,4568,current,EUR,2021-11-03,active
5969,1528,current,GBP,2022-01-28,active
5970,3625,current,GBP,2023-06-13,active
5971,1540,current,AUD,2021-09-05,closed
5972,3164,current,CAD,2023-09-22,active
5973,769,savings,EUR,2019-04-01,active
5974,4026,savings,AUD,2020-12-20,active
5975,2144,savings,EUR,2023-09-20,active
5976,4330,savings,EUR,2024-07-15,active
5977,740,savings,CAD,2023-09-15,active
5978,1381,savings,EUR,2022-03-03,active
5979,2092,savings,GBP,2023-08-28,active
5980,4676,savings,EUR,2021-04-21,active
5981,640,savings,CAD,2024-08-18,active
5982,2365,current,EUR,2019-02-24,closed
5983,3092,current,AUD,2020-11-22,active
5984,2542,savings,EUR,2021-10-24,active
5985,4468,savings,EUR,2020-11-18,active
5986,3631,current,CAD,2022-04-15,closed
5987,2388,savings,GBP,2023-11-15,active
5988,1517,current,EUR,2024-04-08,active
5989,1837,current,EUR,2023-05-03,active
5990,3080,savings,EUR,2022-03-24,active
5991,4757,savings,AUD,2023-08-25,active
5992,4754,savings,AUD,2024-05-12,active
5993,1293,current,AUD,2024-10-01,active
5994,220,current,EUR,2024-09-19,active
5995,3087,current,EUR,2023-07-01,active
5996,4416,savings,AUD,2023-11-18,active
5997,2620,savings,GBP,2023-12-16,active
5998,4154,savings,AUD,2020-12-02,active
5999,3371,savings,GBP,2024-02-17,active
6000,3891,current,GBP,2022-08-27,active
