customer_id,full_name,email,country,join_date,segment,is_active
1,Allison Hill,allisonhill_1@example.com,United Kingdom,2022-02-21,retail,True
2,Noah Rhodes,noahrhodes_2@example.com,Canada,2022-07-29,retail,True
3,Angie Henderson,angiehenderson_3@example.com,United Kingdom,2024-05-14,retail,True
4,Daniel Wagner,danielwagner_4@example.com,Germany,2024-10-31,retail,True
5,Cristian Santos,cristiansantos_5@example.com,Japan,2024-05-09,retail,True
6,Connie Lawrence,connielawrence_6@example.com,United States,2022-11-23,retail,True
7,Abigail Shaffer,abigailshaffer_7@example.com,Canada,2023-03-17,premium,True
8,Gina Moore,ginamoore_8@example.com,United Kingdom,2024-02-18,retail,True
9,Gabrielle Davis,gabrielledavis_9@example.com,Brazil,2023-06-26,business,True
10,Ryan Munoz,ryanmunoz_10@example.com,Japan,2022-09-13,premium,True
11,Monica Herrera,monicaherrera_11@example.com,Japan,2023-08-24,business,True
12,Jamie Arnold,jamiearnold_12@example.com,Australia,2023-01-29,retail,True
13,Lisa Hensley,lisahensley_13@example.com,Germany,2023-08-16,premium,True
14,Michele Williams,michelewilliams_14@example.com,United Kingdom,2024-02-18,retail,True
15,Dylan Miller,dylanmiller_15@example.com,Australia,2022-11-30,retail,True
16,Brian Ramirez,brianramirez_16@example.com,France,2022-05-27,retail,True
17,Holly Wood,hollywood_17@example.com,Germany,2022-12-01,retail,True
18,Derek Zuniga,derekzuniga_18@example.com,Japan,2023-03-26,retail,True
19,Lisa Jackson,lisajackson_19@example.com,United States,2023-04-15,business,True
20,Carla Gray,carlagray_20@example.com,Singapore,2023-07-03,retail,False
21,Margaret Hawkins DDS,margarethawkinsdds_21@example.com,Brazil,2023-10-07,retail,True
22,Patty Perez,pattyperez_22@example.com,India,2022-10-20,retail,True
23,Ethan Adams,ethanadams_23@example.com,Japan,2023-06-23,retail,True
24,Tommy Walter,tommywalter_24@example.com,Brazil,2024-03-28,retail,False
25,Matthew Foster,matthewfoster_25@example.com,Canada,2024-11-09,retail,True
26,Judy Baker,judybaker_26@example.com,United Kingdom,2022-11-10,retail,True
27,Justin Baker,justinbaker_27@example.com,Singapore,2022-05-11,retail,True
28,Stephanie Ross,stephanieross_28@example.com,India,2024-12-19,retail,True
29,Zachary Hicks,zacharyhicks_29@example.com,United States,2022-08-23,retail,True
30,Anthony Rodriguez,anthonyrodriguez_30@example.com,France,2023-11-28,retail,True
31,Rebecca Henderson,rebeccahenderson_31@example.com,India,2022-01-07,premium,True
32,James Ferrell,jamesferrell_32@example.com,France,2024-10-22,retail,True
33,Tricia Valencia,triciavalencia_33@example.com,United Kingdom,2023-09-04,business,True
34,Nathan Maldonado,nathanmaldonado_34@example.com,Germany,2022-11-10,retail,True
35,Debra Davidson,debradavidson_35@example.com,Japan,2022-01-02,retail,True
36,Jeffrey Chavez,jeffreychavez_36@example.com,United Kingdom,2024-01-14,business,True
37,Sherri Baker,sherribaker_37@example.com,France,2023-05-06,retail,True
38,Cassandra Gaines,cassandragaines_38@example.com,United Kingdom,2022-06-25,retail,True
39,Elizabeth Fowler,elizabethfowler_39@example.com,Japan,2022-09-15,retail,True
40,Brittany Farmer,brittanyfarmer_40@example.com,Japan,2022-12-05,retail,True
41,Paula Moreno,paulamoreno_41@example.com,Singapore,2023-03-10,business,True
42,Fred Smith,fredsmith_42@example.com,Germany,2023-10-01,retail,True
43,Sherry Decker,sherrydecker_43@example.com,Australia,2024-06-16,business,True
44,Anthony Humphrey,anthonyhumphrey_44@example.com,Germany,2023-04-06,retail,True
45,Angelica Tucker,angelicatucker_45@example.com,Japan,2023-04-17,retail,True
46,Philip Cannon,philipcannon_46@example.com,United States,2023-04-14,retail,True
47,John Pierce,johnpierce_47@example.com,Australia,2022-05-26,retail,True
48,Shane Henderson,shanehenderson_48@example.com,India,2023-03-15,retail,True
49,Joshua Blair,joshuablair_49@example.com,Brazil,2024-08-26,retail,True
50,Eric Carney,ericcarney_50@example.com,Singapore,2023-01-25,retail,True
51,Jessica Holmes,jessicaholmes_51@example.com,Australia,2024-05-17,retail,True
52,Danny Morgan,dannymorgan_52@example.com,United States,2022-07-21,retail,True
53,Crystal Robinson,crystalrobinson_53@example.com,United Kingdom,2023-05-25,retail,True
54,Mark Perez,markperez_54@example.com,Canada,2024-05-14,retail,True
55,Shannon Jones,shannonjones_55@example.com,United Kingdom,2024-06-26,business,True
56,Michael Lewis,michaellewis_56@example.com,United Kingdom,2022-04-14,retail,True
57,Timothy Duncan,timothyduncan_57@example.com,United States,2022-07-11,business,True
58,Richard Aguirre,richardaguirre_58@example.com,Canada,2024-04-12,retail,True
59,Brent Jordan,brentjordan_59@example.com,Singapore,2022-05-01,retail,True
60,John Daniel,johndaniel_60@example.com,Singapore,2023-06-28,business,True
61,Victoria Garcia,victoriagarcia_61@example.com,France,2024-05-16,retail,True
62,Gerald Hensley,geraldhensley_62@example.com,Japan,2024-09-23,retail,True
63,Connor West,connorwest_63@example.com,United States,2022-05-05,retail,True
64,Donald Wright,donaldwright_64@example.com,Brazil,2024-09-03,retail,True
65,Jessica Callahan,jessicacallahan_65@example.com,Canada,2022-04-27,premium,True
66,Amber Kidd,amberkidd_66@example.com,Canada,2022-05-21,retail,True
67,Tracy House,tracyhouse_67@example.com,Germany,2024-04-06,retail,True
68,Carol Tucker,caroltucker_68@example.com,Germany,2022-03-23,retail,True
69,James Brown,jamesbrown_69@example.com,Brazil,2024-12-06,retail,True
70,William Baker,williambaker_70@example.com,Australia,2023-05-04,retail,True
71,Jordan Henderson,jordanhenderson_71@example.com,France,2024-07-25,retail,True
72,Whitney Peters,whitneypeters_72@example.com,United Kingdom,2022-01-20,retail,False
73,Brittney Phillips,brittneyphillips_73@example.com,United Kingdom,2022-05-31,retail,True
74,Lauren Daniels,laurendaniels_74@example.com,Canada,2023-12-16,business,True
75,Amy Silva,amysilva_75@example.com,Australia,2023-08-07,retail,True
76,Sarah Moore,sarahmoore_76@example.com,France,2024-12-19,retail,True
77,Angela Lopez,angelalopez_77@example.com,France,2022-08-01,business,True
78,Megan Young,meganyoung_78@example.com,United Kingdom,2022-08-08,retail,True
79,Steve Sanchez,stevesanchez_79@example.com,France,2023-03-08,retail,True
80,Lisa Barnes,lisabarnes_80@example.com,France,2024-11-01,retail,False
81,Kelly Donovan,kellydonovan_81@example.com,United States,2022-07-09,retail,True
82,Mike Allen,mikeallen_82@example.com,United States,2022-01-08,retail,True
83,Michael Evans,michaelevans_83@example.com,France,2022-11-27,retail,True
84,Paul Jones,pauljones_84@example.com,Singapore,2022-01-20,retail,False
85,Zachary Ferrell,zacharyferrell_85@example.com,Canada,2022-03-15,business,True
86,Daniel Baker,danielbaker_86@example.com,Canada,2024-05-30,retail,True
87,Shirley Suarez,shirleysuarez_87@example.com,United States,2024-01-03,retail,True
88,Christopher Bass,christopherbass_88@example.com,United Kingdom,2023-12-26,retail,True
89,Lisa Archer,lisaarcher_89@example.com,Singapore,2022-11-13,business,True
90,Aimee Montoya,aimeemontoya_90@example.com,Canada,2022-12-29,business,True
91,Matthew Mcmillan,matthewmcmillan_91@example.com,Australia,2024-04-23,business,True
92,Brian Rodriguez,brianrodriguez_92@example.com,Germany,2023-07-01,retail,True
93,Denise Jacobs,denisejacobs_93@example.com,Singapore,2022-03-21,business,True
94,Christina Walters,christinawalters_94@example.com,India,2023-12-18,retail,True
95,John Whitehead,johnwhitehead_95@example.com,Germany,2023-04-02,retail,True
96,Anna Henderson,annahenderson_96@example.com,Australia,2023-07-25,business,False
97,Aaron Wise,aaronwise_97@example.com,France,2023-12-21,retail,True
98,Deborah Figueroa,deborahfigueroa_98@example.com,Japan,2023-11-10,business,True
99,Jessica Smith,jessicasmith_99@example.com,France,2023-01-01,retail,False
100,Stephen Mckee,stephenmckee_100@example.com,United States,2022-08-11,retail,True
101,Sandra Aguilar,sandraaguilar_101@example.com,Australia,2024-06-12,retail,True
102,Cameron Parker,cameronparker_102@example.com,Singapore,2023-01-25,retail,True
103,Rebecca Valencia,rebeccavalencia_103@example.com,United States,2024-11-30,business,True
104,Christine Wright,christinewright_104@example.com,Germany,2024-01-16,retail,False
105,Richard Henson,richardhenson_105@example.com,Australia,2023-10-05,retail,True
106,Marc Moore,marcmoore_106@example.com,France,2024-11-04,retail,True
107,Sharon Cherry,sharoncherry_107@example.com,Singapore,2023-08-29,retail,True
108,Sierra Johnson,sierrajohnson_108@example.com,Singapore,2022-12-23,retail,True
109,Evelyn Galvan,evelyngalvan_109@example.com,Japan,2022-01-01,retail,True
110,Sharon Cochran,sharoncochran_110@example.com,Brazil,2023-10-22,retail,True
111,Richard Rodriguez,richardrodriguez_111@example.com,Germany,2024-11-12,retail,False
112,Shannon Walker,shannonwalker_112@example.com,Canada,2022-06-23,retail,True
113,Julia Torres,juliatorres_113@example.com,Brazil,2023-11-18,retail,False
114,Crystal Johnson,crystaljohnson_114@example.com,Germany,2023-09-28,retail,True
115,Garrett Lin,garrettlin_115@example.com,United States,2022-04-05,retail,True
116,Diana May,dianamay_116@example.com,United Kingdom,2024-07-21,retail,True
117,William Herrera,williamherrera_117@example.com,Germany,2024-02-26,retail,True
118,Ashley Waller,ashleywaller_118@example.com,United States,2022-08-07,retail,True
119,Victor Baker,victorbaker_119@example.com,Japan,2024-08-09,retail,True
120,Jeffrey Chandler,jeffreychandler_120@example.com,United Kingdom,2024-07-23,retail,True
121,Larry Dixon,larrydixon_121@example.com,Japan,2023-10-12,premium,True
122,Kenneth Scott,kennethscott_122@example.com,Brazil,2024-10-30,retail,False
123,April Frost,aprilfrost_123@example.com,India,2022-11-22,retail,True
124,Michelle Harmon,michelleharmon_124@example.com,France,2023-05-22,business,True
125,Helen Jones,helenjones_125@example.com,Japan,2024-09-19,retail,True
126,Erin Edwards,erinedwards_126@example.com,United Kingdom,2023-08-09,retail,True
127,Michelle Evans,michelleevans_127@example.com,Japan,2022-06-15,retail,True
128,Jason Powell,jasonpowell_128@example.com,Canada,2023-03-15,retail,True
129,Cameron Fisher,cameronfisher_129@example.com,Japan,2024-08-12,retail,True
130,Megan Orr,meganorr_130@example.com,Singapore,2024-03-08,business,True
131,Elizabeth Kelley,elizabethkelley_131@example.com,United States,2024-02-19,retail,False
132,Dustin Jordan,dustinjordan_132@example.com,France,2024-03-09,business,False
133,Mary Marshall,marymarshall_133@example.com,Singapore,2023-03-28,retail,True
134,Daniel Kennedy,danielkennedy_134@example.com,India,2022-03-01,retail,True
135,Rebecca Jackson,rebeccajackson_135@example.com,Singapore,2022-12-05,business,False
136,Jose Schultz,joseschultz_136@example.com,Brazil,2024-12-29,retail,True
137,Robert Potter,robertpotter_137@example.com,Brazil,2022-02-25,retail,True
138,Courtney Gonzalez,courtneygonzalez_138@example.com,India,2023-01-08,retail,True
139,David Alvarez,davidalvarez_139@example.com,Germany,2024-07-20,retail,True
140,Angel Perry,angelperry_140@example.com,Singapore,2023-07-24,retail,True
141,Cheyenne Horton,cheyennehorton_141@example.com,France,2022-06-17,retail,True
142,David Douglas Jr.,daviddouglasjr_142@example.com,United States,2023-12-18,retail,True
143,Patricia Rodriguez,patriciarodriguez_143@example.com,United States,2022-03-05,business,True
144,Christopher Rubio,christopherrubio_144@example.com,United States,2022-11-09,retail,True
145,Amber Wright,amberwright_145@example.com,United Kingdom,2023-03-23,retail,True
146,Joyce Solis,joycesolis_146@example.com,Australia,2022-12-10,retail,False
147,Victoria Larson,victorialarson_147@example.com,United Kingdom,2022-12-02,premium,True
148,Stephanie Salazar,stephaniesalazar_148@example.com,United States,2023-10-01,retail,False
149,Kathy Rivas,kathyrivas_149@example.com,Singapore,2024-03-23,business,True
150,Stephanie Manning,stephaniemanning_150@example.com,Brazil,2023-05-13,retail,True
151,David Wright,davidwright_151@example.com,Brazil,2022-09-05,retail,True
152,Pamela Boyd,pamelaboyd_152@example.com,United States,2023-12-13,retail,True
153,Denise Jones,denisejones_153@example.com,United Kingdom,2024-11-02,retail,True
154,Devon Flores,devonflores_154@example.com,Singapore,2024-09-30,retail,False
155,Brenda Hall,brendahall_155@example.com,India,2022-11-10,retail,True
156,Michelle Brown,michellebrown_156@example.com,France,2024-09-17,retail,True
157,Joshua Perry,joshuaperry_157@example.com,Brazil,2023-07-04,retail,True
158,Jason Stein,jasonstein_158@example.com,United Kingdom,2023-07-26,business,True
159,Melissa Gates,melissagates_159@example.com,India,2024-02-16,retail,True
160,Jamie Smith,jamiesmith_160@example.com,Australia,2023-01-08,retail,True
161,Paul Castaneda,paulcastaneda_161@example.com,France,2023-11-29,retail,True
162,Jennifer Adkins,jenniferadkins_162@example.com,France,2022-01-21,retail,True
163,Lindsey Walker,lindseywalker_163@example.com,Germany,2024-04-12,retail,True
164,Jeffrey Johnson,jeffreyjohnson_164@example.com,India,2024-10-02,retail,True
165,Michael Powell,michaelpowell_165@example.com,France,2023-03-30,retail,True
166,John Anderson,johnanderson_166@example.com,Brazil,2024-01-26,retail,True
167,Alyssa Long,alyssalong_167@example.com,Singapore,2023-11-09,retail,True
168,Alyssa Day,alyssaday_168@example.com,France,2023-05-30,retail,True
169,Joel Williams,joelwilliams_169@example.com,Australia,2022-09-02,retail,False
170,Daniel Murphy,danielmurphy_170@example.com,Canada,2023-01-28,retail,True
171,Jamie Walton,jamiewalton_171@example.com,Brazil,2024-12-10,retail,False
172,Darlene Miller,darlenemiller_172@example.com,Germany,2023-08-30,retail,True
173,Joshua Cooke,joshuacooke_173@example.com,United States,2024-12-29,retail,True
174,Matthew Harrington,matthewharrington_174@example.com,United States,2023-08-22,retail,True
175,Nicole Herring,nicoleherring_175@example.com,India,2022-07-30,business,True
176,Alex Hernandez,alexhernandez_176@example.com,India,2024-09-07,retail,True
177,Michael Elliott,michaelelliott_177@example.com,United States,2023-06-02,business,True
178,Michael Wang,michaelwang_178@example.com,United Kingdom,2024-03-31,retail,True
179,Lawrence Adkins,lawrenceadkins_179@example.com,United States,2022-11-07,retail,True
180,Robert Oconnell,robertoconnell_180@example.com,France,2022-06-24,premium,True
181,Alexander Collins,alexandercollins_181@example.com,Singapore,2023-04-08,retail,True
182,Tina Sanders,tinasanders_182@example.com,India,2023-09-01,business,False
183,Angela Vaughn,angelavaughn_183@example.com,France,2022-05-04,retail,True
184,Ashley Barton,ashleybarton_184@example.com,Germany,2023-03-09,retail,True
185,Lindsay Martinez,lindsaymartinez_185@example.com,Germany,2022-12-22,retail,True
186,Dr. Hannah Patterson,drhannahpatterson_186@example.com,Singapore,2024-07-11,retail,True
187,Jonathan Peterson,jonathanpeterson_187@example.com,United States,2023-04-20,retail,True
188,Samantha Garcia,samanthagarcia_188@example.com,India,2022-05-26,retail,False
189,Madison Poole,madisonpoole_189@example.com,Brazil,2023-02-10,retail,True
190,Jessica Gross,jessicagross_190@example.com,Canada,2023-06-29,business,True
191,Debra Morton,debramorton_191@example.com,Canada,2023-09-22,retail,True
192,Karen Graham,karengraham_192@example.com,France,2024-06-18,retail,True
193,Debra Christian,debrachristian_193@example.com,Singapore,2023-07-12,retail,True
194,Angelica Keith,angelicakeith_194@example.com,United Kingdom,2022-03-23,business,True
195,John Bishop,johnbishop_195@example.com,Brazil,2023-05-28,retail,True
196,Allen Rosales,allenrosales_196@example.com,Brazil,2022-02-12,premium,True
197,Daniel Salinas,danielsalinas_197@example.com,France,2022-03-24,retail,True
198,Spencer Haynes,spencerhaynes_198@example.com,Japan,2024-06-24,business,True
199,Adam Vaughan,adamvaughan_199@example.com,Brazil,2024-06-11,retail,True
200,Nathan Freeman,nathanfreeman_200@example.com,United Kingdom,2024-08-20,retail,True
201,Melissa Brewer,melissabrewer_201@example.com,United Kingdom,2022-11-26,retail,True
202,Ricky Davis II,rickydavisii_202@example.com,France,2024-03-31,business,True
203,Elizabeth Perkins,elizabethperkins_203@example.com,India,2022-06-30,retail,True
204,Joseph Coleman,josephcoleman_204@example.com,Singapore,2024-11-19,business,True
205,Erin Warner,erinwarner_205@example.com,Japan,2024-08-04,retail,True
206,David Martinez,davidmartinez_206@example.com,Australia,2024-10-17,retail,True
207,Bryan Herrera,bryanherrera_207@example.com,Germany,2023-07-01,retail,False
208,Cathy Robinson,cathyrobinson_208@example.com,India,2024-09-19,retail,False
209,Dr. William Warren,drwilliamwarren_209@example.com,Brazil,2023-05-06,retail,True
210,Brian Lee,brianlee_210@example.com,United States,2024-04-15,retail,False
211,Christopher Smith,christophersmith_211@example.com,United Kingdom,2024-08-03,business,True
212,Denise Mccann,denisemccann_212@example.com,Canada,2024-10-17,business,True
213,Melissa Martinez,melissamartinez_213@example.com,France,2024-04-30,business,False
214,Katherine Salas,katherinesalas_214@example.com,Germany,2024-07-24,retail,True
215,Julie Alexander,juliealexander_215@example.com,Brazil,2024-11-06,retail,True
216,Anthony Everett,anthonyeverett_216@example.com,United Kingdom,2023-07-20,retail,True
217,Rodney Morales,rodneymorales_217@example.com,Australia,2024-11-05,retail,True
218,Mark Brown,markbrown_218@example.com,France,2024-09-29,business,True
219,Justin Torres,justintorres_219@example.com,India,2023-12-08,retail,True
220,Bailey Duran DDS,baileydurandds_220@example.com,Singapore,2024-07-21,business,True
221,Courtney Mills,courtneymills_221@example.com,Germany,2024-02-24,retail,True
222,Jeremy Dalton,jeremydalton_222@example.com,United States,2023-10-14,retail,True
223,Elizabeth Oliver DDS,elizabetholiverdds_223@example.com,Singapore,2024-03-01,premium,True
224,Theresa Clark,theresaclark_224@example.com,Canada,2024-10-11,premium,True
225,Matthew Moore,matthewmoore_225@example.com,Brazil,2023-11-11,business,True
226,Benjamin Smith,benjaminsmith_226@example.com,India,2022-07-24,retail,True
227,Kirk Carter,kirkcarter_227@example.com,Canada,2024-04-19,business,False
228,Michael Warner,michaelwarner_228@example.com,United Kingdom,2024-08-19,retail,True
229,Michael Bradshaw,michaelbradshaw_229@example.com,Brazil,2024-03-25,retail,True
230,Lori Guerrero,loriguerrero_230@example.com,Japan,2024-02-18,premium,True
231,Jessica Stephens,jessicastephens_231@example.com,India,2022-03-15,retail,True
232,Susan Serrano,susanserrano_232@example.com,France,2023-04-11,retail,True
233,Christopher Parker,christopherparker_233@example.com,United Kingdom,2022-07-25,retail,True
234,Laura Roberts,lauraroberts_234@example.com,United States,2022-04-05,retail,True
235,Michael Lyons,michaellyons_235@example.com,Australia,2024-02-07,retail,True
236,Kathryn Snyder,kathrynsnyder_236@example.com,Singapore,2023-01-04,retail,True
237,Andrew Reynolds,andrewreynolds_237@example.com,Singapore,2023-05-09,retail,True
238,David Davis,daviddavis_238@example.com,Germany,2024-08-02,retail,True
239,Sara Johnston,sarajohnston_239@example.com,United States,2024-08-10,business,True
240,Yvonne Chambers,yvonnechambers_240@example.com,Canada,2022-06-01,retail,True
241,Andrew Avila,andrewavila_241@example.com,Brazil,2023-09-05,retail,True
242,Matthew Moon,matthewmoon_242@example.com,France,2024-07-24,business,True
243,Kevin Walters,kevinwalters_243@example.com,Singapore,2024-09-16,retail,True
244,Brandon Bailey MD,brandonbaileymd_244@example.com,Australia,2023-08-29,premium,True
245,Shannon Rivera,shannonrivera_245@example.com,Singapore,2023-07-17,retail,True
246,Donna Landry,donnalandry_246@example.com,United States,2024-10-14,business,False
247,Krista Gibson,kristagibson_247@example.com,Germany,2023-12-23,retail,True
248,Frank Cordova,frankcordova_248@example.com,France,2022-10-08,retail,False
249,Jose Travis,josetravis_249@example.com,United States,2023-09-25,retail,True
250,Kimberly Gutierrez,kimberlygutierrez_250@example.com,Australia,2022-09-27,retail,True
251,Isaiah Avila,isaiahavila_251@example.com,Singapore,2022-12-26,retail,True
252,Olivia Harris,oliviaharris_252@example.com,Australia,2024-12-23,retail,True
253,Tanya Kim,tanyakim_253@example.com,Canada,2023-06-11,business,False
254,Barbara Dudley,barbaradudley_254@example.com,France,2023-11-25,business,True
255,Cynthia Moore,cynthiamoore_255@example.com,United Kingdom,2022-10-16,retail,True
256,Kristen Davis,kristendavis_256@example.com,Singapore,2024-01-20,retail,True
257,Susan Murray MD,susanmurraymd_257@example.com,France,2022-09-11,retail,True
258,Kathleen Moran,kathleenmoran_258@example.com,France,2024-02-20,business,False
259,Denise Davenport,denisedavenport_259@example.com,United Kingdom,2023-04-24,retail,True
260,Mrs. Kristen Reyes,mrskristenreyes_260@example.com,Japan,2023-11-03,business,True
261,Katie Suarez,katiesuarez_261@example.com,United Kingdom,2024-08-08,business,True
262,Desiree Tyler,desireetyler_262@example.com,Singapore,2022-08-27,retail,False
263,Timothy Romero,timothyromero_263@example.com,France,2024-10-05,retail,True
264,Diane Evans,dianeevans_264@example.com,Japan,2022-10-05,retail,True
265,Yvonne Burns,yvonneburns_265@example.com,Japan,2024-05-08,retail,True
266,Joshua Reed,joshuareed_266@example.com,Singapore,2022-07-22,business,True
267,Kimberly Gibson,kimberlygibson_267@example.com,France,2022-03-09,retail,True
268,Colin Terry,colinterry_268@example.com,India,2023-04-29,business,True
269,Cynthia Rowe,cynthiarowe_269@example.com,Australia,2024-01-05,retail,True
270,Patrick Thornton,patrickthornton_270@example.com,United Kingdom,2024-07-20,retail,True
271,Jasmin Alvarado,jasminalvarado_271@example.com,Brazil,2022-02-13,retail,True
272,Veronica Simpson,veronicasimpson_272@example.com,Canada,2023-02-25,retail,True
273,Jonathan Lawrence,jonathanlawrence_273@example.com,Germany,2023-03-19,business,True
274,Shelly Alexander,shellyalexander_274@example.com,Canada,2022-01-06,retail,False
275,Joyce Bowen,joycebowen_275@example.com,Canada,2023-05-29,retail,True
276,Matthew Moore,matthewmoore_276@example.com,United States,2022-09-27,retail,True
277,Wayne Morgan,waynemorgan_277@example.com,Germany,2023-10-26,retail,True
278,Marie Christian,mariechristian_278@example.com,Canada,2024-05-12,retail,True
279,Shannon James,shannonjames_279@example.com,India,2024-07-07,retail,True
280,Nathan Malone,nathanmalone_280@example.com,United Kingdom,2024-07-14,retail,False
281,Amanda Jones,amandajones_281@example.com,United States,2024-12-03,retail,True
282,Tammie Bright,tammiebright_282@example.com,United States,2022-05-05,premium,True
283,Jessica Garcia,jessicagarcia_283@example.com,Singapore,2022-08-10,retail,False
284,Shelia Wallace,sheliawallace_284@example.com,United Kingdom,2022-06-15,retail,True
285,Stephanie Williams,stephaniewilliams_285@example.com,Canada,2023-07-18,retail,True
286,Elaine Brooks,elainebrooks_286@example.com,Australia,2024-02-20,premium,True
287,Joseph Knight,josephknight_287@example.com,India,2024-11-01,retail,True
288,Carolyn Miller,carolynmiller_288@example.com,United Kingdom,2023-03-17,retail,True
289,Lisa Allen,lisaallen_289@example.com,Singapore,2023-11-26,business,True
290,Briana Murray,brianamurray_290@example.com,United Kingdom,2023-10-03,retail,True
291,David Smith,davidsmith_291@example.com,Australia,2022-11-09,retail,True
292,Stephanie Byrd,stephaniebyrd_292@example.com,United Kingdom,2022-06-24,retail,True
293,Jeremy Reed,jeremyreed_293@example.com,Australia,2022-09-24,retail,True
294,Margaret Coleman,margaretcoleman_294@example.com,Japan,2023-11-07,retail,True
295,Ryan Gonzalez,ryangonzalez_295@example.com,Singapore,2022-04-16,premium,True
296,John Young,johnyoung_296@example.com,Australia,2022-08-01,retail,True
297,Laura Haney,laurahaney_297@example.com,India,2023-04-05,business,True
298,William Barrett,williambarrett_298@example.com,Japan,2024-01-23,retail,True
299,Keith Jennings,keithjennings_299@example.com,Germany,2024-05-28,business,False
300,Amber Obrien,amberobrien_300@example.com,Brazil,2022-02-23,retail,True
301,Tanner Mitchell DDS,tannermitchelldds_301@example.com,France,2022-03-01,retail,True
302,Heather Fields,heatherfields_302@example.com,France,2023-11-27,retail,True
303,Megan Le,meganle_303@example.com,Canada,2024-03-31,retail,True
304,Sara Fuller,sarafuller_304@example.com,United States,2022-07-07,retail,True
305,Maria Parker,mariaparker_305@example.com,Singapore,2024-07-18,retail,True
306,Kevin Oconnor,kevinoconnor_306@example.com,Australia,2022-06-23,business,True
307,Edward Burgess,edwardburgess_307@example.com,Brazil,2022-04-12,retail,True
308,Carlos Ryan,carlosryan_308@example.com,Singapore,2024-09-21,retail,True
309,Kiara Mcintyre,kiaramcintyre_309@example.com,Germany,2024-11-15,retail,True
310,Dawn Summers,dawnsummers_310@example.com,France,2024-09-23,retail,True
311,Dr. Paul Morgan,drpaulmorgan_311@example.com,Germany,2024-03-20,premium,True
312,Victor Taylor,victortaylor_312@example.com,Germany,2023-09-10,business,True
313,Shannon Ramsey,shannonramsey_313@example.com,France,2023-08-16,retail,True
314,Tracy Ballard,tracyballard_314@example.com,Singapore,2022-12-26,retail,True
315,Richard Smith,richardsmith_315@example.com,Germany,2024-10-21,retail,True
316,Jordan Chambers,jordanchambers_316@example.com,Australia,2022-05-28,retail,True
317,Lauren Carson,laurencarson_317@example.com,Singapore,2022-02-08,retail,True
318,Ashley Hall,ashleyhall_318@example.com,Australia,2024-05-29,retail,True
319,Stephen Hoffman,stephenhoffman_319@example.com,Singapore,2023-08-16,retail,True
320,Connie Brown,conniebrown_320@example.com,Australia,2022-12-18,business,True
321,Susan Turner,susanturner_321@example.com,Australia,2022-06-30,retail,True
322,Charles Shah,charlesshah_322@example.com,Singapore,2024-03-31,retail,True
323,Johnathan Davis,johnathandavis_323@example.com,France,2023-11-27,retail,True
324,Brandy Chavez,brandychavez_324@example.com,United Kingdom,2024-11-11,retail,True
325,Natalie Bautista,nataliebautista_325@example.com,Germany,2023-12-17,retail,False
326,Patrick Moore,patrickmoore_326@example.com,Canada,2023-04-29,retail,True
327,Brett Burns,brettburns_327@example.com,Canada,2022-11-10,retail,True
328,Trevor Johnson,trevorjohnson_328@example.com,Canada,2024-10-08,retail,True
329,Jeremy Sampson,jeremysampson_329@example.com,Brazil,2024-07-08,retail,True
330,Ariana Jennings,arianajennings_330@example.com,Brazil,2023-10-24,business,True
331,Vanessa Howard,vanessahoward_331@example.com,Canada,2024-06-19,retail,True
332,Colton Martinez,coltonmartinez_332@example.com,France,2023-07-17,retail,True
333,Jordan Bates,jordanbates_333@example.com,United Kingdom,2023-09-28,retail,True
334,Linda Smith,lindasmith_334@example.com,Australia,2023-08-11,retail,True
335,Dana Martinez,danamartinez_335@example.com,United Kingdom,2024-11-04,retail,True
336,Andrea Hubbard,andreahubbard_336@example.com,United States,2024-07-10,business,True
337,Daniel Kane,danielkane_337@example.com,Germany,2023-10-21,retail,True
338,Charles Lester,charleslester_338@example.com,United States,2024-07-11,retail,True
339,Scott Thomas,scottthomas_339@example.com,Australia,2022-06-22,retail,True
340,David Thompson,davidthompson_340@example.com,Germany,2024-06-15,premium,True
341,Allison Smith,allisonsmith_341@example.com,Brazil,2022-11-22,retail,False
342,Cynthia Morris,cynthiamorris_342@example.com,Singapore,2024-04-17,retail,True
343,Anthony Harmon,anthonyharmon_343@example.com,United States,2023-11-17,retail,True
344,Nichole Alvarez,nicholealvarez_344@example.com,Singapore,2023-08-05,retail,True
345,Kayla Rodriguez,kaylarodriguez_345@example.com,Brazil,2022-11-04,retail,True
346,Theresa Williams,theresawilliams_346@example.com,Canada,2023-12-18,retail,True
347,Sharon Boyd,sharonboyd_347@example.com,Singapore,2022-09-22,retail,False
348,Victor Brown,victorbrown_348@example.com,France,2024-02-11,retail,True
349,James Parks,jamesparks_349@example.com,Canada,2024-12-14,retail,True
350,Theodore Jones Jr.,theodorejonesjr_350@example.com,Japan,2024-01-12,retail,True
351,Ana Hill,anahill_351@example.com,Germany,2023-12-01,business,True
352,Kimberly Nguyen,kimberlynguyen_352@example.com,Germany,2022-10-09,retail,True
353,Kerry Chavez DDS,kerrychavezdds_353@example.com,United Kingdom,2024-11-05,retail,True
354,Michael Farrell,michaelfarrell_354@example.com,Japan,2022-03-19,retail,True
355,Patricia Le,patriciale_355@example.com,Brazil,2022-09-26,retail,True
356,Jesse Perez,jesseperez_356@example.com,Canada,2022-12-06,retail,True
357,Jesse Perry,jesseperry_357@example.com,Australia,2023-05-02,premium,True
358,Jeffery Ortega,jefferyortega_358@example.com,India,2023-04-25,retail,True
359,Christian Leblanc,christianleblanc_359@example.com,India,2023-02-02,retail,False
360,Ronald Davis,ronalddavis_360@example.com,India,2024-08-03,retail,True
361,Parker Cain,parkercain_361@example.com,Japan,2024-12-16,retail,True
362,Laurie Hoffman,lauriehoffman_362@example.com,Germany,2022-10-11,business,True
363,Bryan Gomez,bryangomez_363@example.com,India,2024-01-31,retail,True
364,Nicole Parrish,nicoleparrish_364@example.com,Japan,2022-09-13,retail,True
365,Tracy Burke,tracyburke_365@example.com,France,2024-07-09,business,True
366,Kenneth Lewis,kennethlewis_366@example.com,Singapore,2022-07-07,business,True
367,Courtney Rodriguez,courtneyrodriguez_367@example.com,India,2023-12-17,business,True
368,Holly Farmer,hollyfarmer_368@example.com,Singapore,2024-10-25,retail,True
369,Renee Bruce,reneebruce_369@example.com,United Kingdom,2024-02-07,retail,True
370,Sabrina Austin,sabrinaaustin_370@example.com,United Kingdom,2023-11-18,retail,True
371,Allison Hickman,allisonhickman_371@example.com,France,2024-08-25,retail,True
372,Debra White,debrawhite_372@example.com,India,2024-07-07,retail,False
373,Ellen Morgan,ellenmorgan_373@example.com,United States,2023-06-09,retail,True
374,Sergio Knight,sergioknight_374@example.com,Brazil,2024-12-16,retail,True
375,Charles Schultz,charlesschultz_375@example.com,Germany,2023-09-09,retail,True
376,Paul Lewis,paullewis_376@example.com,Brazil,2024-07-25,retail,True
377,Glen Wood,glenwood_377@example.com,India,2022-02-03,retail,True
378,Paula Bradley,paulabradley_378@example.com,Canada,2023-08-20,retail,True
379,Anthony Moore,anthonymoore_379@example.com,Germany,2024-05-03,retail,True
380,Megan Nelson,megannelson_380@example.com,Japan,2024-01-09,retail,True
381,Karla Ramos,karlaramos_381@example.com,Japan,2024-11-05,retail,True
382,Paul Wilson,paulwilson_382@example.com,India,2022-03-31,retail,False
383,Douglas Gregory,douglasgregory_383@example.com,France,2022-02-03,retail,True
384,Mr. Andrew Foster,mrandrewfoster_384@example.com,Germany,2022-08-01,retail,True
385,Aimee Turner,aimeeturner_385@example.com,Australia,2022-10-01,retail,True
386,Chad Scott,chadscott_386@example.com,Canada,2024-08-09,premium,True
387,Adam Burgess,adamburgess_387@example.com,Canada,2022-10-04,retail,True
388,James Padilla,jamespadilla_388@example.com,India,2022-03-17,retail,True
389,Sandra Drake,sandradrake_389@example.com,Germany,2022-03-27,retail,True
390,Scott Williams,scottwilliams_390@example.com,Singapore,2024-08-27,retail,True
391,Thomas Atkins,thomasatkins_391@example.com,Germany,2023-08-09,retail,True
392,Laura Mckinney,lauramckinney_392@example.com,Australia,2023-07-14,retail,True
393,Brian Smith,briansmith_393@example.com,Singapore,2024-06-19,business,True
394,Robert Montgomery,robertmontgomery_394@example.com,Canada,2024-10-13,retail,True
395,Tamara Davis,tamaradavis_395@example.com,Japan,2023-07-01,business,True
396,Dana Chapman,danachapman_396@example.com,United Kingdom,2024-05-31,retail,True
397,Jennifer Collins,jennifercollins_397@example.com,Japan,2023-08-25,retail,True
398,Gary Jackson,garyjackson_398@example.com,France,2023-09-20,retail,True
399,Ashley Hicks,ashleyhicks_399@example.com,Canada,2024-06-28,retail,True
400,Hannah Luna,hannahluna_400@example.com,Australia,2024-06-09,retail,False
401,Robin Young,robinyoung_401@example.com,United States,2022-06-03,retail,True
402,Craig Morrison,craigmorrison_402@example.com,Japan,2022-11-24,premium,True
403,Mary Thompson,marythompson_403@example.com,Brazil,2024-06-16,retail,True
404,Kathleen Webster,kathleenwebster_404@example.com,Australia,2024-01-12,retail,True
405,Joann Glass,joannglass_405@example.com,Brazil,2022-11-11,retail,False
406,Madison Weber,madisonweber_406@example.com,Australia,2024-06-28,retail,True
407,Lori Hernandez,lorihernandez_407@example.com,Japan,2024-01-22,retail,True
408,Jeremy Turner,jeremyturner_408@example.com,Germany,2022-08-21,retail,True
409,Anthony Romero,anthonyromero_409@example.com,Japan,2024-03-03,business,True
410,Jesse Brown,jessebrown_410@example.com,France,2024-07-02,retail,True
411,Angela Lin,angelalin_411@example.com,India,2023-02-14,retail,True
412,Lisa Hunter,lisahunter_412@example.com,India,2022-12-20,business,True
413,Julian Conner,julianconner_413@example.com,United Kingdom,2023-10-17,retail,True
414,Joanna Pacheco,joannapacheco_414@example.com,Japan,2023-08-18,business,True
415,Erica Alvarez,ericaalvarez_415@example.com,Canada,2024-01-11,retail,True
416,Antonio Garcia,antoniogarcia_416@example.com,Germany,2022-10-12,retail,True
417,Gwendolyn Klein,gwendolynklein_417@example.com,Australia,2024-01-26,retail,False
418,Carrie Wright,carriewright_418@example.com,Canada,2022-06-26,retail,True
419,Jeffrey Mills,jeffreymills_419@example.com,India,2024-12-12,retail,True
420,Jake Campbell,jakecampbell_420@example.com,Brazil,2022-06-01,retail,True
421,George Harper,georgeharper_421@example.com,United Kingdom,2024-07-10,retail,True
422,Maria Jones,mariajones_422@example.com,Canada,2023-01-08,retail,True
423,Michael Mitchell,michaelmitchell_423@example.com,Japan,2022-04-24,business,True
424,Mary Escobar,maryescobar_424@example.com,France,2022-12-04,retail,False
425,Felicia Aguilar,feliciaaguilar_425@example.com,Germany,2023-12-10,business,True
426,Gregory Ponce,gregoryponce_426@example.com,France,2022-06-11,retail,True
427,Jenna Larson,jennalarson_427@example.com,Japan,2023-07-17,retail,True
428,Emily Bennett,emilybennett_428@example.com,Japan,2022-07-11,retail,True
429,Robin Santiago,robinsantiago_429@example.com,Brazil,2022-11-12,retail,True
430,Nancy Jennings,nancyjennings_430@example.com,Brazil,2023-11-23,business,True
431,Maria Henderson,mariahenderson_431@example.com,United States,2022-06-16,retail,True
432,Jack White,jackwhite_432@example.com,Brazil,2023-06-27,retail,True
433,Travis Tucker,travistucker_433@example.com,Singapore,2022-03-04,retail,True
434,Chad Jones,chadjones_434@example.com,France,2023-09-11,retail,True
435,Ashley Wise,ashleywise_435@example.com,Singapore,2023-09-02,retail,True
436,Sophia Johnson,sophiajohnson_436@example.com,Canada,2024-06-19,retail,True
437,Ralph Anderson,ralphanderson_437@example.com,Australia,2022-10-22,retail,True
438,Christopher Guerra,christopherguerra_438@example.com,Australia,2024-03-27,retail,True
439,Rhonda Martin,rhondamartin_439@example.com,Japan,2022-08-06,retail,True
440,Jason Rhodes,jasonrhodes_440@example.com,France,2024-07-09,retail,True
441,Jeremy Mitchell,jeremymitchell_441@example.com,France,2024-02-26,business,True
442,Joann Ferguson,joannferguson_442@example.com,Canada,2023-11-02,business,True
443,Robert Harrison,robertharrison_443@example.com,Germany,2022-11-23,retail,True
444,Holly Valentine,hollyvalentine_444@example.com,India,2023-09-24,retail,True
445,Mrs. Diane Reyes,mrsdianereyes_445@example.com,Singapore,2024-11-01,retail,True
446,Tracy Montoya,tracymontoya_446@example.com,Brazil,2023-12-24,retail,True
447,Brenda Wright,brendawright_447@example.com,Brazil,2024-08-21,retail,True
448,Shelly Spencer,shellyspencer_448@example.com,United Kingdom,2024-06-01,retail,True
449,Ryan Rosales,ryanrosales_449@example.com,Australia,2024-04-05,retail,True
450,Phillip Nelson,phillipnelson_450@example.com,Brazil,2023-02-03,retail,True
451,Brittany Kim,brittanykim_451@example.com,Singapore,2024-10-29,retail,True
452,Courtney Hayes,courtneyhayes_452@example.com,Brazil,2022-09-01,retail,True
453,Alexander Brown,alexanderbrown_453@example.com,Australia,2023-11-26,retail,True
454,Cynthia Vang,cynthiavang_454@example.com,Canada,2023-02-12,retail,True
455,Alfred Galvan,alfredgalvan_455@example.com,United States,2022-04-03,retail,True
456,Marie Moody,mariemoody_456@example.com,India,2024-11-29,retail,True
457,Dustin Gallegos,dustingallegos_457@example.com,Japan,2022-10-14,retail,True
458,Brenda Thornton,brendathornton_458@example.com,Canada,2024-03-15,premium,True
459,Aaron Miller,aaronmiller_459@example.com,France,2023-11-20,retail,True
460,Ruben Dunn,rubendunn_460@example.com,India,2023-09-06,retail,True
461,Kelsey Rodriguez,kelseyrodriguez_461@example.com,Australia,2022-08-13,premium,True
462,Eric Williams,ericwilliams_462@example.com,United States,2024-08-29,retail,True
463,Riley Bryant,rileybryant_463@example.com,Brazil,2023-04-12,retail,True
464,Taylor Carlson,taylorcarlson_464@example.com,Canada,2024-12-09,retail,True
465,Jose Allen,joseallen_465@example.com,Singapore,2022-10-30,business,True
466,Jeffrey Mendez,jeffreymendez_466@example.com,Brazil,2022-08-14,retail,True
467,Jason Beck,jasonbeck_467@example.com,Singapore,2022-11-07,retail,True
468,William Jones,williamjones_468@example.com,Japan,2024-08-23,business,True
469,Katie Mcneil,katiemcneil_469@example.com,United States,2022-10-10,retail,True
470,Jeanette Harrison,jeanetteharrison_470@example.com,India,2024-12-12,retail,False
471,Veronica King,veronicaking_471@example.com,India,2024-12-27,retail,True
472,Richard Cooper,richardcooper_472@example.com,France,2024-09-18,retail,True
473,Lori Ingram,loriingram_473@example.com,Japan,2023-09-04,retail,False
474,Evelyn Williams,evelynwilliams_474@example.com,France,2023-08-15,retail,True
475,Robin Thompson,robinthompson_475@example.com,India,2023-10-12,retail,True
476,Julie Dominguez,juliedominguez_476@example.com,France,2023-08-13,retail,True
477,Robin Brown,robinbrown_477@example.com,Singapore,2024-03-19,business,False
478,Judith Carter,judithcarter_478@example.com,Canada,2023-08-18,retail,False
479,Curtis Williams,curtiswilliams_479@example.com,United Kingdom,2023-12-11,business,True
480,Kaylee Hays,kayleehays_480@example.com,India,2023-03-15,retail,True
481,Dawn Mullins,dawnmullins_481@example.com,Japan,2023-07-11,retail,True
482,Howard Norman,howardnorman_482@example.com,Brazil,2023-05-06,retail,True
483,Evelyn Martinez,evelynmartinez_483@example.com,Japan,2023-04-08,retail,True
484,Steve Paul,stevepaul_484@example.com,Singapore,2023-11-08,retail,True
485,Jasmine Beltran,jasminebeltran_485@example.com,Canada,2022-01-11,premium,False
486,Jonathan Glass MD,jonathanglassmd_486@example.com,Canada,2024-04-13,retail,True
487,Monica Miller,monicamiller_487@example.com,India,2024-09-04,retail,True
488,Samantha Gardner,samanthagardner_488@example.com,France,2023-10-20,retail,True
489,Bobby Guerrero,bobbyguerrero_489@example.com,United Kingdom,2023-04-21,retail,True
490,Lance Simmons,lancesimmons_490@example.com,United States,2022-12-25,retail,True
491,Heather Williams,heatherwilliams_491@example.com,United States,2024-03-24,retail,True
492,Heather Bolton,heatherbolton_492@example.com,France,2022-03-18,retail,True
493,William Gould,williamgould_493@example.com,United Kingdom,2023-11-18,retail,False
494,Mark Cox,markcox_494@example.com,Japan,2024-12-09,retail,False
495,Meghan Cisneros,meghancisneros_495@example.com,Japan,2024-08-16,retail,True
496,Lawrence Harrington,lawrenceharrington_496@example.com,Australia,2022-11-29,retail,True
497,Austin Osborne,austinosborne_497@example.com,Canada,2022-01-29,retail,True
498,James Bradley,jamesbradley_498@example.com,Brazil,2023-01-31,retail,True
499,Meghan Rush,meghanrush_499@example.com,Singapore,2024-05-25,retail,True
500,Phillip Berry,phillipberry_500@example.com,United Kingdom,2023-01-14,premium,True
501,Jennifer Banks,jenniferbanks_501@example.com,Germany,2022-01-14,retail,True
502,Brian Fitzgerald,brianfitzgerald_502@example.com,France,2023-11-07,retail,True
503,Mr. Justin Green III,mrjustingreeniii_503@example.com,United States,2023-06-20,retail,True
504,Zachary Mitchell,zacharymitchell_504@example.com,United States,2022-08-31,retail,True
505,Katherine Martinez,katherinemartinez_505@example.com,Japan,2023-09-29,retail,True
506,Jodi Roach,jodiroach_506@example.com,France,2024-01-23,retail,True
507,Brandon Fleming,brandonfleming_507@example.com,Canada,2024-09-06,retail,True
508,Emma Reed,emmareed_508@example.com,Brazil,2024-02-05,retail,True
509,Joshua Vance,joshuavance_509@example.com,India,2023-03-24,retail,True
510,Michelle Ho,michelleho_510@example.com,Brazil,2022-06-17,retail,True
511,Rebecca Hicks,rebeccahicks_511@example.com,Australia,2022-06-09,business,True
512,Curtis Taylor,curtistaylor_512@example.com,Japan,2024-11-01,retail,True
513,Allison Spencer,allisonspencer_513@example.com,Canada,2023-11-03,business,True
514,Robert Arnold,robertarnold_514@example.com,Germany,2024-09-28,retail,True
515,Angelica Parker,angelicaparker_515@example.com,United States,2024-07-17,retail,True
516,Dr. Kelly Hammond DVM,drkellyhammonddvm_516@example.com,Brazil,2022-04-29,retail,True
517,William Day,williamday_517@example.com,France,2022-02-14,retail,True
518,Michael Cooper,michaelcooper_518@example.com,Germany,2022-05-30,retail,True
519,Penny Bowman,pennybowman_519@example.com,United Kingdom,2022-05-04,business,True
520,Vincent Reynolds,vincentreynolds_520@example.com,India,2022-03-06,retail,True
521,Amy Martinez,amymartinez_521@example.com,Canada,2024-05-10,retail,True
522,Christopher Morris,christophermorris_522@example.com,India,2024-02-13,retail,True
523,Hannah Everett,hannaheverett_523@example.com,Japan,2022-09-30,retail,True
524,Sarah King,sarahking_524@example.com,Canada,2024-03-15,retail,True
525,Krista Martinez,kristamartinez_525@example.com,Germany,2022-01-08,retail,False
526,Joseph Shaw,josephshaw_526@example.com,India,2024-05-18,retail,True
527,Todd Moore,toddmoore_527@example.com,Germany,2024-08-01,retail,True
528,Michelle Jacobs,michellejacobs_528@example.com,United Kingdom,2022-03-07,business,True
529,Kristy Bryan,kristybryan_529@example.com,United States,2023-05-08,retail,True
530,Angel May,angelmay_530@example.com,United States,2024-07-03,retail,True
531,Marilyn Wang,marilynwang_531@example.com,United States,2023-05-17,retail,True
532,Mark Jimenez,markjimenez_532@example.com,Germany,2023-03-21,retail,True
533,Donna Frye,donnafrye_533@example.com,Canada,2024-10-28,premium,True
534,Dr. Michael Evans,drmichaelevans_534@example.com,Brazil,2023-10-16,retail,True
535,Anthony Gonzales,anthonygonzales_535@example.com,Australia,2023-05-01,retail,True
536,Mr. Lawrence Edwards,mrlawrenceedwards_536@example.com,Japan,2023-03-29,retail,True
537,Morgan Valencia,morganvalencia_537@example.com,Japan,2022-12-25,retail,True
538,Bianca Wood,biancawood_538@example.com,India,2022-04-07,premium,False
539,Emma Owens,emmaowens_539@example.com,Singapore,2024-12-10,retail,True
540,David Davis,daviddavis_540@example.com,Canada,2023-09-07,retail,True
541,James Gilbert,jamesgilbert_541@example.com,India,2023-05-09,business,True
542,Sean Moore,seanmoore_542@example.com,Canada,2024-08-06,business,True
543,Kenneth Edwards,kennethedwards_543@example.com,Singapore,2024-12-21,retail,True
544,Kathleen Robertson,kathleenrobertson_544@example.com,Germany,2023-11-08,retail,False
545,Mr. Alexander Landry MD,mralexanderlandrymd_545@example.com,Australia,2022-07-09,retail,True
546,Cindy Gomez,cindygomez_546@example.com,United States,2023-07-04,retail,True
547,Johnny Khan,johnnykhan_547@example.com,United States,2022-05-30,retail,True
548,Julie Herrera,julieherrera_548@example.com,Japan,2023-03-21,retail,True
549,Jessica Khan,jessicakhan_549@example.com,Australia,2023-09-13,premium,True
550,Pamela Diaz,pameladiaz_550@example.com,Germany,2022-08-29,retail,True
551,Kelly Lee,kellylee_551@example.com,Germany,2023-02-23,retail,True
552,Angel Gordon,angelgordon_552@example.com,Australia,2023-08-03,retail,True
553,Diana Hays,dianahays_553@example.com,Australia,2023-09-24,retail,True
554,Barbara Hester,barbarahester_554@example.com,India,2024-08-12,retail,False
555,Robert Morgan,robertmorgan_555@example.com,India,2023-10-18,business,True
556,Nicole Gonzalez,nicolegonzalez_556@example.com,Singapore,2022-04-04,retail,True
557,Kathryn Williams,kathrynwilliams_557@example.com,Canada,2022-02-03,retail,False
558,Gary Wells,garywells_558@example.com,Brazil,2024-05-05,retail,True
559,Larry Robertson,larryrobertson_559@example.com,Germany,2024-02-17,retail,True
560,Louis Martin,louismartin_560@example.com,Japan,2023-11-23,retail,True
561,Nancy Evans MD,nancyevansmd_561@example.com,India,2024-08-01,retail,True
562,Kim Erickson,kimerickson_562@example.com,Canada,2022-10-14,retail,True
563,Robert Richardson,robertrichardson_563@example.com,Japan,2022-05-01,retail,True
564,Veronica Silva,veronicasilva_564@example.com,United Kingdom,2022-04-10,retail,True
565,Molly Watts,mollywatts_565@example.com,Germany,2022-05-20,retail,True
566,John Coffey,johncoffey_566@example.com,Japan,2024-07-22,retail,True
567,Paula Lane,paulalane_567@example.com,Brazil,2024-09-16,retail,True
568,Lauren Jackson,laurenjackson_568@example.com,Japan,2024-04-22,retail,True
569,Lisa Randall,lisarandall_569@example.com,France,2023-08-11,retail,True
570,Michael Johnson,michaeljohnson_570@example.com,Singapore,2023-01-03,retail,True
571,Ashley Smith,ashleysmith_571@example.com,Canada,2023-05-09,retail,True
572,Christian Vaughn,christianvaughn_572@example.com,Australia,2023-07-02,retail,True
573,Reginald Knapp,reginaldknapp_573@example.com,Singapore,2024-07-29,retail,False
574,Nancy Brown,nancybrown_574@example.com,Germany,2023-09-07,retail,True
575,Daniel Nguyen,danielnguyen_575@example.com,United States,2022-07-11,retail,True
576,Kelly Edwards,kellyedwards_576@example.com,India,2022-04-25,retail,True
577,Thomas Peterson,thomaspeterson_577@example.com,United Kingdom,2024-10-20,business,True
578,Raymond Le,raymondle_578@example.com,Australia,2022-07-15,business,False
579,Melissa Bishop,melissabishop_579@example.com,Germany,2023-03-09,business,True
580,David Grant,davidgrant_580@example.com,Brazil,2024-08-31,retail,False
581,William Evans,williamevans_581@example.com,France,2022-03-09,retail,True
582,Daniel Bush,danielbush_582@example.com,United States,2023-03-01,retail,True
583,Gregory Peck,gregorypeck_583@example.com,Singapore,2022-06-07,retail,True
584,Denise Martinez,denisemartinez_584@example.com,Brazil,2024-03-07,retail,True
585,Jamie Baird,jamiebaird_585@example.com,Singapore,2022-10-14,retail,True
586,Tina Ballard,tinaballard_586@example.com,United Kingdom,2024-10-22,retail,True
587,Dwayne Klein,dwayneklein_587@example.com,United Kingdom,2024-06-14,retail,True
588,Jeremy Scott,jeremyscott_588@example.com,Brazil,2024-03-23,premium,True
589,Dale Ryan,daleryan_589@example.com,France,2024-07-11,retail,True
590,Melissa Taylor,melissataylor_590@example.com,Singapore,2024-06-03,retail,True
591,Laurie Sanchez,lauriesanchez_591@example.com,Singapore,2022-06-25,retail,True
592,Kiara Little,kiaralittle_592@example.com,Germany,2022-05-31,retail,True
593,Jason Love,jasonlove_593@example.com,Canada,2024-03-08,retail,True
594,Randy Smith,randysmith_594@example.com,United States,2023-09-24,retail,True
595,Tanya Russell,tanyarussell_595@example.com,United Kingdom,2022-09-29,retail,True
596,Sherry Woods,sherrywoods_596@example.com,Japan,2024-11-15,retail,True
597,Victor Morris,victormorris_597@example.com,Australia,2022-07-10,retail,True
598,Susan Davis,susandavis_598@example.com,Singapore,2022-01-26,retail,True
599,Kimberly Sharp,kimberlysharp_599@example.com,United Kingdom,2023-05-13,retail,True
600,Susan Thompson,susanthompson_600@example.com,Singapore,2022-12-14,retail,True
601,Casey Gillespie,caseygillespie_601@example.com,India,2022-10-26,retail,True
602,Jennifer Simpson DVM,jennifersimpsondvm_602@example.com,Singapore,2023-09-06,retail,True
603,Tammy Mcdowell,tammymcdowell_603@example.com,France,2023-05-21,retail,True
604,Keith Rodriguez,keithrodriguez_604@example.com,Brazil,2023-02-05,retail,True
605,Mrs. Virginia Daniels,mrsvirginiadaniels_605@example.com,United States,2024-03-21,retail,True
606,Todd Rosales MD,toddrosalesmd_606@example.com,Australia,2024-06-20,retail,True
607,Brian Martin,brianmartin_607@example.com,Brazil,2022-10-06,retail,True
608,David Lopez,davidlopez_608@example.com,Germany,2024-09-08,retail,False
609,Rachel Bradley,rachelbradley_609@example.com,Australia,2023-08-20,retail,True
610,Casey Chase,caseychase_610@example.com,Brazil,2023-05-12,retail,True
611,Samantha Robertson,samantharobertson_611@example.com,Singapore,2024-01-18,retail,True
612,Michael Lopez,michaellopez_612@example.com,Brazil,2023-01-04,retail,True
613,Franklin Wright,franklinwright_613@example.com,India,2023-03-06,retail,True
614,David Molina,davidmolina_614@example.com,United Kingdom,2024-04-17,retail,True
615,Elizabeth Sharp,elizabethsharp_615@example.com,France,2023-05-11,retail,True
616,Matthew Schwartz,matthewschwartz_616@example.com,Singapore,2024-02-12,retail,False
617,Bryan Parker,bryanparker_617@example.com,India,2024-03-31,retail,False
618,Jonathan Jacobson,jonathanjacobson_618@example.com,Singapore,2022-03-17,retail,True
619,Emily Wilson,emilywilson_619@example.com,Japan,2022-06-24,retail,True
620,Elizabeth Mendez,elizabethmendez_620@example.com,Australia,2022-12-07,retail,True
621,Casey Hernandez,caseyhernandez_621@example.com,Singapore,2023-11-11,premium,True
622,Lisa Perry,lisaperry_622@example.com,United States,2022-07-21,retail,True
623,Kaitlin Medina,kaitlinmedina_623@example.com,Japan,2023-03-29,retail,True
624,Colleen Wright,colleenwright_624@example.com,Brazil,2024-10-21,retail,False
625,Shelley Miller,shelleymiller_625@example.com,India,2022-08-03,retail,False
626,Michael Miller,michaelmiller_626@example.com,United Kingdom,2022-08-26,business,True
627,Amy Kelley,amykelley_627@example.com,Australia,2023-10-01,retail,True
628,Laura Hernandez,laurahernandez_628@example.com,Japan,2024-09-16,retail,True
629,Joseph Wilson,josephwilson_629@example.com,India,2023-10-16,retail,True
630,Kevin Davis,kevindavis_630@example.com,United Kingdom,2022-02-16,business,True
631,Rhonda Chavez,rhondachavez_631@example.com,Canada,2023-05-15,retail,True
632,Joyce Brown,joycebrown_632@example.com,Australia,2024-05-23,premium,True
633,Robert Cummings,robertcummings_633@example.com,Singapore,2023-01-13,retail,True
634,Robert Reese,robertreese_634@example.com,Singapore,2022-03-01,retail,True
635,Amber Cooper,ambercooper_635@example.com,India,2024-05-29,retail,True
636,Zachary Michael,zacharymichael_636@example.com,Germany,2023-07-25,retail,True
637,Timothy Johnson,timothyjohnson_637@example.com,United Kingdom,2022-07-28,retail,True
638,Randy Cannon,randycannon_638@example.com,Australia,2023-10-30,retail,True
639,Maria Fisher,mariafisher_639@example.com,India,2024-12-16,premium,True
640,Janet Kane DVM,janetkanedvm_640@example.com,Singapore,2024-03-14,retail,True
641,Michael Stanley,michaelstanley_641@example.com,India,2022-12-20,business,True
642,Martha Bailey,marthabailey_642@example.com,France,2022-06-23,retail,True
643,Joshua Rice,joshuarice_643@example.com,Germany,2023-09-18,retail,True
644,Courtney Smith,courtneysmith_644@example.com,Canada,2024-11-12,retail,True
645,Edwin Nunez,edwinnunez_645@example.com,Brazil,2024-02-25,retail,True
646,Kim Morrow,kimmorrow_646@example.com,Japan,2022-12-21,retail,True
647,Gregory Hill,gregoryhill_647@example.com,Canada,2023-01-19,retail,True
648,Molly Rodriguez,mollyrodriguez_648@example.com,United States,2024-01-06,premium,True
649,Jennifer Miranda,jennifermiranda_649@example.com,Germany,2024-02-26,premium,True
650,Alexis Harris,alexisharris_650@example.com,India,2024-04-17,retail,True
651,Andrew Harper,andrewharper_651@example.com,India,2024-09-27,retail,True
652,Amber Yang,amberyang_652@example.com,Germany,2023-08-22,retail,True
653,David Robinson,davidrobinson_653@example.com,France,2022-12-11,retail,True
654,Amy Gordon,amygordon_654@example.com,India,2024-11-12,retail,True
655,Robert Dennis,robertdennis_655@example.com,Japan,2024-01-22,retail,True
656,Kyle Chambers,kylechambers_656@example.com,India,2023-03-24,premium,True
657,Eric Thomas,ericthomas_657@example.com,Germany,2023-09-02,business,True
658,Connie Turner,connieturner_658@example.com,France,2023-12-15,business,True
659,Travis Hobbs,travishobbs_659@example.com,United Kingdom,2023-05-01,retail,True
660,Lori Simmons,lorisimmons_660@example.com,Australia,2024-05-26,retail,True
661,William David DDS,williamdaviddds_661@example.com,Germany,2023-02-28,business,True
662,Emma Butler,emmabutler_662@example.com,Japan,2023-07-30,retail,True
663,James Webster,jameswebster_663@example.com,France,2023-08-16,retail,False
664,Samuel Turner,samuelturner_664@example.com,Japan,2022-07-15,retail,True
665,Renee Melendez,reneemelendez_665@example.com,Singapore,2022-05-02,premium,True
666,Tracy Grant,tracygrant_666@example.com,Canada,2022-09-29,retail,True
667,David Harris,davidharris_667@example.com,Germany,2024-03-15,retail,True
668,Tammy Boone,tammyboone_668@example.com,France,2024-04-28,retail,True
669,Nathaniel Lee,nathaniellee_669@example.com,United Kingdom,2024-04-05,retail,True
670,Michael Morrison,michaelmorrison_670@example.com,Australia,2024-07-20,premium,True
671,Chelsea Gill,chelseagill_671@example.com,United States,2022-07-10,retail,True
672,Kristin Mendoza,kristinmendoza_672@example.com,Australia,2022-05-10,retail,True
673,Felicia Krueger,feliciakrueger_673@example.com,Singapore,2023-03-10,retail,True
674,Timothy Hayden,timothyhayden_674@example.com,France,2023-11-23,retail,True
675,Zachary Mendoza,zacharymendoza_675@example.com,India,2023-12-05,business,True
676,Larry Harris,larryharris_676@example.com,United States,2022-07-23,retail,True
677,Kristen Rowe,kristenrowe_677@example.com,United States,2022-09-12,business,True
678,Joseph Howard,josephhoward_678@example.com,India,2022-01-02,premium,True
679,Jose Crawford,josecrawford_679@example.com,Canada,2023-09-11,retail,False
680,William Harrison,williamharrison_680@example.com,France,2022-07-11,retail,True
681,Suzanne Wood,suzannewood_681@example.com,Australia,2022-12-05,retail,True
682,Justin Walker,justinwalker_682@example.com,Germany,2024-05-29,retail,True
683,Dean Donovan,deandonovan_683@example.com,United States,2023-03-14,retail,True
684,Jennifer Hernandez,jenniferhernandez_684@example.com,Germany,2024-11-29,retail,True
685,James Whitaker,jameswhitaker_685@example.com,Australia,2022-09-04,premium,True
686,Mr. Michael Scott PhD,mrmichaelscottphd_686@example.com,Canada,2024-09-05,retail,True
687,Maria Henry,mariahenry_687@example.com,United Kingdom,2022-07-31,retail,True
688,Robert Jackson,robertjackson_688@example.com,Canada,2024-02-23,retail,True
689,Katherine Stark,katherinestark_689@example.com,Canada,2022-10-20,retail,True
690,Maria Brown,mariabrown_690@example.com,Brazil,2022-12-03,retail,True
691,Ryan Landry,ryanlandry_691@example.com,Canada,2024-04-23,retail,True
692,Pamela Gutierrez,pamelagutierrez_692@example.com,Germany,2022-06-27,business,True
693,Crystal Mann,crystalmann_693@example.com,United Kingdom,2024-02-26,retail,True
694,Jonathan Brooks,jonathanbrooks_694@example.com,Canada,2023-05-23,retail,True
695,Mary Jensen,maryjensen_695@example.com,Japan,2023-08-07,retail,True
696,Mr. Aaron Arnold,mraaronarnold_696@example.com,France,2023-02-25,retail,True
697,Joseph Hill,josephhill_697@example.com,Singapore,2023-08-29,retail,True
698,Alicia Li,aliciali_698@example.com,Germany,2024-10-10,retail,True
699,Renee Browning,reneebrowning_699@example.com,Brazil,2022-05-26,retail,False
700,Brent Hernandez,brenthernandez_700@example.com,Australia,2023-10-11,retail,True
701,Joseph Ochoa,josephochoa_701@example.com,Brazil,2024-05-11,retail,True
702,James Watson,jameswatson_702@example.com,India,2022-05-30,retail,True
703,Karl Branch,karlbranch_703@example.com,France,2023-03-18,retail,True
704,Michael Abbott,michaelabbott_704@example.com,Singapore,2024-11-03,retail,True
705,Shannon Malone,shannonmalone_705@example.com,Singapore,2024-05-17,retail,True
706,James Tran,jamestran_706@example.com,Japan,2022-11-09,retail,True
707,Adam Jackson,adamjackson_707@example.com,Japan,2023-02-21,premium,True
708,Mr. Richard Knight PhD,mrrichardknightphd_708@example.com,Australia,2024-03-11,retail,True
709,Joseph Williams,josephwilliams_709@example.com,United Kingdom,2023-09-28,retail,True
710,Sean Clay,seanclay_710@example.com,Germany,2022-04-29,retail,False
711,Anthony Jones,anthonyjones_711@example.com,United Kingdom,2024-07-17,retail,True
712,Stephanie Elliott,stephanieelliott_712@example.com,Canada,2022-09-02,retail,True
713,Timothy Edwards,timothyedwards_713@example.com,United States,2022-12-02,retail,True
714,Laurie Goodwin,lauriegoodwin_714@example.com,Japan,2023-06-15,retail,True
715,Jennifer Jones,jenniferjones_715@example.com,France,2022-08-30,retail,True
716,David Davenport,daviddavenport_716@example.com,Singapore,2023-07-12,retail,True
717,Steven Rivera,stevenrivera_717@example.com,Brazil,2022-06-07,retail,True
718,Brenda Hinton,brendahinton_718@example.com,United States,2024-10-20,business,True
719,Kathryn Mccann,kathrynmccann_719@example.com,Canada,2023-06-07,retail,True
720,Jeffrey Roberson,jeffreyroberson_720@example.com,United Kingdom,2023-04-13,retail,True
721,Randy Friedman,randyfriedman_721@example.com,United States,2023-05-16,retail,True
722,Raymond Johnson,raymondjohnson_722@example.com,Canada,2023-01-02,business,True
723,Willie Henry,williehenry_723@example.com,Japan,2024-05-08,retail,True
724,Todd Reynolds,toddreynolds_724@example.com,Australia,2023-07-10,business,True
725,Mary Miller,marymiller_725@example.com,United Kingdom,2024-10-25,retail,True
726,Rebecca Marquez,rebeccamarquez_726@example.com,Germany,2024-11-22,premium,False
727,Christian Dawson,christiandawson_727@example.com,United Kingdom,2024-08-10,business,True
728,Nancy Stewart,nancystewart_728@example.com,France,2023-11-02,retail,True
729,Aaron Parker,aaronparker_729@example.com,Australia,2023-02-15,retail,True
730,Derrick Anderson,derrickanderson_730@example.com,Brazil,2023-05-12,retail,True
731,Jerry Peters,jerrypeters_731@example.com,India,2023-02-05,retail,True
732,Alexander Gomez,alexandergomez_732@example.com,Germany,2022-11-05,retail,True
733,Kyle Nguyen,kylenguyen_733@example.com,Germany,2023-12-11,retail,True
734,Edgar Hughes,edgarhughes_734@example.com,United States,2023-11-18,retail,True
735,Steven Stein,stevenstein_735@example.com,France,2022-08-01,retail,False
736,Laura Jackson,laurajackson_736@example.com,Singapore,2024-10-04,premium,False
737,Charles Turner,charlesturner_737@example.com,Canada,2023-07-28,retail,False
738,Arthur Hamilton MD,arthurhamiltonmd_738@example.com,Japan,2024-04-25,retail,True
739,Mr. David Wright,mrdavidwright_739@example.com,United Kingdom,2022-07-15,retail,True
740,Linda Gonzalez,lindagonzalez_740@example.com,Singapore,2022-06-03,retail,True
741,Eric Rush,ericrush_741@example.com,Canada,2023-04-30,retail,True
742,Manuel Brock,manuelbrock_742@example.com,Singapore,2023-10-31,retail,True
743,George Ochoa,georgeochoa_743@example.com,United Kingdom,2023-02-20,retail,True
744,Valerie Taylor,valerietaylor_744@example.com,United Kingdom,2022-11-15,retail,True
745,Travis Harris,travisharris_745@example.com,Australia,2024-04-12,retail,True
746,Vincent Novak,vincentnovak_746@example.com,Germany,2024-07-14,retail,True
747,Michael Henry,michaelhenry_747@example.com,United Kingdom,2022-07-05,retail,True
748,Dana Bennett,danabennett_748@example.com,Brazil,2022-03-24,retail,True
749,Jenna Wilson,jennawilson_749@example.com,Canada,2022-07-06,retail,False
750,Leslie Gardner,lesliegardner_750@example.com,Singapore,2024-11-17,retail,True
751,Krista Benton,kristabenton_751@example.com,Canada,2022-03-05,premium,True
752,Michael Gonzales,michaelgonzales_752@example.com,Japan,2023-05-27,retail,True
753,Michael Fuentes,michaelfuentes_753@example.com,Canada,2022-09-06,retail,True
754,Jennifer Porter,jenniferporter_754@example.com,Germany,2022-09-25,retail,True
755,Dana Hopkins,danahopkins_755@example.com,United Kingdom,2023-06-15,business,True
756,Rachel Jones,racheljones_756@example.com,United Kingdom,2023-02-09,business,True
757,Karen Morales DDS,karenmoralesdds_757@example.com,Canada,2022-07-08,business,True
758,Melissa Stephens,melissastephens_758@example.com,Australia,2022-09-08,retail,True
759,Heather Woodard,heatherwoodard_759@example.com,Canada,2024-06-06,business,True
760,Margaret Miller,margaretmiller_760@example.com,United States,2024-02-23,retail,True
761,Mary Kelly,marykelly_761@example.com,Germany,2023-01-19,retail,True
762,Amanda Terrell,amandaterrell_762@example.com,Canada,2022-03-12,retail,True
763,Jennifer Goodwin,jennifergoodwin_763@example.com,France,2024-10-18,retail,True
764,Jessica Smith,jessicasmith_764@example.com,United States,2022-06-29,retail,True
765,Jorge Stone,jorgestone_765@example.com,Germany,2024-12-12,retail,False
766,Laura Griffin,lauragriffin_766@example.com,Japan,2022-02-09,premium,True
767,Raymond Chapman,raymondchapman_767@example.com,Australia,2024-09-09,retail,True
768,Haley Johnson,haleyjohnson_768@example.com,Brazil,2024-10-25,retail,True
769,Jason Nixon,jasonnixon_769@example.com,United States,2023-10-16,retail,True
770,Todd Thomas,toddthomas_770@example.com,France,2022-04-30,business,True
771,Jesse Clark,jesseclark_771@example.com,Australia,2023-04-22,premium,True
772,Mr. Jeffrey Horton,mrjeffreyhorton_772@example.com,Germany,2023-06-30,retail,True
773,Eric Patrick,ericpatrick_773@example.com,United States,2023-03-26,retail,False
774,Samuel Wong,samuelwong_774@example.com,Singapore,2023-12-28,business,False
775,Carly Riggs,carlyriggs_775@example.com,Canada,2022-12-27,retail,True
776,Christopher Moore,christophermoore_776@example.com,Australia,2022-02-27,retail,True
777,Tina Hall,tinahall_777@example.com,Brazil,2022-10-19,retail,True
778,Cody Davidson,codydavidson_778@example.com,India,2023-09-25,retail,True
779,Allen Mendez,allenmendez_779@example.com,United States,2023-04-22,retail,True
780,Kevin Price,kevinprice_780@example.com,India,2022-01-02,retail,True
781,Christine Goodwin,christinegoodwin_781@example.com,Canada,2023-11-29,retail,False
782,Amy Garcia,amygarcia_782@example.com,Australia,2022-05-02,retail,True
783,Chelsea Nguyen,chelseanguyen_783@example.com,Canada,2022-08-16,business,True
784,Dennis Huffman,dennishuffman_784@example.com,United Kingdom,2024-02-05,retail,True
785,Margaret Harper,margaretharper_785@example.com,Brazil,2022-07-26,retail,True
786,Laurie Bailey,lauriebailey_786@example.com,Canada,2024-06-13,retail,False
787,Lisa Cervantes,lisacervantes_787@example.com,Australia,2022-12-23,retail,True
788,Elizabeth Mendez,elizabethmendez_788@example.com,Brazil,2024-01-01,retail,True
789,Cesar Wilson,cesarwilson_789@example.com,Canada,2024-02-14,retail,True
790,Clayton Steele,claytonsteele_790@example.com,Canada,2022-12-30,retail,False
791,Jennifer Taylor,jennifertaylor_791@example.com,Brazil,2024-03-12,business,True
792,Cody Reid,codyreid_792@example.com,Brazil,2022-03-08,retail,True
793,Maria Cooke,mariacooke_793@example.com,Brazil,2023-03-29,retail,True
794,Katherine Taylor,katherinetaylor_794@example.com,India,2022-10-16,retail,True
795,Jerry Brown,jerrybrown_795@example.com,Australia,2023-10-17,retail,True
796,Adam Taylor,adamtaylor_796@example.com,United Kingdom,2023-11-19,retail,True
797,Tracey Wagner,traceywagner_797@example.com,Germany,2022-05-19,retail,True
798,Michael Perry PhD,michaelperryphd_798@example.com,United States,2022-04-09,retail,True
799,Bradley Johnson DDS,bradleyjohnsondds_799@example.com,Canada,2024-04-27,retail,True
800,Donald Medina,donaldmedina_800@example.com,Japan,2024-02-08,retail,True
801,Jim Newton,jimnewton_801@example.com,Brazil,2023-04-07,retail,True
802,Krista Wilson,kristawilson_802@example.com,United States,2023-08-27,retail,True
803,Reginald Morrow,reginaldmorrow_803@example.com,United Kingdom,2022-06-01,retail,True
804,Rodney Williams,rodneywilliams_804@example.com,Canada,2022-06-03,retail,True
805,Kimberly Fritz,kimberlyfritz_805@example.com,United Kingdom,2023-11-24,retail,True
806,Ronald Potter,ronaldpotter_806@example.com,India,2022-03-05,retail,True
807,Zachary Cole,zacharycole_807@example.com,Brazil,2024-06-08,retail,True
808,Robert Gonzales,robertgonzales_808@example.com,Germany,2023-01-25,retail,True
809,Patricia Young PhD,patriciayoungphd_809@example.com,Japan,2023-06-28,retail,True
810,Heather Page,heatherpage_810@example.com,United Kingdom,2022-04-12,retail,True
811,Carol Taylor,caroltaylor_811@example.com,India,2022-11-11,retail,True
812,Daniel Brown,danielbrown_812@example.com,United Kingdom,2023-08-27,business,True
813,Douglas Ryan,douglasryan_813@example.com,India,2023-02-13,retail,True
814,Michael Roberts,michaelroberts_814@example.com,France,2022-06-17,retail,True
815,Scott Duke,scottduke_815@example.com,Singapore,2024-08-22,retail,True
816,Anna Estes,annaestes_816@example.com,United Kingdom,2024-03-04,retail,True
817,Tamara Riddle,tamarariddle_817@example.com,Australia,2023-01-18,retail,True
818,Beth Cline,bethcline_818@example.com,India,2023-06-24,retail,True
819,Michael Poole,michaelpoole_819@example.com,United States,2022-11-06,retail,True
820,Megan Burns,meganburns_820@example.com,United Kingdom,2023-12-06,business,True
821,Debra Perry,debraperry_821@example.com,Brazil,2023-04-11,retail,True
822,Mark Beard,markbeard_822@example.com,Japan,2024-05-07,premium,True
823,Jose Ramirez,joseramirez_823@example.com,India,2023-04-28,retail,True
824,Jackie Clements,jackieclements_824@example.com,United States,2024-10-25,retail,True
825,Aaron Schroeder,aaronschroeder_825@example.com,Brazil,2022-10-29,retail,True
826,Monica Ellis,monicaellis_826@example.com,Canada,2022-12-09,premium,True
827,Heather Brown,heatherbrown_827@example.com,Canada,2022-03-29,retail,False
828,Claudia Jordan,claudiajordan_828@example.com,Singapore,2023-02-18,premium,True
829,Derrick Clayton,derrickclayton_829@example.com,Brazil,2023-06-13,retail,True
830,Kenneth Knight,kennethknight_830@example.com,United Kingdom,2022-06-28,retail,True
831,Mr. Michael Williams,mrmichaelwilliams_831@example.com,Australia,2023-07-20,retail,False
832,Richard Stevens,richardstevens_832@example.com,United States,2024-12-06,retail,True
833,Scott Alexander,scottalexander_833@example.com,Canada,2022-10-31,retail,True
834,Tyler Harris,tylerharris_834@example.com,United Kingdom,2022-08-05,retail,True
835,Bonnie Santos,bonniesantos_835@example.com,France,2023-12-06,business,True
836,Timothy Hill,timothyhill_836@example.com,India,2024-08-26,retail,True
837,Danielle Watson,daniellewatson_837@example.com,Canada,2024-04-02,retail,True
838,Carol Sanders,carolsanders_838@example.com,Australia,2023-05-02,retail,True
839,Michael Young,michaelyoung_839@example.com,France,2024-02-02,retail,True
840,Michele Smith,michelesmith_840@example.com,France,2023-09-29,retail,True
841,Casey Perez,caseyperez_841@example.com,United Kingdom,2023-04-12,retail,False
842,Alexandra Dominguez,alexandradominguez_842@example.com,India,2023-10-20,retail,True
843,Virginia Henderson,virginiahenderson_843@example.com,United Kingdom,2023-01-20,retail,False
844,Benjamin Reyes,benjaminreyes_844@example.com,Singapore,2024-09-19,retail,True
845,Ashley Edwards,ashleyedwards_845@example.com,United States,2024-11-21,retail,True
846,Breanna Ayala,breannaayala_846@example.com,Japan,2024-04-06,retail,True
847,Brandi Haney,brandihaney_847@example.com,Brazil,2022-03-01,retail,True
848,Joseph Smith,josephsmith_848@example.com,Germany,2022-04-29,retail,True
849,Jessica Bowen,jessicabowen_849@example.com,Australia,2023-02-12,retail,True
850,Brittany Jenkins,brittanyjenkins_850@example.com,Japan,2024-03-23,retail,True
851,Shannon Miller,shannonmiller_851@example.com,United States,2023-05-11,retail,True
852,Paul Lawrence,paullawrence_852@example.com,Canada,2024-08-29,retail,True
853,Victor Edwards,victoredwards_853@example.com,Canada,2023-06-14,retail,True
854,Donald Miller,donaldmiller_854@example.com,France,2022-02-26,retail,True
855,Lindsay Lawson,lindsaylawson_855@example.com,Brazil,2023-03-15,business,True
856,Melissa Abbott,melissaabbott_856@example.com,Germany,2023-07-06,retail,True
857,Elizabeth Holmes,elizabethholmes_857@example.com,United States,2024-08-28,business,True
858,Nicole Phillips,nicolephillips_858@example.com,Brazil,2022-01-18,retail,True
859,Steven Blevins,stevenblevins_859@example.com,France,2023-07-18,retail,True
860,Brian Porter MD,brianportermd_860@example.com,Australia,2024-07-29,retail,True
861,Vanessa Hatfield,vanessahatfield_861@example.com,Japan,2024-03-24,retail,True
862,Bonnie Valencia,bonnievalencia_862@example.com,Australia,2023-08-02,retail,True
863,Holly Vega,hollyvega_863@example.com,United Kingdom,2023-11-20,premium,True
864,Tiffany Townsend,tiffanytownsend_864@example.com,France,2023-06-19,retail,False
865,Austin Baker,austinbaker_865@example.com,France,2023-01-21,retail,True
866,Antonio Mccormick,antoniomccormick_866@example.com,United States,2024-04-07,retail,True
867,Lori Mason,lorimason_867@example.com,United States,2024-10-15,premium,True
868,Michael Miller,michaelmiller_868@example.com,Singapore,2024-04-08,retail,True
869,Lisa Ramirez,lisaramirez_869@example.com,Brazil,2023-01-24,retail,True
870,Jorge Harris,jorgeharris_870@example.com,Japan,2024-09-01,business,True
871,Kimberly Myers,kimberlymyers_871@example.com,Japan,2023-09-07,business,True
872,Sandra Becker,sandrabecker_872@example.com,Japan,2023-01-06,retail,True
873,Michael Blair,michaelblair_873@example.com,France,2023-01-10,business,True
874,Amy Miller,amymiller_874@example.com,United Kingdom,2023-04-01,retail,True
875,Jesse Lynch,jesselynch_875@example.com,France,2024-05-11,retail,True
876,Patrick Yang,patrickyang_876@example.com,France,2023-08-26,retail,True
877,Michael Miles,michaelmiles_877@example.com,United States,2022-05-26,retail,True
878,Troy Mills,troymills_878@example.com,United Kingdom,2024-02-21,retail,True
879,Michelle Jackson,michellejackson_879@example.com,Canada,2022-10-09,premium,True
880,Richard Adams,richardadams_880@example.com,Brazil,2024-07-26,retail,True
881,Patricia Johnson,patriciajohnson_881@example.com,Canada,2022-06-15,retail,True
882,Denise Brown,denisebrown_882@example.com,Canada,2023-10-04,retail,True
883,Laura Jones,laurajones_883@example.com,France,2023-03-05,retail,True
884,Ian Porter,ianporter_884@example.com,Canada,2024-09-29,retail,True
885,Holly Scott,hollyscott_885@example.com,Canada,2024-06-07,retail,True
886,Kenneth Sharp,kennethsharp_886@example.com,India,2024-02-25,retail,True
887,Jordan Williams,jordanwilliams_887@example.com,Australia,2022-01-29,business,True
888,Dana Ruiz,danaruiz_888@example.com,Japan,2023-01-26,retail,True
889,Chris Velazquez,chrisvelazquez_889@example.com,Germany,2023-04-09,retail,True
890,Kristen Sloan,kristensloan_890@example.com,Canada,2022-07-30,retail,True
891,Jennifer Morris,jennifermorris_891@example.com,Canada,2022-05-14,business,True
892,Nathan Nelson,nathannelson_892@example.com,France,2024-07-22,retail,True
893,Jake Shaw,jakeshaw_893@example.com,Australia,2024-06-07,business,False
894,Cassie Brock,cassiebrock_894@example.com,Australia,2024-09-30,retail,True
895,Dr. Andrea Marshall,drandreamarshall_895@example.com,Singapore,2022-02-09,retail,True
896,Ryan Murphy,ryanmurphy_896@example.com,Canada,2023-03-09,retail,True
897,Aimee Gonzalez,aimeegonzalez_897@example.com,Canada,2022-09-10,retail,True
898,Elizabeth Dean,elizabethdean_898@example.com,United States,2024-02-08,business,True
899,Kevin Snyder,kevinsnyder_899@example.com,Japan,2022-04-10,retail,True
900,Christie Mccullough,christiemccullough_900@example.com,United Kingdom,2022-02-10,retail,True
901,Danielle Smith,daniellesmith_901@example.com,India,2024-02-18,retail,True
902,David Reed,davidreed_902@example.com,Canada,2023-02-25,retail,True
903,Sherry Tapia,sherrytapia_903@example.com,France,2024-05-11,retail,True
904,Matthew Sweeney,matthewsweeney_904@example.com,France,2022-10-08,retail,True
905,Ashley Moreno,ashleymoreno_905@example.com,Japan,2022-08-30,retail,True
906,Johnathan Brown,johnathanbrown_906@example.com,India,2023-02-11,retail,True
907,Michelle Davis DVM,michelledavisdvm_907@example.com,Japan,2023-02-18,retail,True
908,Kelly Haynes,kellyhaynes_908@example.com,Canada,2022-03-22,retail,False
909,William Miller,williammiller_909@example.com,India,2023-11-09,retail,True
910,Casey Wilkins,caseywilkins_910@example.com,United Kingdom,2022-08-15,business,True
911,Keith Graham,keithgraham_911@example.com,Canada,2022-07-04,retail,True
912,Cynthia Green,cynthiagreen_912@example.com,United Kingdom,2023-06-09,retail,True
913,Robert Haynes,roberthaynes_913@example.com,France,2023-06-25,retail,True
914,Emily Nelson,emilynelson_914@example.com,Canada,2022-03-22,business,True
915,Dale Chan,dalechan_915@example.com,Australia,2024-05-22,retail,True
916,Brittney Martin,brittneymartin_916@example.com,United States,2022-01-20,business,True
917,Jason Herrera,jasonherrera_917@example.com,Canada,2023-11-05,retail,True
918,Christine Parker,christineparker_918@example.com,Brazil,2023-07-04,business,True
919,Bryan Moore,bryanmoore_919@example.com,Australia,2023-01-10,retail,True
920,Samantha Terry,samanthaterry_920@example.com,India,2023-07-11,business,True
921,Russell Murphy,russellmurphy_921@example.com,India,2024-05-13,retail,True
922,David Kelly,davidkelly_922@example.com,United Kingdom,2022-09-29,retail,True
923,Megan Green,megangreen_923@example.com,Canada,2022-08-01,retail,True
924,Amanda Sullivan MD,amandasullivanmd_924@example.com,Brazil,2024-06-16,retail,True
925,Danielle Murray,daniellemurray_925@example.com,Australia,2022-03-01,business,True
926,Brenda Smith,brendasmith_926@example.com,Canada,2024-09-16,business,True
927,Vickie Anderson,vickieanderson_927@example.com,Singapore,2024-06-21,retail,True
928,Jacqueline Mccoy,jacquelinemccoy_928@example.com,Australia,2022-01-26,retail,True
929,Lauren Green,laurengreen_929@example.com,Brazil,2023-04-04,premium,True
930,Alison Brown,alisonbrown_930@example.com,Australia,2024-11-29,retail,True
931,Jill Anderson,jillanderson_931@example.com,United Kingdom,2024-06-05,retail,True
932,Sandra Rivera,sandrarivera_932@example.com,Australia,2024-02-28,retail,True
933,Joel Jackson,joeljackson_933@example.com,Brazil,2022-04-22,retail,False
934,Samantha Foster,samanthafoster_934@example.com,Japan,2024-08-19,business,True
935,Michael Thompson,michaelthompson_935@example.com,United Kingdom,2024-10-03,retail,True
936,Cody Ramirez,codyramirez_936@example.com,France,2022-04-14,retail,True
937,Amanda Harvey,amandaharvey_937@example.com,Singapore,2024-04-05,business,True
938,Edward Jenkins,edwardjenkins_938@example.com,India,2024-07-06,retail,True
939,Amy Ramirez,amyramirez_939@example.com,Australia,2022-09-01,premium,True
940,Curtis Wilkerson,curtiswilkerson_940@example.com,United States,2022-07-30,retail,True
941,Lydia Pham,lydiapham_941@example.com,Japan,2022-01-01,business,True
942,Virginia Casey,virginiacasey_942@example.com,Brazil,2023-09-16,business,True
943,Joshua Washington,joshuawashington_943@example.com,India,2023-11-30,retail,True
944,Kathryn Price,kathrynprice_944@example.com,Germany,2024-07-19,retail,True
945,Francis Robinson,francisrobinson_945@example.com,Brazil,2024-08-26,retail,True
946,Paula Brown,paulabrown_946@example.com,India,2022-08-22,retail,True
947,Kendra Wang DVM,kendrawangdvm_947@example.com,United States,2023-12-01,retail,True
948,Ariel Sandoval,arielsandoval_948@example.com,France,2024-12-05,retail,True
949,Robert Stark,robertstark_949@example.com,Canada,2024-10-05,retail,True
950,Zachary Robinson,zacharyrobinson_950@example.com,Singapore,2022-08-08,retail,True
951,Rebecca Kelly,rebeccakelly_951@example.com,United Kingdom,2024-03-15,retail,True
952,Sarah Thompson,sarahthompson_952@example.com,Germany,2023-11-24,retail,True
953,Renee Wolfe,reneewolfe_953@example.com,Brazil,2022-09-10,retail,True
954,Alyssa Haynes,alyssahaynes_954@example.com,Brazil,2024-10-29,retail,True
955,Kristy Hart,kristyhart_955@example.com,Japan,2022-04-10,retail,True
956,William Keith,williamkeith_956@example.com,Brazil,2024-09-16,business,True
957,Eric Henry Jr.,erichenryjr_957@example.com,Canada,2022-12-22,retail,True
958,Daniel Fox,danielfox_958@example.com,Singapore,2023-10-22,retail,True
959,Thomas Harris,thomasharris_959@example.com,Brazil,2023-05-24,retail,False
960,Mitchell Sellers,mitchellsellers_960@example.com,France,2024-07-16,business,True
961,Erica Johnson,ericajohnson_961@example.com,Brazil,2024-11-15,retail,True
962,Sylvia Schroeder,sylviaschroeder_962@example.com,Australia,2023-03-22,retail,True
963,Shannon Yu,shannonyu_963@example.com,France,2023-12-09,business,True
964,Tom Foster,tomfoster_964@example.com,Canada,2024-10-28,retail,True
965,Eric Taylor,erictaylor_965@example.com,United Kingdom,2023-12-23,retail,True
966,Travis Conner,travisconner_966@example.com,Singapore,2024-12-29,retail,True
967,Marie Thompson,mariethompson_967@example.com,United States,2024-12-06,retail,True
968,Melissa Mcfarland,melissamcfarland_968@example.com,United States,2022-04-26,retail,True
969,Courtney Chapman,courtneychapman_969@example.com,Canada,2023-08-10,retail,True
970,Eric Barker,ericbarker_970@example.com,United States,2023-08-28,retail,True
971,Nicholas Rush,nicholasrush_971@example.com,Australia,2024-07-15,retail,True
972,Jenna Gamble,jennagamble_972@example.com,Japan,2023-04-05,retail,True
973,Amanda Guzman,amandaguzman_973@example.com,Germany,2024-11-12,retail,True
974,Tracy Walker,tracywalker_974@example.com,France,2022-04-07,business,True
975,Taylor Taylor,taylortaylor_975@example.com,Australia,2022-04-21,retail,True
976,Cynthia Haas,cynthiahaas_976@example.com,Brazil,2024-06-26,business,False
977,Stephen Davis,stephendavis_977@example.com,Australia,2023-02-07,retail,False
978,Margaret Tanner,margarettanner_978@example.com,France,2024-07-08,retail,True
979,Derek Wright,derekwright_979@example.com,Canada,2022-12-22,retail,True
980,David Rodriguez,davidrodriguez_980@example.com,United States,2024-05-27,retail,True
981,James Oconnor,jamesoconnor_981@example.com,Canada,2023-06-07,retail,True
982,Stacey Snyder,staceysnyder_982@example.com,Canada,2022-03-23,retail,True
983,Joshua Garcia,joshuagarcia_983@example.com,United States,2023-09-09,retail,True
984,Sean Curtis,seancurtis_984@example.com,Australia,2022-05-30,retail,True
985,Carla Jones,carlajones_985@example.com,Germany,2023-01-12,retail,True
986,Elizabeth Flores,elizabethflores_986@example.com,Canada,2024-05-01,retail,True
987,Angela Jackson,angelajackson_987@example.com,Australia,2023-03-30,business,True
988,Nicholas Payne,nicholaspayne_988@example.com,Australia,2024-01-09,retail,False
989,Anna Wheeler,annawheeler_989@example.com,Brazil,2024-12-22,retail,True
990,Karen Johnson,karenjohnson_990@example.com,United States,2022-08-23,retail,True
991,Carmen Preston,carmenpreston_991@example.com,Brazil,2023-05-15,premium,True
992,Brian Harris,brianharris_992@example.com,Australia,2024-02-21,business,False
993,Michael Bowen,michaelbowen_993@example.com,Singapore,2023-06-10,retail,True
994,Deborah Campbell,deborahcampbell_994@example.com,Japan,2024-02-07,retail,True
995,Anthony Armstrong,anthonyarmstrong_995@example.com,India,2022-03-31,retail,True
996,Brittany Ward,brittanyward_996@example.com,Australia,2024-11-18,retail,True
997,Edward Stanley,edwardstanley_997@example.com,Japan,2024-12-28,retail,True
998,Christina Johnson,christinajohnson_998@example.com,Germany,2024-05-18,business,True
999,Edgar Miller,edgarmiller_999@example.com,Singapore,2022-05-28,retail,True
1000,Elizabeth Sanders,elizabethsanders_1000@example.com,India,2023-11-11,retail,True
1001,Matthew Davis MD,matthewdavismd_1001@example.com,Canada,2023-05-31,retail,True
1002,Stephen Wood,stephenwood_1002@example.com,Germany,2023-06-14,retail,True
1003,Dennis Marshall,dennismarshall_1003@example.com,Singapore,2024-06-05,retail,True
1004,Derrick Brown,derrickbrown_1004@example.com,United Kingdom,2024-12-31,retail,True
1005,Mary Miller,marymiller_1005@example.com,United Kingdom,2022-04-04,retail,True
1006,Joshua Arellano,joshuaarellano_1006@example.com,Japan,2022-08-06,retail,True
1007,Kristen Randall,kristenrandall_1007@example.com,Brazil,2022-06-27,retail,False
1008,Jennifer Nichols,jennifernichols_1008@example.com,Singapore,2024-03-20,business,True
1009,Karen Keith,karenkeith_1009@example.com,Canada,2024-12-28,retail,True
1010,Blake Orr,blakeorr_1010@example.com,Japan,2023-08-28,premium,True
1011,Kathryn Lester,kathrynlester_1011@example.com,Australia,2022-01-23,retail,True
1012,Megan Oliver,meganoliver_1012@example.com,United Kingdom,2022-03-27,retail,True
1013,Peter Thompson,peterthompson_1013@example.com,Japan,2022-06-24,retail,True
1014,Dr. Rhonda Martinez,drrhondamartinez_1014@example.com,Australia,2023-03-10,retail,True
1015,William Graham,williamgraham_1015@example.com,Japan,2022-10-19,retail,True
1016,Lori Flowers MD,loriflowersmd_1016@example.com,France,2023-02-02,retail,True
1017,Suzanne Jones,suzannejones_1017@example.com,Brazil,2022-04-22,business,False
1018,James Nguyen,jamesnguyen_1018@example.com,Japan,2024-08-02,retail,True
1019,Jimmy Marks,jimmymarks_1019@example.com,United Kingdom,2023-05-29,retail,True
1020,Lisa Mills,lisamills_1020@example.com,India,2023-11-09,retail,True
1021,Jason Hernandez,jasonhernandez_1021@example.com,Germany,2022-07-24,retail,True
1022,Olivia Ayers,oliviaayers_1022@example.com,Germany,2023-10-13,retail,True
1023,Kristine Garcia,kristinegarcia_1023@example.com,France,2022-11-09,retail,True
1024,Joseph Cooper,josephcooper_1024@example.com,Australia,2024-05-27,retail,True
1025,James Washington,jameswashington_1025@example.com,Germany,2024-06-12,retail,True
1026,Amanda Hill,amandahill_1026@example.com,Australia,2024-09-09,retail,True
1027,Lee Steele,leesteele_1027@example.com,France,2024-09-24,retail,True
1028,Steve Rivera,steverivera_1028@example.com,Brazil,2022-06-17,business,True
1029,Patrick Mccall,patrickmccall_1029@example.com,Canada,2023-02-07,retail,True
1030,Alicia Roth,aliciaroth_1030@example.com,United Kingdom,2022-06-04,business,True
1031,Douglas Vasquez,douglasvasquez_1031@example.com,United States,2024-04-09,retail,True
1032,Annette Melton,annettemelton_1032@example.com,United States,2023-06-18,retail,False
1033,William Ramos,williamramos_1033@example.com,India,2022-11-01,retail,True
1034,Debra Butler,debrabutler_1034@example.com,Brazil,2023-08-19,retail,True
1035,Chelsea Lewis,chelsealewis_1035@example.com,United Kingdom,2024-03-23,retail,True
1036,Natalie Malone,nataliemalone_1036@example.com,Germany,2022-12-06,retail,True
1037,Samantha Robertson,samantharobertson_1037@example.com,Canada,2023-01-02,retail,True
1038,Eric Hunter,erichunter_1038@example.com,Canada,2024-09-17,business,True
1039,Samuel Suarez,samuelsuarez_1039@example.com,India,2023-04-20,retail,True
1040,Corey Whitaker,coreywhitaker_1040@example.com,United States,2023-02-28,retail,True
1041,Danielle Bryant,daniellebryant_1041@example.com,Singapore,2024-08-19,business,True
1042,Michele Hill,michelehill_1042@example.com,United States,2023-10-26,retail,False
1043,Kathy Reid,kathyreid_1043@example.com,France,2023-06-24,retail,True
1044,Andre Watson,andrewatson_1044@example.com,Singapore,2024-02-15,retail,True
1045,Cassandra Harrell,cassandraharrell_1045@example.com,United Kingdom,2024-11-24,retail,False
1046,Hannah Martin,hannahmartin_1046@example.com,Germany,2024-11-23,retail,True
1047,Nicole Barker,nicolebarker_1047@example.com,Australia,2024-09-24,retail,True
1048,James Martin,jamesmartin_1048@example.com,United States,2024-10-24,business,True
1049,Traci Vincent,tracivincent_1049@example.com,Germany,2022-06-07,retail,True
1050,Megan Adams,meganadams_1050@example.com,Canada,2023-01-18,retail,True
1051,Alejandro Deleon,alejandrodeleon_1051@example.com,United Kingdom,2023-04-17,retail,True
1052,Alexa Buck,alexabuck_1052@example.com,United Kingdom,2024-09-13,retail,True
1053,Lindsay Smith,lindsaysmith_1053@example.com,Brazil,2022-11-27,retail,True
1054,Robert Torres,roberttorres_1054@example.com,Germany,2022-03-30,retail,True
1055,Maria Coleman,mariacoleman_1055@example.com,Canada,2024-11-15,retail,True
1056,Gregory King,gregoryking_1056@example.com,United States,2022-12-07,retail,True
1057,Michael Holloway,michaelholloway_1057@example.com,Singapore,2022-02-08,business,True
1058,Brian Hunt,brianhunt_1058@example.com,France,2022-06-25,retail,True
1059,Sarah Brooks,sarahbrooks_1059@example.com,India,2024-09-13,retail,True
1060,Lisa Evans,lisaevans_1060@example.com,Brazil,2022-10-20,retail,True
1061,Arthur Mcneil,arthurmcneil_1061@example.com,Canada,2024-11-12,retail,True
1062,Shannon Green,shannongreen_1062@example.com,Australia,2024-07-17,retail,True
1063,Stephanie Evans,stephanieevans_1063@example.com,Singapore,2024-02-29,retail,True
1064,Ralph Yoder,ralphyoder_1064@example.com,Japan,2024-10-29,retail,True
1065,Rebekah Greene,rebekahgreene_1065@example.com,Brazil,2022-07-17,retail,False
1066,Melanie Griffith,melaniegriffith_1066@example.com,Brazil,2022-03-21,business,True
1067,Yolanda Green,yolandagreen_1067@example.com,United Kingdom,2022-07-10,retail,True
1068,James Johnson,jamesjohnson_1068@example.com,Brazil,2022-01-03,business,True
1069,Laura Lee,lauralee_1069@example.com,Singapore,2024-12-05,retail,True
1070,Courtney Nichols,courtneynichols_1070@example.com,Japan,2024-05-28,retail,True
1071,Susan Powers,susanpowers_1071@example.com,Singapore,2023-12-19,retail,True
1072,Sarah Pittman,sarahpittman_1072@example.com,Brazil,2022-07-20,retail,True
1073,Catherine Davis,catherinedavis_1073@example.com,Germany,2022-06-21,retail,True
1074,David Stokes,davidstokes_1074@example.com,Singapore,2023-06-12,retail,True
1075,Catherine Frazier,catherinefrazier_1075@example.com,United States,2024-12-06,retail,True
1076,Brandon Kelly,brandonkelly_1076@example.com,Germany,2023-10-09,retail,True
1077,Elizabeth French,elizabethfrench_1077@example.com,Singapore,2023-06-04,retail,True
1078,David Carter,davidcarter_1078@example.com,Brazil,2024-01-19,retail,False
1079,Julie Delacruz,juliedelacruz_1079@example.com,Singapore,2023-02-22,retail,True
1080,Terry Jones,terryjones_1080@example.com,India,2023-01-02,retail,True
1081,Kathryn Dillon,kathryndillon_1081@example.com,France,2023-09-21,retail,True
1082,Edwin Brown,edwinbrown_1082@example.com,Singapore,2022-10-10,business,True
1083,Brenda Gonzalez,brendagonzalez_1083@example.com,Germany,2024-07-03,retail,False
1084,Keith Knox,keithknox_1084@example.com,United Kingdom,2023-03-16,retail,True
1085,Eugene Baldwin,eugenebaldwin_1085@example.com,Japan,2022-04-17,retail,False
1086,Katherine Welch,katherinewelch_1086@example.com,United States,2022-07-06,business,True
1087,Mark Smith,marksmith_1087@example.com,Brazil,2024-06-10,retail,True
1088,Philip Jackson,philipjackson_1088@example.com,Australia,2022-06-13,retail,True
1089,Katherine Gallagher,katherinegallagher_1089@example.com,Singapore,2024-12-03,retail,False
1090,Lucas Schultz,lucasschultz_1090@example.com,United States,2022-12-25,retail,True
1091,Vincent Reyes,vincentreyes_1091@example.com,Germany,2024-11-27,retail,True
1092,Curtis Watson,curtiswatson_1092@example.com,Brazil,2024-11-11,retail,True
1093,Frank Whitaker,frankwhitaker_1093@example.com,Canada,2022-03-15,retail,True
1094,Michael Sims,michaelsims_1094@example.com,Canada,2022-06-27,premium,True
1095,Michael Cooper,michaelcooper_1095@example.com,Australia,2024-03-20,retail,True
1096,James Chapman,jameschapman_1096@example.com,United States,2022-05-21,business,True
1097,Rodney Evans,rodneyevans_1097@example.com,Japan,2023-12-14,retail,True
1098,Nicholas Carlson,nicholascarlson_1098@example.com,Germany,2023-02-03,retail,True
1099,Stephen Cowan,stephencowan_1099@example.com,United States,2023-06-19,retail,True
1100,Steven Howard,stevenhoward_1100@example.com,Japan,2022-05-29,retail,True
1101,Travis Hull,travishull_1101@example.com,United Kingdom,2024-11-17,premium,True
1102,Darryl Acosta,darrylacosta_1102@example.com,Brazil,2023-05-28,retail,False
1103,Nicholas Lawrence,nicholaslawrence_1103@example.com,Brazil,2024-09-17,retail,True
1104,Jacob Santos,jacobsantos_1104@example.com,India,2024-08-01,business,True
1105,Shawn Scott,shawnscott_1105@example.com,India,2022-08-27,retail,True
1106,Amber Vang,ambervang_1106@example.com,Germany,2023-04-16,business,True
1107,Martha Smith,marthasmith_1107@example.com,Australia,2024-11-23,retail,True
1108,Jennifer James,jenniferjames_1108@example.com,France,2023-05-24,retail,True
1109,Kara Hernandez,karahernandez_1109@example.com,Australia,2022-06-05,retail,True
1110,Lorraine Turner,lorraineturner_1110@example.com,Australia,2023-12-26,retail,True
1111,Mary Nelson,marynelson_1111@example.com,Canada,2023-01-25,retail,True
1112,Breanna Rivas,breannarivas_1112@example.com,Germany,2023-06-28,retail,True
1113,Nathan Wilson,nathanwilson_1113@example.com,Germany,2023-12-31,retail,True
1114,Brian Gonzalez,briangonzalez_1114@example.com,United Kingdom,2024-10-05,retail,True
1115,Dennis Mills,dennismills_1115@example.com,Japan,2022-03-28,business,True
1116,Michael Phillips,michaelphillips_1116@example.com,Australia,2024-10-05,business,True
1117,Jon Clark,jonclark_1117@example.com,Brazil,2023-07-17,retail,False
1118,Erin Smith,erinsmith_1118@example.com,Japan,2023-07-28,retail,True
1119,Susan Conley,susanconley_1119@example.com,Canada,2022-04-21,retail,True
1120,Brittany Davis,brittanydavis_1120@example.com,Japan,2022-03-08,retail,True
1121,Misty Garcia,mistygarcia_1121@example.com,Canada,2024-07-25,premium,True
1122,David Hinton,davidhinton_1122@example.com,India,2023-10-09,retail,True
1123,John Garcia,johngarcia_1123@example.com,Germany,2024-02-17,retail,True
1124,Andrew Roberts,andrewroberts_1124@example.com,Brazil,2023-06-16,retail,True
1125,Emily Rodgers,emilyrodgers_1125@example.com,France,2024-08-23,premium,True
1126,Peter Williams,peterwilliams_1126@example.com,Canada,2024-10-18,retail,True
1127,Mary Jackson,maryjackson_1127@example.com,Australia,2024-01-18,business,True
1128,Jeffrey Howell,jeffreyhowell_1128@example.com,Canada,2022-09-26,premium,True
1129,Anna Briggs,annabriggs_1129@example.com,United Kingdom,2023-07-07,business,True
1130,James Rivers,jamesrivers_1130@example.com,Singapore,2023-02-06,retail,False
1131,James Jefferson,jamesjefferson_1131@example.com,Canada,2024-08-26,business,True
1132,Mariah Robles,mariahrobles_1132@example.com,India,2022-10-03,premium,True
1133,Michael Brown,michaelbrown_1133@example.com,Japan,2024-12-29,retail,True
1134,Caitlin Perry,caitlinperry_1134@example.com,France,2023-05-29,retail,True
1135,Rebekah Gregory,rebekahgregory_1135@example.com,Singapore,2022-07-22,retail,True
1136,James Howard,jameshoward_1136@example.com,France,2024-09-02,business,True
1137,Michael Roberson,michaelroberson_1137@example.com,Australia,2023-06-17,retail,True
1138,Bianca Knapp,biancaknapp_1138@example.com,France,2023-12-06,retail,True
1139,Jason Williams,jasonwilliams_1139@example.com,Brazil,2023-02-12,retail,True
1140,Ernest Bush,ernestbush_1140@example.com,Japan,2022-12-24,premium,True
1141,Patricia Ray,patriciaray_1141@example.com,Australia,2024-11-11,retail,True
1142,Vanessa Santiago,vanessasantiago_1142@example.com,United Kingdom,2024-02-20,retail,True
1143,Joseph Haynes,josephhaynes_1143@example.com,Canada,2022-12-10,retail,False
1144,Matthew Wright,matthewwright_1144@example.com,Singapore,2024-04-08,business,True
1145,Michael Cruz,michaelcruz_1145@example.com,Canada,2023-12-05,retail,True
1146,Kristin Huerta,kristinhuerta_1146@example.com,France,2023-07-02,retail,True
1147,Mason Moore,masonmoore_1147@example.com,India,2024-01-14,retail,True
1148,Sarah Booth,sarahbooth_1148@example.com,India,2024-04-27,retail,True
1149,John Allen,johnallen_1149@example.com,Canada,2023-04-26,retail,False
1150,Amber Walker,amberwalker_1150@example.com,United Kingdom,2023-03-08,retail,True
1151,Jennifer Young,jenniferyoung_1151@example.com,United Kingdom,2024-08-27,retail,True
1152,Robert West,robertwest_1152@example.com,Singapore,2024-12-09,retail,True
1153,Jillian Wilson,jillianwilson_1153@example.com,France,2022-11-15,retail,False
1154,Matthew Garcia MD,matthewgarciamd_1154@example.com,Singapore,2023-09-26,retail,True
1155,April Davis,aprildavis_1155@example.com,India,2022-09-16,retail,True
1156,Lisa Torres,lisatorres_1156@example.com,United States,2022-03-13,retail,True
1157,Christine Powers,christinepowers_1157@example.com,Australia,2024-09-02,retail,True
1158,Heidi Brown,heidibrown_1158@example.com,France,2024-06-30,retail,False
1159,Jesse Castro,jessecastro_1159@example.com,Japan,2022-12-29,retail,True
1160,Kara Sandoval,karasandoval_1160@example.com,Brazil,2024-06-09,retail,True
1161,Ashley Malone,ashleymalone_1161@example.com,France,2023-12-13,retail,True
1162,Glenn Gallegos,glenngallegos_1162@example.com,United Kingdom,2024-06-23,retail,True
1163,Dorothy Boyd,dorothyboyd_1163@example.com,Canada,2023-09-14,retail,True
1164,Amber Martin,ambermartin_1164@example.com,Canada,2023-12-06,retail,True
1165,Mitchell Griffith,mitchellgriffith_1165@example.com,India,2024-09-04,retail,True
1166,Levi Lopez,levilopez_1166@example.com,France,2023-04-19,retail,True
1167,Jenna Bryant,jennabryant_1167@example.com,Germany,2024-04-23,business,True
1168,Michelle Rodriguez,michellerodriguez_1168@example.com,Germany,2022-12-01,retail,True
1169,Timothy Monroe,timothymonroe_1169@example.com,Singapore,2023-03-28,retail,True
1170,Patricia Hayes,patriciahayes_1170@example.com,Germany,2024-11-24,retail,False
1171,Tina Taylor,tinataylor_1171@example.com,France,2023-08-07,retail,True
1172,Mr. Anthony Mcconnell PhD,mranthonymcconnellphd_1172@example.com,France,2024-04-25,retail,True
1173,Mr. Thomas Thompson,mrthomasthompson_1173@example.com,Canada,2023-08-17,retail,True
1174,Monica Anderson,monicaanderson_1174@example.com,India,2023-07-12,retail,True
1175,Kyle Andrade,kyleandrade_1175@example.com,Australia,2022-02-09,retail,False
1176,Janice Petty,janicepetty_1176@example.com,United States,2023-01-16,premium,True
1177,Pamela Hill,pamelahill_1177@example.com,Canada,2024-06-16,retail,True
1178,Tracy Chavez,tracychavez_1178@example.com,Canada,2022-01-31,retail,True
1179,Jason Graves,jasongraves_1179@example.com,France,2024-10-17,premium,True
1180,Elizabeth Miles,elizabethmiles_1180@example.com,United States,2023-11-08,retail,True
1181,Michelle Walls,michellewalls_1181@example.com,Canada,2022-04-25,retail,True
1182,Christina Weber,christinaweber_1182@example.com,Japan,2024-08-20,retail,True
1183,Gregory Chambers,gregorychambers_1183@example.com,France,2024-02-21,business,True
1184,Miss Tina Gordon,misstinagordon_1184@example.com,Germany,2024-02-28,retail,True
1185,Erica Wilson,ericawilson_1185@example.com,United States,2023-02-12,retail,True
1186,John Duncan,johnduncan_1186@example.com,Japan,2023-03-03,retail,True
1187,Jennifer Adkins,jenniferadkins_1187@example.com,France,2023-10-24,retail,True
1188,Donna Boone,donnaboone_1188@example.com,Japan,2024-12-02,retail,True
1189,Kelly Johnson,kellyjohnson_1189@example.com,France,2023-02-11,retail,True
1190,Michael Gonzalez,michaelgonzalez_1190@example.com,Germany,2022-08-20,retail,True
1191,Candace Mitchell,candacemitchell_1191@example.com,United States,2022-12-09,retail,True
1192,Ryan Vaughn,ryanvaughn_1192@example.com,Singapore,2023-05-13,retail,True
1193,Paul Johnson,pauljohnson_1193@example.com,India,2022-11-14,retail,True
1194,Ashley Parrish,ashleyparrish_1194@example.com,Canada,2024-10-20,retail,True
1195,Sharon Newton,sharonnewton_1195@example.com,United States,2022-05-03,retail,True
1196,Cynthia Mueller,cynthiamueller_1196@example.com,Japan,2022-08-08,retail,True
1197,Donna Beck,donnabeck_1197@example.com,Japan,2023-12-13,business,True
1198,Jasmine Frye,jasminefrye_1198@example.com,Germany,2022-02-13,retail,True
1199,Emily Arnold,emilyarnold_1199@example.com,Canada,2023-05-29,business,True
1200,David Oliver,davidoliver_1200@example.com,India,2023-08-27,retail,True
1201,Sheila Greer,sheilagreer_1201@example.com,Brazil,2023-01-18,retail,True
1202,Michele Holland,micheleholland_1202@example.com,India,2023-07-18,business,True
1203,Kimberly Morrison,kimberlymorrison_1203@example.com,Japan,2022-11-25,retail,True
1204,Tracey Phillips,traceyphillips_1204@example.com,France,2023-06-24,retail,True
1205,Michael Lopez,michaellopez_1205@example.com,Japan,2024-02-16,retail,True
1206,Jose Bennett,josebennett_1206@example.com,Brazil,2024-01-16,retail,True
1207,Justin Anderson,justinanderson_1207@example.com,United Kingdom,2024-03-04,retail,True
1208,Dawn Rivera,dawnrivera_1208@example.com,Japan,2022-11-12,retail,True
1209,Brittney Hernandez,brittneyhernandez_1209@example.com,Australia,2022-08-15,retail,True
1210,Anthony Randolph,anthonyrandolph_1210@example.com,United States,2022-09-23,retail,True
1211,Mary Henry,maryhenry_1211@example.com,United Kingdom,2024-09-21,retail,True
1212,Heather Bowers,heatherbowers_1212@example.com,Singapore,2024-09-30,retail,True
1213,Daniel White,danielwhite_1213@example.com,France,2022-04-11,retail,True
1214,Jonathan Perry,jonathanperry_1214@example.com,United Kingdom,2022-01-27,business,True
1215,Anna Walker,annawalker_1215@example.com,India,2022-06-13,retail,True
1216,Gary Ward,garyward_1216@example.com,Australia,2024-05-01,business,True
1217,Paul Moreno,paulmoreno_1217@example.com,United States,2023-06-29,retail,True
1218,Samantha Zavala MD,samanthazavalamd_1218@example.com,France,2022-06-09,business,False
1219,Jill Conway,jillconway_1219@example.com,United Kingdom,2022-07-27,retail,True
1220,Lisa Haley,lisahaley_1220@example.com,Germany,2023-01-31,retail,True
1221,Erica Moon,ericamoon_1221@example.com,Canada,2024-04-30,retail,True
1222,Janice Fernandez,janicefernandez_1222@example.com,Brazil,2024-01-04,retail,True
1223,Thomas Short,thomasshort_1223@example.com,Singapore,2022-08-02,retail,True
1224,Robert Griffin,robertgriffin_1224@example.com,Singapore,2024-10-30,retail,True
1225,Steven Lee,stevenlee_1225@example.com,Brazil,2024-06-26,business,False
1226,Tiffany Jackson,tiffanyjackson_1226@example.com,Japan,2023-10-27,business,True
1227,Kimberly Smith,kimberlysmith_1227@example.com,Singapore,2023-10-25,retail,True
1228,Michael Ayala,michaelayala_1228@example.com,Germany,2024-02-08,retail,False
1229,Jessica Garcia,jessicagarcia_1229@example.com,France,2024-01-08,premium,True
1230,Michele Cherry,michelecherry_1230@example.com,Singapore,2022-01-01,retail,False
1231,Maria Case,mariacase_1231@example.com,Brazil,2022-02-03,retail,False
1232,Brittany Stevens,brittanystevens_1232@example.com,France,2022-01-14,retail,True
1233,Brandon Brown,brandonbrown_1233@example.com,Australia,2022-02-14,retail,False
1234,Kristin Andrews,kristinandrews_1234@example.com,France,2024-11-13,retail,False
1235,David Hughes,davidhughes_1235@example.com,Canada,2022-07-13,retail,True
1236,Jessica Smith,jessicasmith_1236@example.com,Canada,2023-06-27,retail,True
1237,Kimberly May,kimberlymay_1237@example.com,Germany,2023-06-09,business,True
1238,Nicole Richards,nicolerichards_1238@example.com,Singapore,2023-03-22,retail,True
1239,Angel Reilly,angelreilly_1239@example.com,India,2022-12-21,retail,True
1240,Richard Turner,richardturner_1240@example.com,Brazil,2022-07-15,retail,True
1241,Preston Kim,prestonkim_1241@example.com,Brazil,2024-02-21,retail,True
1242,Matthew Wells,matthewwells_1242@example.com,Australia,2023-12-14,business,True
1243,Brandy Myers,brandymyers_1243@example.com,United Kingdom,2023-04-10,retail,True
1244,Kimberly Choi,kimberlychoi_1244@example.com,United States,2024-02-23,retail,True
1245,Michael Sloan,michaelsloan_1245@example.com,Australia,2022-11-03,retail,True
1246,Monica Brooks,monicabrooks_1246@example.com,Canada,2022-04-14,retail,False
1247,Kristen Peters,kristenpeters_1247@example.com,India,2024-10-30,retail,True
1248,Aaron Carlson,aaroncarlson_1248@example.com,Singapore,2022-10-31,retail,True
1249,Theresa Torres,theresatorres_1249@example.com,Brazil,2022-04-11,retail,True
1250,Stephanie Cooper,stephaniecooper_1250@example.com,Singapore,2024-10-24,retail,True
1251,Matthew Hunt,matthewhunt_1251@example.com,Canada,2024-09-11,retail,True
1252,Daniel Davenport,danieldavenport_1252@example.com,Brazil,2023-02-06,retail,False
1253,Christopher Marsh,christophermarsh_1253@example.com,Japan,2023-05-20,retail,True
1254,Sarah Randolph,sarahrandolph_1254@example.com,Singapore,2023-10-25,retail,True
1255,Julia Dunn MD,juliadunnmd_1255@example.com,United Kingdom,2024-04-27,retail,True
1256,Brett Swanson,brettswanson_1256@example.com,Australia,2023-12-07,retail,True
1257,Mr. Carl Rios,mrcarlrios_1257@example.com,France,2022-12-13,premium,True
1258,Manuel Mccullough,manuelmccullough_1258@example.com,India,2022-10-26,retail,False
1259,Jerry Jensen,jerryjensen_1259@example.com,Germany,2023-02-13,retail,True
1260,Kevin Cunningham,kevincunningham_1260@example.com,United Kingdom,2022-08-19,retail,True
1261,Eugene Patterson,eugenepatterson_1261@example.com,Brazil,2022-10-30,business,True
1262,David Walker,davidwalker_1262@example.com,United States,2023-12-05,retail,True
1263,Jessica Larsen,jessicalarsen_1263@example.com,India,2024-08-22,retail,True
1264,Nicholas Humphrey,nicholashumphrey_1264@example.com,Japan,2023-03-10,retail,True
1265,Ian Torres,iantorres_1265@example.com,France,2024-09-16,retail,False
1266,Casey Obrien,caseyobrien_1266@example.com,United States,2024-02-11,retail,True
1267,Shannon Taylor,shannontaylor_1267@example.com,United States,2023-06-08,retail,True
1268,Deborah Mercado,deborahmercado_1268@example.com,Brazil,2023-07-10,retail,True
1269,Bernard Smith,bernardsmith_1269@example.com,United States,2022-05-17,retail,True
1270,Amanda Perkins,amandaperkins_1270@example.com,Australia,2022-08-09,retail,True
1271,Kevin Escobar,kevinescobar_1271@example.com,Singapore,2023-04-19,premium,True
1272,Kimberly Lutz,kimberlylutz_1272@example.com,United Kingdom,2023-10-09,retail,True
1273,Reginald Diaz,reginalddiaz_1273@example.com,United Kingdom,2023-01-17,retail,False
1274,Raymond Quinn,raymondquinn_1274@example.com,Japan,2022-02-14,retail,False
1275,John Dixon,johndixon_1275@example.com,France,2023-11-15,retail,True
1276,Jonathan Bates,jonathanbates_1276@example.com,United States,2023-12-12,retail,True
1277,Renee Mendez,reneemendez_1277@example.com,France,2023-04-29,premium,False
1278,Jose Griffin,josegriffin_1278@example.com,France,2022-05-07,retail,True
1279,Travis Hopkins,travishopkins_1279@example.com,United States,2023-07-28,retail,True
1280,Nancy Webb,nancywebb_1280@example.com,Singapore,2022-10-09,retail,True
1281,Daniel Freeman,danielfreeman_1281@example.com,Brazil,2023-04-11,retail,True
1282,Jacob Williams,jacobwilliams_1282@example.com,Singapore,2023-10-02,business,True
1283,Terry Ward,terryward_1283@example.com,Japan,2022-09-27,retail,True
1284,Jesse Williams,jessewilliams_1284@example.com,Japan,2023-02-19,business,True
1285,Mrs. Michele Boyd,mrsmicheleboyd_1285@example.com,Japan,2022-10-04,retail,False
1286,Sandy Baker,sandybaker_1286@example.com,Canada,2022-11-20,retail,True
1287,Carrie Valdez,carrievaldez_1287@example.com,United Kingdom,2023-01-13,retail,True
1288,Matthew Houston,matthewhouston_1288@example.com,United States,2023-10-15,business,True
1289,Jamie Solomon,jamiesolomon_1289@example.com,Singapore,2023-09-14,retail,False
1290,Heather Parrish,heatherparrish_1290@example.com,France,2022-11-08,retail,True
1291,Mr. Larry Shaw,mrlarryshaw_1291@example.com,Canada,2022-02-23,retail,True
1292,Christopher Jones,christopherjones_1292@example.com,France,2023-04-18,retail,True
1293,Christine Lopez,christinelopez_1293@example.com,United States,2024-01-06,retail,True
1294,Mitchell Wilson,mitchellwilson_1294@example.com,Canada,2024-10-25,business,True
1295,Robert Cortez,robertcortez_1295@example.com,Australia,2023-01-12,business,True
1296,Mr. Daniel Martin,mrdanielmartin_1296@example.com,Canada,2022-12-02,retail,True
1297,Alison Williams,alisonwilliams_1297@example.com,United States,2023-07-07,premium,True
1298,Candace Soto,candacesoto_1298@example.com,Germany,2023-02-23,retail,False
1299,Kenneth Brown,kennethbrown_1299@example.com,India,2024-09-30,retail,True
1300,Christopher Mullen,christophermullen_1300@example.com,Germany,2024-05-25,retail,True
1301,Kristy Smith,kristysmith_1301@example.com,Singapore,2023-10-03,retail,False
1302,Mary Campbell,marycampbell_1302@example.com,Brazil,2024-12-11,retail,True
1303,Jerry Haney,jerryhaney_1303@example.com,United States,2024-12-02,retail,True
1304,Carolyn Greer,carolyngreer_1304@example.com,United States,2023-05-19,retail,True
1305,Rebecca Hoover,rebeccahoover_1305@example.com,United States,2024-03-04,retail,True
1306,Matthew Baker,matthewbaker_1306@example.com,United States,2023-01-24,retail,True
1307,Grace Chavez,gracechavez_1307@example.com,France,2023-08-09,retail,True
1308,Crystal Cruz,crystalcruz_1308@example.com,Brazil,2022-04-22,retail,False
1309,Dale Heath,daleheath_1309@example.com,India,2024-07-14,retail,True
1310,Jennifer Hernandez,jenniferhernandez_1310@example.com,Canada,2022-10-05,retail,True
1311,John Mendez,johnmendez_1311@example.com,United States,2023-01-02,retail,True
1312,Richard Gordon,richardgordon_1312@example.com,Germany,2024-07-20,retail,True
1313,John Anderson,johnanderson_1313@example.com,Canada,2022-09-11,retail,True
1314,Samantha Prince,samanthaprince_1314@example.com,Australia,2022-06-24,retail,True
1315,Marie Boyd,marieboyd_1315@example.com,Japan,2022-11-24,retail,True
1316,Andrew Moreno,andrewmoreno_1316@example.com,Canada,2023-11-18,retail,True
1317,Robert Clarke,robertclarke_1317@example.com,Canada,2022-11-29,business,True
1318,Kevin Figueroa,kevinfigueroa_1318@example.com,United States,2024-05-09,retail,True
1319,Melissa Davis,melissadavis_1319@example.com,India,2023-08-15,retail,True
1320,John Hall,johnhall_1320@example.com,Canada,2023-02-20,retail,True
1321,Diane Mcdowell,dianemcdowell_1321@example.com,United States,2024-07-28,retail,True
1322,Colin Fletcher,colinfletcher_1322@example.com,United States,2024-10-07,retail,True
1323,Laura Wilson,laurawilson_1323@example.com,India,2024-07-18,retail,True
1324,Matthew Watts,matthewwatts_1324@example.com,Brazil,2022-01-14,retail,True
1325,Jack Moore,jackmoore_1325@example.com,Brazil,2023-03-02,retail,True
1326,Dawn Wyatt,dawnwyatt_1326@example.com,Australia,2022-03-17,retail,True
1327,Jacob Hill,jacobhill_1327@example.com,Brazil,2023-09-04,retail,True
1328,Nicole Gutierrez,nicolegutierrez_1328@example.com,United Kingdom,2024-05-03,premium,True
1329,Karen Wood,karenwood_1329@example.com,France,2022-12-30,premium,True
1330,Dawn Parker,dawnparker_1330@example.com,Australia,2022-03-15,retail,True
1331,Michael Fitzgerald,michaelfitzgerald_1331@example.com,Australia,2024-02-16,business,True
1332,Mary Adkins,maryadkins_1332@example.com,Japan,2022-05-13,retail,True
1333,Michael Martin,michaelmartin_1333@example.com,France,2023-11-06,retail,True
1334,James Morgan,jamesmorgan_1334@example.com,Germany,2022-04-30,retail,True
1335,Melissa Mann,melissamann_1335@example.com,Japan,2022-06-29,retail,True
1336,Vincent Smith,vincentsmith_1336@example.com,France,2024-05-24,retail,True
1337,Charles Frost,charlesfrost_1337@example.com,Japan,2023-12-26,business,True
1338,Austin Walker,austinwalker_1338@example.com,India,2024-11-30,retail,True
1339,Andrew Cruz,andrewcruz_1339@example.com,Canada,2023-04-22,retail,False
1340,Miss Kelly Dawson,misskellydawson_1340@example.com,United States,2022-08-31,retail,True
1341,Theresa Wilkins,theresawilkins_1341@example.com,United Kingdom,2023-03-01,retail,False
1342,Jessica Harris,jessicaharris_1342@example.com,Singapore,2022-04-04,retail,True
1343,Regina Mitchell,reginamitchell_1343@example.com,Germany,2022-01-24,retail,True
1344,Kyle Black,kyleblack_1344@example.com,France,2022-05-19,retail,True
1345,Christopher Johnson,christopherjohnson_1345@example.com,Australia,2022-01-13,retail,True
1346,Aaron Moore,aaronmoore_1346@example.com,Singapore,2022-03-01,business,True
1347,Penny Gomez MD,pennygomezmd_1347@example.com,Australia,2024-09-08,business,True
1348,Kelly Mclaughlin,kellymclaughlin_1348@example.com,Canada,2024-09-13,retail,True
1349,Brandon Mitchell,brandonmitchell_1349@example.com,Japan,2023-11-18,retail,True
1350,Suzanne Bailey,suzannebailey_1350@example.com,United States,2024-12-03,retail,True
1351,Destiny Obrien,destinyobrien_1351@example.com,Australia,2022-02-08,retail,True
1352,Timothy Andrews,timothyandrews_1352@example.com,Australia,2022-05-16,premium,True
1353,Jason Rodriguez,jasonrodriguez_1353@example.com,United States,2023-11-26,premium,True
1354,Edward Arroyo,edwardarroyo_1354@example.com,Canada,2024-03-08,retail,True
1355,Tina Walter,tinawalter_1355@example.com,France,2023-10-07,retail,True
1356,Laura Benson,laurabenson_1356@example.com,United Kingdom,2024-10-14,business,True
1357,Kristine Carrillo,kristinecarrillo_1357@example.com,France,2023-03-19,retail,True
1358,Tonya Ellis,tonyaellis_1358@example.com,Australia,2022-03-18,retail,False
1359,Kevin Johnson,kevinjohnson_1359@example.com,India,2024-11-02,retail,True
1360,Austin Schultz,austinschultz_1360@example.com,Japan,2022-11-12,retail,False
1361,Megan Hall MD,meganhallmd_1361@example.com,Japan,2023-09-28,retail,True
1362,Kelli Smith,kellismith_1362@example.com,United Kingdom,2024-11-23,retail,True
1363,Danielle Davis,danielledavis_1363@example.com,United States,2024-07-29,retail,True
1364,Samantha Jones,samanthajones_1364@example.com,United Kingdom,2022-01-09,retail,True
1365,Karen Gomez,karengomez_1365@example.com,Brazil,2022-06-28,retail,True
1366,Debra Valentine,debravalentine_1366@example.com,United Kingdom,2024-12-02,retail,True
1367,Susan Porter,susanporter_1367@example.com,United States,2023-10-02,retail,True
1368,Nicolas Salas,nicolassalas_1368@example.com,Germany,2023-01-30,retail,True
1369,Dale Wright,dalewright_1369@example.com,India,2022-08-29,retail,True
1370,Brittney Rodriguez,brittneyrodriguez_1370@example.com,United Kingdom,2022-02-01,premium,True
1371,Megan Alvarado,meganalvarado_1371@example.com,United Kingdom,2023-02-28,retail,True
1372,Pamela Weaver,pamelaweaver_1372@example.com,France,2022-10-17,business,True
1373,John Oliver,johnoliver_1373@example.com,Brazil,2023-05-17,retail,True
1374,William Prince PhD,williamprincephd_1374@example.com,Australia,2024-06-27,retail,True
1375,William Moon IV,williammooniv_1375@example.com,United States,2022-08-05,retail,True
1376,Kenneth Brown,kennethbrown_1376@example.com,Singapore,2023-01-02,retail,True
1377,Karen Fernandez,karenfernandez_1377@example.com,India,2023-12-30,retail,True
1378,Jennifer Parks,jenniferparks_1378@example.com,Japan,2022-06-10,premium,True
1379,William Wolfe,williamwolfe_1379@example.com,India,2022-09-27,retail,True
1380,Michael Smith,michaelsmith_1380@example.com,India,2022-07-19,retail,True
1381,Kevin Nguyen,kevinnguyen_1381@example.com,India,2024-08-21,retail,True
1382,Debbie Dunn,debbiedunn_1382@example.com,Brazil,2023-06-13,business,True
1383,John Austin,johnaustin_1383@example.com,Australia,2023-10-28,retail,True
1384,Jonathan Clark,jonathanclark_1384@example.com,India,2022-08-20,retail,True
1385,Jacqueline Dickerson,jacquelinedickerson_1385@example.com,Canada,2023-08-02,retail,True
1386,Christopher Anderson,christopheranderson_1386@example.com,Canada,2024-11-06,retail,True
1387,Crystal Garcia,crystalgarcia_1387@example.com,United Kingdom,2023-10-30,retail,True
1388,David Reynolds,davidreynolds_1388@example.com,France,2024-12-27,retail,True
1389,Charles Haley,charleshaley_1389@example.com,Germany,2023-05-15,retail,False
1390,Robert Thompson,robertthompson_1390@example.com,Singapore,2022-05-16,retail,True
1391,Dr. Samuel Holmes DDS,drsamuelholmesdds_1391@example.com,Brazil,2024-06-01,retail,True
1392,Elizabeth Hart,elizabethhart_1392@example.com,Australia,2023-04-29,retail,True
1393,Jennifer Vaughn,jennifervaughn_1393@example.com,Brazil,2024-09-23,retail,True
1394,Robert Woods,robertwoods_1394@example.com,Australia,2022-07-19,business,True
1395,Joanna Cook,joannacook_1395@example.com,Singapore,2022-05-23,retail,True
1396,Justin Frederick,justinfrederick_1396@example.com,Brazil,2024-02-16,retail,True
1397,Alejandro Martinez,alejandromartinez_1397@example.com,United States,2022-07-05,retail,True
1398,Tracey Gonzalez,traceygonzalez_1398@example.com,Brazil,2022-01-01,retail,True
1399,Mariah Thompson,mariahthompson_1399@example.com,India,2024-12-24,retail,True
1400,Heather Nunez,heathernunez_1400@example.com,India,2023-02-05,retail,True
1401,Dr. Steve James,drstevejames_1401@example.com,France,2023-09-16,business,False
1402,Mark Thomas,markthomas_1402@example.com,Australia,2022-07-02,retail,True
1403,Robert Rogers,robertrogers_1403@example.com,Japan,2024-04-07,business,True
1404,Laura Sweeney,laurasweeney_1404@example.com,United States,2024-01-27,business,False
1405,Christopher Perez,christopherperez_1405@example.com,United States,2024-01-06,retail,True
1406,Eddie Adams,eddieadams_1406@example.com,United States,2023-04-27,retail,True
1407,Denise Wallace,denisewallace_1407@example.com,Australia,2024-02-23,retail,True
1408,Heidi Matthews,heidimatthews_1408@example.com,Germany,2022-12-22,retail,True
1409,Jennifer White,jenniferwhite_1409@example.com,Singapore,2024-01-08,business,True
1410,Nicholas Stanley,nicholasstanley_1410@example.com,Canada,2022-10-03,retail,True
1411,Mercedes Miller,mercedesmiller_1411@example.com,Canada,2024-09-23,retail,False
1412,Brian Brown,brianbrown_1412@example.com,Canada,2022-06-23,retail,True
1413,Kimberly Johnson,kimberlyjohnson_1413@example.com,India,2024-05-21,retail,True
1414,Phillip Miller,phillipmiller_1414@example.com,Singapore,2024-07-10,retail,True
1415,Christopher Pena,christopherpena_1415@example.com,Singapore,2022-01-16,retail,True
1416,Ellen Wright,ellenwright_1416@example.com,Germany,2024-10-24,retail,False
1417,Mark Anderson,markanderson_1417@example.com,Brazil,2024-01-22,retail,True
1418,Alyssa Alvarado,alyssaalvarado_1418@example.com,India,2024-01-25,retail,True
1419,Erika Alvarez,erikaalvarez_1419@example.com,United Kingdom,2022-10-18,retail,True
1420,Kimberly Nelson,kimberlynelson_1420@example.com,France,2024-08-10,retail,True
1421,Wayne Wolfe,waynewolfe_1421@example.com,Brazil,2022-07-01,retail,True
1422,Kyle Welch,kylewelch_1422@example.com,United Kingdom,2023-10-02,retail,False
1423,Kristy Mills,kristymills_1423@example.com,Japan,2022-01-23,retail,True
1424,Emily Reed,emilyreed_1424@example.com,India,2023-11-10,retail,False
1425,Regina Ramos,reginaramos_1425@example.com,France,2023-08-16,retail,True
1426,David Torres,davidtorres_1426@example.com,Brazil,2023-09-15,retail,True
1427,Robert Charles,robertcharles_1427@example.com,United States,2024-08-27,retail,True
1428,John Smith,johnsmith_1428@example.com,France,2022-02-25,retail,True
1429,Theresa Woods,theresawoods_1429@example.com,Japan,2022-06-07,business,True
1430,Jeffrey Carter,jeffreycarter_1430@example.com,Canada,2023-07-30,retail,True
1431,Adam Brooks,adambrooks_1431@example.com,United Kingdom,2022-12-24,business,True
1432,Justin Foster,justinfoster_1432@example.com,India,2024-01-28,business,True
1433,Omar Price,omarprice_1433@example.com,Germany,2024-09-20,retail,True
1434,Dennis Henderson,dennishenderson_1434@example.com,United States,2023-12-04,premium,False
1435,Phillip Kent,phillipkent_1435@example.com,Brazil,2022-11-12,business,True
1436,Melinda Mitchell,melindamitchell_1436@example.com,Singapore,2024-02-24,retail,True
1437,Rhonda Gutierrez,rhondagutierrez_1437@example.com,Canada,2023-03-08,retail,True
1438,Catherine Roberts,catherineroberts_1438@example.com,United States,2023-06-26,retail,True
1439,Lisa Nelson,lisanelson_1439@example.com,Canada,2024-08-08,retail,True
1440,Chelsea Smith,chelseasmith_1440@example.com,Japan,2023-04-24,retail,True
1441,Joseph Lopez,josephlopez_1441@example.com,India,2023-06-22,retail,True
1442,Derrick Espinoza,derrickespinoza_1442@example.com,United States,2023-08-15,business,True
1443,Crystal Hernandez,crystalhernandez_1443@example.com,Australia,2024-12-21,retail,True
1444,Glenn Collins DDS,glenncollinsdds_1444@example.com,Japan,2023-12-26,premium,True
1445,Mrs. Raven Rivera DVM,mrsravenriveradvm_1445@example.com,France,2023-11-18,retail,True
1446,Amy Rowe,amyrowe_1446@example.com,France,2024-03-12,retail,True
1447,John Lee,johnlee_1447@example.com,Germany,2023-02-04,retail,True
1448,Ruth Clayton,ruthclayton_1448@example.com,Canada,2023-10-04,retail,True
1449,Randy Wright,randywright_1449@example.com,United Kingdom,2022-01-25,retail,True
1450,Jessica Rojas,jessicarojas_1450@example.com,India,2023-12-21,retail,True
1451,Joel Wise,joelwise_1451@example.com,Germany,2022-03-11,retail,True
1452,Vickie Kennedy,vickiekennedy_1452@example.com,Brazil,2023-03-21,premium,True
1453,Emily Morris,emilymorris_1453@example.com,United Kingdom,2022-06-26,business,True
1454,Amanda Pineda,amandapineda_1454@example.com,Brazil,2023-01-14,business,True
1455,Dawn Little,dawnlittle_1455@example.com,France,2023-08-27,retail,False
1456,Stephen Boyer,stephenboyer_1456@example.com,India,2023-07-21,retail,True
1457,Brian Chen,brianchen_1457@example.com,Australia,2023-06-12,retail,True
1458,Christopher Hill,christopherhill_1458@example.com,United States,2024-02-23,retail,False
1459,Richard Smith,richardsmith_1459@example.com,France,2023-06-27,retail,True
1460,Richard Alvarez,richardalvarez_1460@example.com,Germany,2024-03-15,retail,True
1461,Jacqueline Davis,jacquelinedavis_1461@example.com,Canada,2024-06-02,retail,True
1462,Brandon Montgomery,brandonmontgomery_1462@example.com,India,2023-06-15,retail,True
1463,Yolanda Garrett,yolandagarrett_1463@example.com,Brazil,2023-05-29,retail,True
1464,Matthew Miles,matthewmiles_1464@example.com,India,2022-11-01,retail,True
1465,Beth Hall,bethhall_1465@example.com,United States,2024-03-10,retail,True
1466,Dr. Nicole Trujillo,drnicoletrujillo_1466@example.com,Singapore,2022-01-08,retail,False
1467,Corey Norris,coreynorris_1467@example.com,India,2024-09-06,retail,True
1468,Chad Roach,chadroach_1468@example.com,United Kingdom,2023-04-08,retail,False
1469,Mr. Edward Terry,mredwardterry_1469@example.com,India,2022-09-06,retail,False
1470,Cody Bailey,codybailey_1470@example.com,Australia,2023-11-14,retail,True
1471,Denise Guerra,deniseguerra_1471@example.com,United Kingdom,2024-01-19,retail,False
1472,Kristen Jones,kristenjones_1472@example.com,United Kingdom,2024-07-30,retail,True
1473,Edward Baker,edwardbaker_1473@example.com,Germany,2022-12-28,retail,False
1474,Aaron Little,aaronlittle_1474@example.com,Germany,2023-09-05,retail,True
1475,Cody Smith,codysmith_1475@example.com,Australia,2024-09-23,retail,True
1476,Patty Allen,pattyallen_1476@example.com,Germany,2022-10-14,retail,True
1477,Mary Ryan,maryryan_1477@example.com,Brazil,2023-05-04,retail,True
1478,Joseph Jimenez,josephjimenez_1478@example.com,Japan,2023-09-23,retail,False
1479,Lisa Morris,lisamorris_1479@example.com,India,2022-02-03,retail,True
1480,Ashley Mills,ashleymills_1480@example.com,United States,2024-04-10,retail,True
1481,Russell Anderson,russellanderson_1481@example.com,Japan,2024-07-27,business,True
1482,Christina Washington,christinawashington_1482@example.com,Japan,2022-11-02,retail,True
1483,Kenneth Huff,kennethhuff_1483@example.com,United Kingdom,2022-03-17,retail,True
1484,Kelly Miles,kellymiles_1484@example.com,United States,2024-08-23,business,True
1485,Jacob Obrien,jacobobrien_1485@example.com,Germany,2022-09-25,retail,True
1486,Timothy Clark,timothyclark_1486@example.com,France,2022-07-19,retail,True
1487,Steve Miller PhD,stevemillerphd_1487@example.com,Brazil,2022-05-11,business,True
1488,Justin Hurley,justinhurley_1488@example.com,India,2023-03-28,retail,True
1489,Jacob Erickson,jacoberickson_1489@example.com,Australia,2024-04-03,retail,False
1490,Deborah Williams,deborahwilliams_1490@example.com,Brazil,2022-10-09,retail,False
1491,Eric Blackburn,ericblackburn_1491@example.com,Germany,2022-04-04,retail,True
1492,Anne Hardy,annehardy_1492@example.com,United Kingdom,2023-07-15,retail,True
1493,Chelsey Fox,chelseyfox_1493@example.com,Australia,2022-12-04,retail,False
1494,Mario White,mariowhite_1494@example.com,United States,2022-10-01,retail,True
1495,Jennifer Garcia,jennifergarcia_1495@example.com,Brazil,2024-02-10,retail,True
1496,Heather Ellis,heatherellis_1496@example.com,India,2022-06-15,retail,True
1497,Sonya Jackson,sonyajackson_1497@example.com,United Kingdom,2023-08-05,retail,True
1498,James Morgan,jamesmorgan_1498@example.com,India,2022-09-17,retail,True
1499,Zachary Ramos,zacharyramos_1499@example.com,Japan,2024-07-11,retail,False
1500,Ethan Frey,ethanfrey_1500@example.com,Brazil,2022-03-19,retail,True
1501,Jacob Duran,jacobduran_1501@example.com,Brazil,2022-06-30,retail,True
1502,Nicholas Franklin,nicholasfranklin_1502@example.com,Australia,2024-05-07,retail,True
1503,Cindy Cannon,cindycannon_1503@example.com,United Kingdom,2024-12-21,premium,True
1504,Dawn Nixon,dawnnixon_1504@example.com,Japan,2024-11-05,retail,True
1505,James Barber,jamesbarber_1505@example.com,Germany,2023-07-21,retail,True
1506,Ms. Kelly Holder,mskellyholder_1506@example.com,Canada,2024-08-29,retail,True
1507,Eric Walker,ericwalker_1507@example.com,United States,2022-04-21,retail,True
1508,Alison Short,alisonshort_1508@example.com,Singapore,2023-05-30,retail,True
1509,Desiree Spencer,desireespencer_1509@example.com,India,2022-03-30,retail,True
1510,Tammy Moore,tammymoore_1510@example.com,Japan,2022-12-27,retail,True
1511,Henry Taylor,henrytaylor_1511@example.com,Japan,2022-08-26,retail,True
1512,Kevin Hall,kevinhall_1512@example.com,India,2023-10-30,retail,True
1513,Anna Ross,annaross_1513@example.com,Australia,2023-04-17,retail,True
1514,Morgan Cummings,morgancummings_1514@example.com,United Kingdom,2023-05-01,retail,True
1515,Carrie Petersen,carriepetersen_1515@example.com,Singapore,2023-03-28,retail,True
1516,Laura Velez,lauravelez_1516@example.com,United States,2024-06-11,retail,False
1517,Elizabeth Cross,elizabethcross_1517@example.com,India,2022-12-31,retail,True
1518,Angela Brown,angelabrown_1518@example.com,Germany,2024-01-05,premium,True
1519,Hannah Montoya,hannahmontoya_1519@example.com,Canada,2022-03-07,retail,True
1520,Sean Kane,seankane_1520@example.com,Canada,2022-08-16,business,True
1521,Matthew Guzman,matthewguzman_1521@example.com,Canada,2023-12-05,retail,True
1522,Richard Reyes,richardreyes_1522@example.com,Canada,2022-12-15,retail,True
1523,Andrew Fernandez,andrewfernandez_1523@example.com,Germany,2022-06-27,retail,True
1524,Jonathan Walker,jonathanwalker_1524@example.com,Germany,2024-08-27,business,True
1525,Nicholas Long,nicholaslong_1525@example.com,Singapore,2023-05-21,retail,True
1526,Kurt Wagner,kurtwagner_1526@example.com,Germany,2022-11-02,business,True
1527,Dylan Foster,dylanfoster_1527@example.com,Singapore,2022-04-01,retail,True
1528,Bradley Duncan,bradleyduncan_1528@example.com,Japan,2022-03-10,retail,True
1529,James Miller,jamesmiller_1529@example.com,United Kingdom,2024-07-15,retail,True
1530,Patricia Anderson,patriciaanderson_1530@example.com,United States,2024-04-12,business,True
1531,Justin Freeman,justinfreeman_1531@example.com,France,2023-05-05,retail,True
1532,Christina Gilbert,christinagilbert_1532@example.com,India,2023-09-17,retail,True
1533,Danielle Jones,daniellejones_1533@example.com,Brazil,2022-02-19,premium,True
1534,Erica Glass,ericaglass_1534@example.com,Canada,2024-04-10,retail,True
1535,Michael Henderson,michaelhenderson_1535@example.com,India,2022-01-03,business,True
1536,Frank Wheeler,frankwheeler_1536@example.com,Australia,2024-12-23,retail,True
1537,Eric Huerta,erichuerta_1537@example.com,France,2023-03-01,retail,True
1538,Wanda Ramos,wandaramos_1538@example.com,Australia,2022-04-23,retail,False
1539,Andrew Meyers,andrewmeyers_1539@example.com,Australia,2022-04-16,retail,True
1540,James Todd,jamestodd_1540@example.com,Brazil,2022-03-25,retail,True
1541,Ashley Brown,ashleybrown_1541@example.com,Japan,2022-05-18,retail,True
1542,Tammy Melton,tammymelton_1542@example.com,Canada,2023-11-17,retail,True
1543,Alexis Benson,alexisbenson_1543@example.com,India,2023-03-06,retail,True
1544,Jerry Johnson,jerryjohnson_1544@example.com,Australia,2023-12-24,business,True
1545,Joshua Harris,joshuaharris_1545@example.com,Singapore,2023-07-22,retail,True
1546,Deanna Webb,deannawebb_1546@example.com,India,2024-09-22,retail,True
1547,Brenda Hale,brendahale_1547@example.com,India,2024-12-25,retail,True
1548,Kevin Alvarado,kevinalvarado_1548@example.com,France,2024-07-14,retail,True
1549,Christopher Campbell,christophercampbell_1549@example.com,United Kingdom,2023-01-21,business,True
1550,Lisa Brown,lisabrown_1550@example.com,United Kingdom,2024-03-11,business,True
1551,Alejandra Price,alejandraprice_1551@example.com,United Kingdom,2022-08-12,retail,True
1552,Samuel Keller,samuelkeller_1552@example.com,Canada,2024-10-13,retail,True
1553,Alicia Dillon,aliciadillon_1553@example.com,United States,2023-08-24,retail,True
1554,Crystal James,crystaljames_1554@example.com,Canada,2024-08-28,retail,True
1555,Ariana Stewart,arianastewart_1555@example.com,United States,2023-08-21,retail,True
1556,Kim Lopez,kimlopez_1556@example.com,Germany,2024-11-30,retail,True
1557,Judith House,judithhouse_1557@example.com,Australia,2023-10-31,retail,True
1558,David Moreno,davidmoreno_1558@example.com,Japan,2024-06-30,retail,True
1559,James Moore,jamesmoore_1559@example.com,France,2022-12-18,retail,True
1560,Harold Garrett,haroldgarrett_1560@example.com,Australia,2023-08-14,retail,True
1561,William Mason,williammason_1561@example.com,Australia,2023-08-06,retail,True
1562,Lori Johns,lorijohns_1562@example.com,Canada,2023-08-08,retail,True
1563,Robin Johnson,robinjohnson_1563@example.com,Canada,2022-11-27,retail,True
1564,Diana Hernandez,dianahernandez_1564@example.com,Australia,2022-09-17,retail,True
1565,Mary Miller,marymiller_1565@example.com,Germany,2022-03-13,retail,False
1566,Tyler Salazar,tylersalazar_1566@example.com,Canada,2024-02-03,retail,False
1567,Crystal Allen,crystalallen_1567@example.com,Japan,2023-09-10,retail,True
1568,Wesley Browning,wesleybrowning_1568@example.com,India,2022-10-25,business,False
1569,Joshua Clark,joshuaclark_1569@example.com,Canada,2022-01-09,premium,True
1570,Joshua Mcbride,joshuamcbride_1570@example.com,Japan,2023-11-10,retail,True
1571,Ellen Thornton,ellenthornton_1571@example.com,France,2022-10-29,retail,True
1572,Brandy Forbes,brandyforbes_1572@example.com,India,2023-11-25,retail,True
1573,Brianna Fitzpatrick,briannafitzpatrick_1573@example.com,United States,2022-10-13,retail,True
1574,Emily Grant,emilygrant_1574@example.com,United States,2024-04-02,retail,True
1575,Bailey Stewart,baileystewart_1575@example.com,Australia,2022-07-09,retail,True
1576,Monica Cannon,monicacannon_1576@example.com,Germany,2024-12-14,retail,False
1577,Jennifer Jenkins,jenniferjenkins_1577@example.com,France,2023-02-05,retail,True
1578,Timothy Shannon,timothyshannon_1578@example.com,India,2022-06-28,premium,True
1579,Denise Maxwell,denisemaxwell_1579@example.com,India,2023-10-13,retail,True
1580,Cody Farmer,codyfarmer_1580@example.com,United States,2024-01-10,retail,True
1581,Debra Bradley,debrabradley_1581@example.com,Singapore,2024-01-28,retail,True
1582,David Mcdaniel,davidmcdaniel_1582@example.com,Australia,2023-12-21,retail,True
1583,Michael Woods,michaelwoods_1583@example.com,Japan,2022-06-29,retail,True
1584,Lisa Joseph,lisajoseph_1584@example.com,Singapore,2024-06-25,retail,True
1585,Samuel Henry,samuelhenry_1585@example.com,Singapore,2024-04-28,retail,True
1586,Corey Johnson,coreyjohnson_1586@example.com,United Kingdom,2022-10-22,retail,True
1587,Alexis Nelson,alexisnelson_1587@example.com,Japan,2023-11-18,retail,False
1588,Patrick Mcneil,patrickmcneil_1588@example.com,Singapore,2022-07-01,retail,True
1589,Andrea Ho,andreaho_1589@example.com,France,2024-04-28,retail,True
1590,Dr. Katherine Nguyen,drkatherinenguyen_1590@example.com,Brazil,2022-10-08,retail,True
1591,David Sullivan,davidsullivan_1591@example.com,France,2024-10-01,retail,True
1592,Nicolas James,nicolasjames_1592@example.com,Brazil,2023-09-15,retail,True
1593,Logan Newton,logannewton_1593@example.com,Germany,2022-02-24,retail,True
1594,Kelly Liu,kellyliu_1594@example.com,France,2024-08-25,retail,True
1595,Kelly Hayes,kellyhayes_1595@example.com,France,2024-05-04,retail,False
1596,Amanda Forbes,amandaforbes_1596@example.com,Germany,2022-02-28,retail,True
1597,Jennifer Moss,jennifermoss_1597@example.com,United Kingdom,2024-01-11,retail,True
1598,Kelli Mccoy,kellimccoy_1598@example.com,France,2024-09-01,premium,True
1599,Eddie Sanders,eddiesanders_1599@example.com,Australia,2024-11-15,retail,True
1600,Ronald Murray,ronaldmurray_1600@example.com,France,2022-11-30,retail,True
1601,Louis Brown,louisbrown_1601@example.com,India,2022-10-05,retail,True
1602,Brenda Gallegos,brendagallegos_1602@example.com,Australia,2024-05-09,retail,False
1603,Nathan Wilson,nathanwilson_1603@example.com,United States,2023-08-17,retail,True
1604,Teresa Horton,teresahorton_1604@example.com,United Kingdom,2024-11-18,retail,True
1605,Jason Hayes,jasonhayes_1605@example.com,United Kingdom,2022-12-09,retail,True
1606,Kevin Marquez,kevinmarquez_1606@example.com,France,2023-07-10,retail,True
1607,Jesse Wright,jessewright_1607@example.com,United Kingdom,2024-12-30,retail,True
1608,Susan Hogan,susanhogan_1608@example.com,United States,2022-10-08,retail,True
1609,Becky Wilson,beckywilson_1609@example.com,India,2024-04-23,retail,False
1610,Jack Mills,jackmills_1610@example.com,United Kingdom,2023-03-23,retail,True
1611,Richard Hunt,richardhunt_1611@example.com,Germany,2024-12-12,business,True
1612,Jamie James,jamiejames_1612@example.com,United Kingdom,2024-05-04,retail,True
1613,Susan Cunningham,susancunningham_1613@example.com,Canada,2022-02-05,retail,True
1614,Brittany Melton,brittanymelton_1614@example.com,Australia,2022-10-12,business,True
1615,Michael Barnes,michaelbarnes_1615@example.com,Brazil,2024-12-07,retail,True
1616,Randy Griffin,randygriffin_1616@example.com,France,2022-02-28,retail,True
1617,Autumn Anderson,autumnanderson_1617@example.com,Canada,2022-10-19,retail,True
1618,Marcus King,marcusking_1618@example.com,Germany,2022-09-24,premium,True
1619,Scott Stephens,scottstephens_1619@example.com,United Kingdom,2022-06-09,retail,True
1620,Stephen Young,stephenyoung_1620@example.com,Singapore,2022-03-29,retail,True
1621,Karen Ortiz,karenortiz_1621@example.com,Japan,2022-05-02,retail,False
1622,Kyle Sanchez,kylesanchez_1622@example.com,United States,2022-05-16,retail,True
1623,Lisa Grant,lisagrant_1623@example.com,United Kingdom,2022-09-11,business,True
1624,Amber Hernandez,amberhernandez_1624@example.com,Germany,2023-01-14,retail,True
1625,Amanda Nash,amandanash_1625@example.com,Canada,2023-07-23,business,True
1626,Sara Evans,saraevans_1626@example.com,Canada,2024-10-22,retail,True
1627,Amber Butler,amberbutler_1627@example.com,Japan,2022-05-20,retail,True
1628,Michael Carr,michaelcarr_1628@example.com,United States,2024-12-19,retail,True
1629,Linda Cobb,lindacobb_1629@example.com,France,2022-12-18,business,True
1630,Jesse Riley,jesseriley_1630@example.com,United Kingdom,2023-03-15,business,True
1631,Anna Evans,annaevans_1631@example.com,India,2024-01-21,retail,True
1632,James Jones,jamesjones_1632@example.com,United Kingdom,2023-01-06,business,False
1633,Joshua Carter,joshuacarter_1633@example.com,Singapore,2023-03-15,retail,True
1634,Michael Hill,michaelhill_1634@example.com,Australia,2022-09-11,retail,True
1635,Kelly Dominguez,kellydominguez_1635@example.com,India,2024-01-10,retail,True
1636,Ashley Blair,ashleyblair_1636@example.com,United States,2022-06-18,retail,True
1637,Victoria Webb,victoriawebb_1637@example.com,France,2024-07-24,retail,True
1638,Taylor Andersen,taylorandersen_1638@example.com,India,2023-04-08,retail,True
1639,Lee Stewart,leestewart_1639@example.com,Singapore,2023-01-22,business,True
1640,Whitney Gomez,whitneygomez_1640@example.com,India,2024-01-23,retail,False
1641,Justin Stone,justinstone_1641@example.com,India,2022-08-04,retail,True
1642,Katherine White,katherinewhite_1642@example.com,United Kingdom,2022-09-02,retail,True
1643,Michelle Krause,michellekrause_1643@example.com,Brazil,2022-07-28,retail,True
1644,Alexander Garrett,alexandergarrett_1644@example.com,Canada,2022-05-13,retail,True
1645,Ryan Marsh,ryanmarsh_1645@example.com,Germany,2024-04-07,retail,True
1646,Mrs. Felicia Castro DDS,mrsfeliciacastrodds_1646@example.com,India,2023-07-25,retail,True
1647,Curtis Campbell,curtiscampbell_1647@example.com,Brazil,2023-07-14,retail,True
1648,Elizabeth Hunter,elizabethhunter_1648@example.com,Singapore,2023-12-31,retail,True
1649,Aaron Jennings,aaronjennings_1649@example.com,Singapore,2024-09-19,retail,True
1650,Nathaniel Gilbert,nathanielgilbert_1650@example.com,India,2022-08-10,retail,True
1651,Christopher Rivera,christopherrivera_1651@example.com,Germany,2022-10-03,retail,True
1652,Michael Hendricks,michaelhendricks_1652@example.com,United Kingdom,2024-10-17,retail,False
1653,Maria Olson,mariaolson_1653@example.com,Singapore,2023-11-01,retail,True
1654,Stephanie Herrera,stephanieherrera_1654@example.com,United Kingdom,2022-06-06,retail,True
1655,Richard Gutierrez,richardgutierrez_1655@example.com,India,2024-08-12,retail,True
1656,Sandy Evans,sandyevans_1656@example.com,India,2024-10-30,retail,True
1657,Emily Herrera,emilyherrera_1657@example.com,Japan,2022-02-06,premium,True
1658,Michael Marsh,michaelmarsh_1658@example.com,Singapore,2022-09-01,retail,True
1659,Heather Montes,heathermontes_1659@example.com,Singapore,2024-06-25,retail,True
1660,Andre Terrell,andreterrell_1660@example.com,Japan,2023-09-13,business,True
1661,Sarah Duncan,sarahduncan_1661@example.com,Singapore,2022-10-03,retail,True
1662,Kurt Hancock,kurthancock_1662@example.com,United Kingdom,2024-10-01,retail,True
1663,Michele Edwards,micheleedwards_1663@example.com,Brazil,2024-08-20,retail,True
1664,Jason Crawford,jasoncrawford_1664@example.com,Japan,2022-04-25,retail,True
1665,Jesse Sampson,jessesampson_1665@example.com,Singapore,2023-12-24,retail,True
1666,Eric Rodriguez,ericrodriguez_1666@example.com,United States,2022-02-27,retail,True
1667,Paula Gentry,paulagentry_1667@example.com,Australia,2023-12-16,business,True
1668,Alexander Webb,alexanderwebb_1668@example.com,Australia,2024-02-19,retail,True
1669,Cheryl Mclean,cherylmclean_1669@example.com,Australia,2024-04-23,retail,True
1670,Kelly Rowe,kellyrowe_1670@example.com,Germany,2023-04-26,retail,True
1671,Shane Short,shaneshort_1671@example.com,United Kingdom,2023-09-17,retail,True
1672,Megan Anderson,megananderson_1672@example.com,Japan,2023-10-30,retail,True
1673,Julia Reeves,juliareeves_1673@example.com,Singapore,2024-11-20,business,True
1674,April Randolph,aprilrandolph_1674@example.com,India,2022-02-15,premium,True
1675,Linda Miller,lindamiller_1675@example.com,Singapore,2023-10-23,retail,True
1676,Angel Meyer,angelmeyer_1676@example.com,United Kingdom,2023-02-26,retail,True
1677,Emily Lane,emilylane_1677@example.com,Australia,2022-12-08,retail,True
1678,Steven Flores,stevenflores_1678@example.com,Singapore,2023-02-18,retail,True
1679,Donald Flores,donaldflores_1679@example.com,United Kingdom,2023-03-15,retail,True
1680,Bruce Hernandez,brucehernandez_1680@example.com,Brazil,2024-04-03,business,True
1681,Adrian Dean,adriandean_1681@example.com,United Kingdom,2022-07-14,retail,True
1682,Christine Bell,christinebell_1682@example.com,Brazil,2024-12-23,retail,True
1683,Charles Bush,charlesbush_1683@example.com,United Kingdom,2023-09-11,retail,True
1684,David Jones,davidjones_1684@example.com,Japan,2023-10-04,retail,True
1685,Gina Wallace,ginawallace_1685@example.com,Brazil,2024-11-21,retail,True
1686,John Lowe,johnlowe_1686@example.com,Canada,2022-02-08,retail,True
1687,Anthony Simmons,anthonysimmons_1687@example.com,Canada,2024-10-19,retail,False
1688,Kyle Watkins,kylewatkins_1688@example.com,India,2023-07-03,business,True
1689,Melissa Jensen,melissajensen_1689@example.com,Brazil,2024-06-07,business,True
1690,Robert Marquez,robertmarquez_1690@example.com,United States,2024-12-05,retail,True
1691,Kim Beltran,kimbeltran_1691@example.com,Germany,2022-11-05,retail,True
1692,Julie Anderson,julieanderson_1692@example.com,Singapore,2024-04-20,retail,True
1693,Tamara Mcdonald,tamaramcdonald_1693@example.com,United Kingdom,2023-02-21,business,True
1694,Michael Mckinney,michaelmckinney_1694@example.com,France,2022-11-25,retail,True
1695,David Walker,davidwalker_1695@example.com,Singapore,2023-05-04,retail,True
1696,Lisa Durham,lisadurham_1696@example.com,Germany,2023-09-28,retail,True
1697,Michael Ortega,michaelortega_1697@example.com,Singapore,2024-05-14,retail,True
1698,Sonya Chavez,sonyachavez_1698@example.com,Canada,2023-07-13,retail,True
1699,John Bell,johnbell_1699@example.com,France,2022-12-27,retail,True
1700,Christopher Tate,christophertate_1700@example.com,India,2022-02-10,retail,True
1701,Bethany Garcia,bethanygarcia_1701@example.com,Australia,2023-09-03,business,False
1702,Rebecca Nguyen,rebeccanguyen_1702@example.com,Singapore,2024-01-15,retail,True
1703,Rebecca Patel,rebeccapatel_1703@example.com,Singapore,2022-10-15,retail,True
1704,Jason Oliver,jasonoliver_1704@example.com,Japan,2022-09-05,retail,True
1705,Valerie Reyes,valeriereyes_1705@example.com,Japan,2023-05-31,retail,True
1706,Robert Garza,robertgarza_1706@example.com,Brazil,2022-09-08,retail,True
1707,Jessica Cobb,jessicacobb_1707@example.com,Brazil,2024-03-09,business,True
1708,Cynthia Bates,cynthiabates_1708@example.com,Singapore,2023-03-23,retail,True
1709,Timothy Andrews,timothyandrews_1709@example.com,France,2024-06-19,retail,True
1710,Mr. Joel Peters,mrjoelpeters_1710@example.com,United States,2024-10-01,retail,True
1711,Casey Blanchard,caseyblanchard_1711@example.com,United Kingdom,2023-10-11,retail,True
1712,Brian Cervantes,briancervantes_1712@example.com,Germany,2023-07-23,business,False
1713,Jamie Snyder,jamiesnyder_1713@example.com,Australia,2024-08-31,retail,True
1714,Ann Montoya,annmontoya_1714@example.com,United States,2022-03-13,business,True
1715,Stephanie Fields,stephaniefields_1715@example.com,United States,2023-05-06,retail,True
1716,Charles Hernandez,charleshernandez_1716@example.com,Australia,2022-09-07,retail,True
1717,Jean Lane,jeanlane_1717@example.com,India,2024-03-06,retail,False
1718,Michael Stewart,michaelstewart_1718@example.com,France,2023-09-09,retail,True
1719,Susan Torres,susantorres_1719@example.com,Germany,2023-09-02,retail,True
1720,Jessica Haas,jessicahaas_1720@example.com,India,2023-10-12,business,True
1721,Brandon Smith,brandonsmith_1721@example.com,Singapore,2022-03-11,retail,True
1722,Mrs. Bethany Phillips,mrsbethanyphillips_1722@example.com,India,2024-08-22,retail,False
1723,Joshua Brown,joshuabrown_1723@example.com,Australia,2024-05-15,business,True
1724,Samantha Howard,samanthahoward_1724@example.com,Canada,2023-06-19,retail,True
1725,Sharon Young,sharonyoung_1725@example.com,Brazil,2023-11-01,retail,True
1726,Jennifer Flores,jenniferflores_1726@example.com,United States,2023-01-12,retail,True
1727,James Gardner,jamesgardner_1727@example.com,Canada,2022-01-07,retail,True
1728,Karen Lopez,karenlopez_1728@example.com,Australia,2022-06-18,retail,True
1729,Tim Larsen,timlarsen_1729@example.com,Canada,2024-04-20,retail,True
1730,Zachary Santiago,zacharysantiago_1730@example.com,India,2022-10-01,retail,True
1731,Benjamin Smith,benjaminsmith_1731@example.com,Australia,2023-08-01,retail,True
1732,Katelyn Kim,katelynkim_1732@example.com,Canada,2024-03-16,business,False
1733,Angela May MD,angelamaymd_1733@example.com,Brazil,2023-04-05,retail,True
1734,Richard Munoz,richardmunoz_1734@example.com,Japan,2023-04-14,business,False
1735,Christopher Hicks,christopherhicks_1735@example.com,Germany,2023-06-21,retail,True
1736,Joanna Kelly,joannakelly_1736@example.com,Singapore,2024-05-28,retail,True
1737,Larry Lane,larrylane_1737@example.com,Australia,2022-12-15,business,True
1738,Cynthia Shaw,cynthiashaw_1738@example.com,Japan,2024-06-10,retail,False
1739,Joshua Richardson,joshuarichardson_1739@example.com,India,2022-08-31,retail,True
1740,Laura Bush,laurabush_1740@example.com,France,2023-08-13,retail,True
1741,John Vaughn,johnvaughn_1741@example.com,Singapore,2023-02-28,retail,False
1742,Nicholas Terrell,nicholasterrell_1742@example.com,France,2023-01-23,retail,True
1743,Dr. Julie Miller,drjuliemiller_1743@example.com,Canada,2022-02-28,retail,True
1744,Ann Kennedy,annkennedy_1744@example.com,Brazil,2024-07-12,business,True
1745,Toni Miller,tonimiller_1745@example.com,India,2022-06-25,retail,True
1746,Rebecca Edwards,rebeccaedwards_1746@example.com,Australia,2024-03-25,retail,True
1747,Greg Osborne,gregosborne_1747@example.com,Singapore,2023-06-09,retail,True
1748,Jose Harrison,joseharrison_1748@example.com,United States,2023-11-13,business,True
1749,Jennifer Yu,jenniferyu_1749@example.com,Australia,2022-04-04,retail,True
1750,Donna Johnson,donnajohnson_1750@example.com,Singapore,2023-09-12,premium,True
1751,Nicole Acosta,nicoleacosta_1751@example.com,Canada,2022-03-26,retail,True
1752,Amy Kennedy,amykennedy_1752@example.com,Japan,2024-10-06,business,True
1753,Anthony Mooney,anthonymooney_1753@example.com,Canada,2022-07-03,retail,True
1754,Lori Mitchell,lorimitchell_1754@example.com,Canada,2023-06-18,retail,True
1755,Jonathan York,jonathanyork_1755@example.com,Canada,2024-10-19,business,True
1756,Casey Campbell,caseycampbell_1756@example.com,Australia,2024-05-30,retail,True
1757,Alexis Rodriguez,alexisrodriguez_1757@example.com,Brazil,2023-06-25,retail,True
1758,Kevin Hernandez,kevinhernandez_1758@example.com,Canada,2023-10-09,retail,True
1759,Robert Green,robertgreen_1759@example.com,Canada,2024-06-20,retail,True
1760,Kari Lloyd,karilloyd_1760@example.com,Germany,2023-01-11,retail,True
1761,Grace Miller,gracemiller_1761@example.com,India,2024-06-12,retail,True
1762,Timothy Moore,timothymoore_1762@example.com,India,2022-03-25,retail,False
1763,Wyatt Townsend II,wyatttownsendii_1763@example.com,Japan,2024-09-20,retail,True
1764,Mark Clark,markclark_1764@example.com,Canada,2022-09-11,retail,True
1765,Haley May,haleymay_1765@example.com,France,2023-01-05,business,True
1766,Audrey Jackson,audreyjackson_1766@example.com,France,2023-03-11,retail,False
1767,Eric Reese,ericreese_1767@example.com,Japan,2023-01-05,retail,True
1768,Kim James,kimjames_1768@example.com,India,2022-07-13,business,True
1769,Karen Thomas,karenthomas_1769@example.com,United Kingdom,2024-03-18,retail,False
1770,Alexandra Ho,alexandraho_1770@example.com,United Kingdom,2023-10-25,retail,True
1771,Michael Nixon,michaelnixon_1771@example.com,India,2024-07-18,retail,True
1772,Amanda Hardin,amandahardin_1772@example.com,United States,2023-11-06,premium,True
1773,Tina Reynolds,tinareynolds_1773@example.com,India,2023-10-28,business,False
1774,Shannon Rogers,shannonrogers_1774@example.com,Brazil,2022-09-22,retail,True
1775,Brett Pena,brettpena_1775@example.com,France,2023-10-24,retail,True
1776,Raymond Curry,raymondcurry_1776@example.com,Japan,2024-02-21,retail,True
1777,Leah Lee,leahlee_1777@example.com,Germany,2024-03-27,retail,True
1778,Michael White,michaelwhite_1778@example.com,Canada,2024-03-06,retail,True
1779,Megan Decker,megandecker_1779@example.com,Canada,2022-09-04,retail,True
1780,Brent Garcia,brentgarcia_1780@example.com,France,2022-09-26,retail,True
1781,Daniel Campbell,danielcampbell_1781@example.com,Australia,2024-11-15,retail,True
1782,Alexander Davis,alexanderdavis_1782@example.com,Singapore,2024-09-02,retail,True
1783,Mary Houston,maryhouston_1783@example.com,United Kingdom,2024-05-15,business,True
1784,Margaret Erickson,margareterickson_1784@example.com,Singapore,2024-05-22,retail,True
1785,Scott Anderson,scottanderson_1785@example.com,India,2023-04-05,retail,True
1786,Stephanie Knight,stephanieknight_1786@example.com,India,2024-12-15,retail,True
1787,Stephanie Dominguez,stephaniedominguez_1787@example.com,France,2024-08-16,retail,False
1788,John Mayer,johnmayer_1788@example.com,India,2023-09-08,retail,True
1789,Tammy Hill,tammyhill_1789@example.com,France,2023-05-25,retail,True
1790,Steven Carrillo,stevencarrillo_1790@example.com,United States,2022-06-06,business,True
1791,Christopher Jones,christopherjones_1791@example.com,Japan,2024-05-20,retail,True
1792,Janet Cook,janetcook_1792@example.com,Brazil,2023-06-03,retail,True
1793,Tyler Baker,tylerbaker_1793@example.com,Japan,2022-02-03,retail,True
1794,John Mcfarland,johnmcfarland_1794@example.com,Canada,2023-01-09,business,True
1795,Cassandra Vasquez,cassandravasquez_1795@example.com,Singapore,2023-09-02,retail,True
1796,Randy Robinson,randyrobinson_1796@example.com,India,2023-06-27,retail,False
1797,Susan Baldwin,susanbaldwin_1797@example.com,Canada,2023-03-09,retail,True
1798,Benjamin Duncan,benjaminduncan_1798@example.com,Brazil,2023-06-16,business,True
1799,Jeremy Mosley,jeremymosley_1799@example.com,Japan,2022-02-06,retail,True
1800,Martin Fitzpatrick,martinfitzpatrick_1800@example.com,Canada,2024-09-04,retail,True
1801,Deborah Graves,deborahgraves_1801@example.com,Brazil,2024-09-23,retail,True
1802,Laura Robertson,laurarobertson_1802@example.com,Brazil,2024-01-09,retail,False
1803,Katherine Graham,katherinegraham_1803@example.com,Singapore,2023-09-12,retail,True
1804,Priscilla Floyd,priscillafloyd_1804@example.com,Germany,2022-08-18,business,True
1805,April Finley,aprilfinley_1805@example.com,Germany,2022-02-24,retail,True
1806,Karen Bradley,karenbradley_1806@example.com,Germany,2024-06-11,business,True
1807,Heather Maldonado,heathermaldonado_1807@example.com,Japan,2023-01-26,retail,True
1808,Mark Benjamin,markbenjamin_1808@example.com,Canada,2024-08-28,retail,True
1809,Joseph Woodward,josephwoodward_1809@example.com,Canada,2024-06-30,premium,True
1810,Joe Miranda,joemiranda_1810@example.com,India,2023-05-12,retail,True
1811,Cassandra Williams,cassandrawilliams_1811@example.com,Singapore,2022-04-15,retail,True
1812,Connor Dominguez,connordominguez_1812@example.com,Singapore,2024-05-01,business,True
1813,Lydia Howard,lydiahoward_1813@example.com,Brazil,2023-08-19,retail,True
1814,Mark Moss,markmoss_1814@example.com,Japan,2024-09-26,retail,True
1815,Corey Cortez,coreycortez_1815@example.com,United States,2024-05-14,retail,True
1816,Katherine Brown,katherinebrown_1816@example.com,France,2024-05-04,business,True
1817,Elizabeth Ferguson,elizabethferguson_1817@example.com,Brazil,2023-12-12,retail,True
1818,Joann Forbes,joannforbes_1818@example.com,Canada,2023-08-13,retail,True
1819,Anthony French,anthonyfrench_1819@example.com,India,2023-04-21,retail,True
1820,Bruce Roman,bruceroman_1820@example.com,Australia,2024-08-17,retail,True
1821,Judy Gregory,judygregory_1821@example.com,Singapore,2024-05-03,business,True
1822,Brittany Riley,brittanyriley_1822@example.com,Australia,2024-08-25,retail,True
1823,Amanda Thomas,amandathomas_1823@example.com,Brazil,2023-03-01,retail,True
1824,Kaitlin Hardin,kaitlinhardin_1824@example.com,India,2022-09-22,retail,True
1825,Michael Anderson,michaelanderson_1825@example.com,India,2022-07-26,retail,False
1826,Anthony Parker,anthonyparker_1826@example.com,India,2023-09-14,retail,True
1827,Joy Jackson,joyjackson_1827@example.com,United States,2024-01-05,business,True
1828,Sabrina Rodriguez,sabrinarodriguez_1828@example.com,Canada,2022-12-24,business,True
1829,Robert Walker PhD,robertwalkerphd_1829@example.com,United States,2022-05-11,retail,True
1830,Robert Hendrix,roberthendrix_1830@example.com,Germany,2022-09-05,retail,True
1831,Erika Daugherty,erikadaugherty_1831@example.com,Australia,2023-12-29,retail,True
1832,Brenda Copeland,brendacopeland_1832@example.com,Japan,2023-07-02,business,True
1833,Pamela Watkins,pamelawatkins_1833@example.com,Japan,2022-08-02,retail,False
1834,Bryan Thomas,bryanthomas_1834@example.com,India,2024-07-25,premium,True
1835,Michael Tran,michaeltran_1835@example.com,United Kingdom,2022-07-28,business,True
1836,Timothy Williams,timothywilliams_1836@example.com,United Kingdom,2022-12-09,retail,True
1837,Ryan Salazar,ryansalazar_1837@example.com,Australia,2022-11-18,retail,True
1838,Alexis Tucker,alexistucker_1838@example.com,Japan,2024-10-17,retail,True
1839,Christopher Davis,christopherdavis_1839@example.com,Australia,2023-11-17,business,True
1840,Stacie Butler,staciebutler_1840@example.com,Germany,2024-06-18,premium,True
1841,Patricia Schwartz,patriciaschwartz_1841@example.com,United States,2023-05-18,business,True
1842,Mark Mills,markmills_1842@example.com,France,2024-10-31,retail,True
1843,Todd Bishop,toddbishop_1843@example.com,Singapore,2024-01-09,retail,True
1844,Christopher Porter,christopherporter_1844@example.com,Japan,2024-05-13,retail,True
1845,Lori Patton,loripatton_1845@example.com,Singapore,2024-04-26,business,True
1846,Aaron Young,aaronyoung_1846@example.com,Japan,2024-01-11,business,True
1847,Joseph Davis,josephdavis_1847@example.com,United States,2024-11-25,business,True
1848,Philip Fernandez,philipfernandez_1848@example.com,Australia,2024-04-02,premium,True
1849,Randy Hopkins,randyhopkins_1849@example.com,United States,2024-03-16,retail,True
1850,Cory Hogan,coryhogan_1850@example.com,Canada,2022-04-29,premium,False
1851,Tracy Wells,tracywells_1851@example.com,Japan,2023-08-29,retail,True
1852,Michael Williams,michaelwilliams_1852@example.com,Japan,2023-09-16,retail,True
1853,Dominique Hamilton,dominiquehamilton_1853@example.com,Australia,2022-01-17,business,False
1854,Robert Chang,robertchang_1854@example.com,Brazil,2022-10-28,retail,True
1855,Patrick Buckley,patrickbuckley_1855@example.com,Germany,2024-06-24,retail,True
1856,Richard Washington,richardwashington_1856@example.com,Singapore,2023-02-09,business,True
1857,Steven Griffith,stevengriffith_1857@example.com,Japan,2023-11-17,retail,True
1858,Erika Gonzalez,erikagonzalez_1858@example.com,Canada,2024-12-01,premium,True
1859,Erika Maxwell,erikamaxwell_1859@example.com,United Kingdom,2024-11-13,retail,True
1860,Brent Rojas,brentrojas_1860@example.com,Canada,2022-02-17,retail,True
1861,Jaime Walker,jaimewalker_1861@example.com,Brazil,2023-06-14,retail,True
1862,John Zamora,johnzamora_1862@example.com,Singapore,2024-10-31,retail,True
1863,Timothy Gibson,timothygibson_1863@example.com,Australia,2023-06-16,retail,True
1864,Chad Cortez,chadcortez_1864@example.com,United States,2022-09-13,retail,True
1865,Vanessa Harris,vanessaharris_1865@example.com,United States,2024-07-17,retail,True
1866,Michael Brown,michaelbrown_1866@example.com,Brazil,2024-12-28,business,True
1867,Samuel Ellis,samuelellis_1867@example.com,France,2023-08-06,retail,True
1868,Greg Tanner,gregtanner_1868@example.com,Brazil,2022-10-14,retail,True
1869,Rachel Little,rachellittle_1869@example.com,Germany,2022-08-04,retail,True
1870,Carolyn Cordova,carolyncordova_1870@example.com,Australia,2024-07-19,retail,True
1871,Angelica Vincent,angelicavincent_1871@example.com,Singapore,2022-06-17,retail,True
1872,Zachary Vargas PhD,zacharyvargasphd_1872@example.com,Canada,2024-09-02,retail,True
1873,Nicholas Fitzgerald,nicholasfitzgerald_1873@example.com,Japan,2024-04-04,retail,True
1874,Garrett Riley,garrettriley_1874@example.com,Singapore,2023-06-25,retail,True
1875,Leslie Hernandez,lesliehernandez_1875@example.com,India,2024-09-29,retail,True
1876,Abigail Baird,abigailbaird_1876@example.com,Canada,2022-10-23,retail,True
1877,John Mack,johnmack_1877@example.com,India,2022-09-22,premium,True
1878,Joseph Mendoza,josephmendoza_1878@example.com,Japan,2022-08-30,retail,True
1879,Samantha Chavez,samanthachavez_1879@example.com,United States,2022-11-18,business,True
1880,Justin Smith,justinsmith_1880@example.com,United Kingdom,2024-04-16,retail,True
1881,Tiffany Anderson,tiffanyanderson_1881@example.com,France,2022-03-24,retail,True
1882,Matthew Davis,matthewdavis_1882@example.com,France,2024-02-06,retail,True
1883,Eric Warner,ericwarner_1883@example.com,Canada,2022-10-19,retail,True
1884,Nicole Johnson,nicolejohnson_1884@example.com,France,2023-08-04,retail,True
1885,Raymond Sawyer,raymondsawyer_1885@example.com,India,2022-01-05,retail,True
1886,Richard Wood,richardwood_1886@example.com,United States,2024-05-05,retail,True
1887,Mark Dalton,markdalton_1887@example.com,India,2023-11-23,retail,True
1888,Steven Cook,stevencook_1888@example.com,Brazil,2022-09-29,retail,True
1889,Jeffery Nelson,jefferynelson_1889@example.com,India,2024-07-10,retail,True
1890,Kimberly Norton,kimberlynorton_1890@example.com,Australia,2022-07-02,retail,True
1891,Angela Gilmore,angelagilmore_1891@example.com,Singapore,2024-03-04,retail,True
1892,Amy Dougherty,amydougherty_1892@example.com,Japan,2022-04-04,premium,True
1893,Stacy Rodriguez,stacyrodriguez_1893@example.com,France,2022-07-01,business,True
1894,Manuel Diaz,manueldiaz_1894@example.com,Brazil,2023-09-25,retail,True
1895,Justin Jones,justinjones_1895@example.com,Japan,2022-06-24,retail,True
1896,Christine Zavala,christinezavala_1896@example.com,Brazil,2022-04-19,premium,True
1897,Brian Mendoza,brianmendoza_1897@example.com,India,2024-10-26,business,True
1898,Lauren Haley,laurenhaley_1898@example.com,Japan,2023-01-04,premium,True
1899,Patrick Perez,patrickperez_1899@example.com,Germany,2023-05-18,business,True
1900,Derek Frazier,derekfrazier_1900@example.com,Brazil,2024-06-28,retail,True
1901,Arthur Reed,arthurreed_1901@example.com,Australia,2024-04-02,retail,True
1902,Mr. Bryan Mckinney,mrbryanmckinney_1902@example.com,United States,2023-11-28,retail,True
1903,Kim Carter,kimcarter_1903@example.com,Japan,2023-10-12,retail,True
1904,Rebecca Dougherty,rebeccadougherty_1904@example.com,United Kingdom,2022-12-11,retail,True
1905,Teresa Jones,teresajones_1905@example.com,United Kingdom,2022-11-12,retail,True
1906,Judith Miller,judithmiller_1906@example.com,Canada,2022-05-01,retail,True
1907,Donna Frye,donnafrye_1907@example.com,United States,2022-04-30,retail,True
1908,Donald Terry,donaldterry_1908@example.com,Canada,2024-04-25,business,True
1909,Shaun Meyer DDS,shaunmeyerdds_1909@example.com,United Kingdom,2022-04-17,retail,True
1910,Wayne Weaver,wayneweaver_1910@example.com,Brazil,2023-04-30,retail,True
1911,Gregory Wallace,gregorywallace_1911@example.com,Singapore,2022-08-24,retail,True
1912,Dorothy Brown,dorothybrown_1912@example.com,Japan,2024-04-13,retail,True
1913,Crystal Meza,crystalmeza_1913@example.com,Germany,2022-02-08,retail,False
1914,Jennifer Cooper,jennifercooper_1914@example.com,United Kingdom,2023-05-20,retail,True
1915,Erin Watkins,erinwatkins_1915@example.com,Canada,2023-09-16,retail,True
1916,Sarah Wallace,sarahwallace_1916@example.com,Japan,2023-02-21,retail,True
1917,Carlos Clarke,carlosclarke_1917@example.com,Japan,2022-12-11,retail,True
1918,David Washington,davidwashington_1918@example.com,Singapore,2024-07-14,retail,True
1919,Patricia Williams,patriciawilliams_1919@example.com,Brazil,2023-08-16,retail,True
1920,Jesus Jackson,jesusjackson_1920@example.com,United States,2024-09-14,retail,True
1921,Michelle Mitchell,michellemitchell_1921@example.com,Singapore,2023-12-21,business,True
1922,Sara Schwartz,saraschwartz_1922@example.com,Japan,2023-07-31,retail,True
1923,Brittany Young,brittanyyoung_1923@example.com,Brazil,2022-05-24,retail,True
1924,Eugene Martinez,eugenemartinez_1924@example.com,United Kingdom,2022-10-14,retail,False
1925,Cody Hart,codyhart_1925@example.com,Singapore,2023-03-08,retail,False
1926,Evan Cooper,evancooper_1926@example.com,Australia,2023-12-03,retail,False
1927,Joshua Martin,joshuamartin_1927@example.com,India,2023-07-14,retail,False
1928,Thomas Sullivan,thomassullivan_1928@example.com,Australia,2023-03-08,retail,True
1929,Mr. Jimmy Flores Jr.,mrjimmyfloresjr_1929@example.com,United States,2022-10-01,retail,True
1930,Vanessa Rivera,vanessarivera_1930@example.com,India,2022-01-09,business,True
1931,Kara Roberts,kararoberts_1931@example.com,Singapore,2024-09-28,retail,True
1932,Veronica Berry,veronicaberry_1932@example.com,United Kingdom,2022-03-05,business,True
1933,Keith Meadows,keithmeadows_1933@example.com,India,2022-09-10,retail,True
1934,Michael Dennis,michaeldennis_1934@example.com,Brazil,2024-01-04,retail,True
1935,Brenda Pierce,brendapierce_1935@example.com,United States,2022-09-13,retail,False
1936,James Randall,jamesrandall_1936@example.com,India,2022-01-20,retail,True
1937,Brandon Brown,brandonbrown_1937@example.com,France,2024-01-03,retail,True
1938,Lauren Walker,laurenwalker_1938@example.com,France,2023-03-29,retail,True
1939,Diana Johnson,dianajohnson_1939@example.com,Australia,2022-03-17,retail,False
1940,Jill Powers,jillpowers_1940@example.com,Brazil,2023-03-05,retail,False
1941,Jorge Lee,jorgelee_1941@example.com,Singapore,2022-08-16,business,True
1942,Larry Harding,larryharding_1942@example.com,India,2022-12-16,retail,True
1943,Heather Hernandez,heatherhernandez_1943@example.com,Brazil,2022-12-26,retail,True
1944,Jaclyn Watson,jaclynwatson_1944@example.com,United Kingdom,2022-09-18,retail,True
1945,Gregory Madden,gregorymadden_1945@example.com,Germany,2024-12-07,retail,True
1946,Anita Luna,anitaluna_1946@example.com,United States,2024-12-27,retail,True
1947,Willie Lara,willielara_1947@example.com,India,2022-01-05,business,True
1948,Robert Waller,robertwaller_1948@example.com,United States,2023-10-24,retail,False
1949,Steven Taylor,steventaylor_1949@example.com,France,2022-09-07,retail,True
1950,Angelica Clark,angelicaclark_1950@example.com,Australia,2024-11-25,retail,True
1951,Sean Hatfield,seanhatfield_1951@example.com,Germany,2022-04-07,retail,True
1952,Tyler Avila,tyleravila_1952@example.com,India,2023-10-10,retail,True
1953,Jason Rocha,jasonrocha_1953@example.com,United Kingdom,2022-02-21,premium,True
1954,Justin Page,justinpage_1954@example.com,Singapore,2022-06-02,business,True
1955,Breanna Lopez,breannalopez_1955@example.com,Australia,2023-09-29,retail,True
1956,Julian Williams,julianwilliams_1956@example.com,United States,2024-09-09,retail,True
1957,Sandra Torres,sandratorres_1957@example.com,Australia,2023-05-28,retail,True
1958,Julie Johnson,juliejohnson_1958@example.com,Australia,2022-04-22,business,True
1959,Dennis Blanchard,dennisblanchard_1959@example.com,Germany,2022-05-30,retail,True
1960,Kaitlyn Valdez,kaitlynvaldez_1960@example.com,United Kingdom,2024-07-03,retail,True
1961,Jennifer Vasquez,jennifervasquez_1961@example.com,United States,2022-03-10,retail,True
1962,Danielle Wilson,daniellewilson_1962@example.com,United Kingdom,2022-09-19,retail,True
1963,Zachary Jones,zacharyjones_1963@example.com,United States,2023-09-10,retail,True
1964,Lauren Cunningham,laurencunningham_1964@example.com,United Kingdom,2022-04-25,retail,True
1965,Lori Alvarez,lorialvarez_1965@example.com,Singapore,2024-04-02,retail,True
1966,Barbara Hunt,barbarahunt_1966@example.com,Germany,2022-01-22,retail,True
1967,Sarah Martin,sarahmartin_1967@example.com,Singapore,2022-07-27,retail,False
1968,Francisco Johns,franciscojohns_1968@example.com,United States,2024-07-18,retail,True
1969,Christopher Nelson,christophernelson_1969@example.com,United Kingdom,2022-07-30,retail,True
1970,Thomas Kelly,thomaskelly_1970@example.com,Brazil,2023-02-01,business,True
1971,Joseph Mayer,josephmayer_1971@example.com,Japan,2023-06-09,retail,True
1972,Pamela White,pamelawhite_1972@example.com,Brazil,2024-06-29,retail,True
1973,Paul Stephens,paulstephens_1973@example.com,United States,2022-05-04,retail,True
1974,Samantha Cohen,samanthacohen_1974@example.com,Japan,2024-01-03,retail,True
1975,Michael Barker,michaelbarker_1975@example.com,Canada,2022-10-29,retail,True
1976,Kevin Morrow,kevinmorrow_1976@example.com,France,2024-01-26,premium,True
1977,Joseph Watson,josephwatson_1977@example.com,Canada,2022-04-28,retail,True
1978,Mr. Thomas Garcia,mrthomasgarcia_1978@example.com,Japan,2022-04-22,retail,True
1979,Daniel Lopez,daniellopez_1979@example.com,Germany,2023-02-17,retail,True
1980,Lisa Guerra,lisaguerra_1980@example.com,India,2024-08-15,retail,True
1981,Kim Arnold,kimarnold_1981@example.com,Brazil,2023-11-19,retail,True
1982,Ashley Stevens,ashleystevens_1982@example.com,Canada,2022-08-03,retail,True
1983,Robert Mclean,robertmclean_1983@example.com,United States,2024-10-12,retail,True
1984,Eric Cox,ericcox_1984@example.com,Germany,2023-04-17,retail,True
1985,Stacy Harper,stacyharper_1985@example.com,India,2023-11-10,business,True
1986,Gloria Mckinney,gloriamckinney_1986@example.com,Singapore,2023-01-13,business,True
1987,Robert Walker,robertwalker_1987@example.com,United States,2022-06-01,retail,True
1988,Brenda Perez,brendaperez_1988@example.com,Canada,2023-08-19,retail,True
1989,Carlos Miller,carlosmiller_1989@example.com,Australia,2022-03-31,premium,True
1990,Rachel Jones,racheljones_1990@example.com,France,2022-12-23,retail,True
1991,Nicole Williams,nicolewilliams_1991@example.com,Canada,2023-11-27,business,True
1992,Ricky Palmer,rickypalmer_1992@example.com,Germany,2022-02-14,retail,True
1993,Bryan King,bryanking_1993@example.com,United Kingdom,2022-02-12,business,True
1994,Michael Webster,michaelwebster_1994@example.com,United Kingdom,2023-11-25,business,True
1995,Tamara Harris,tamaraharris_1995@example.com,Germany,2024-01-28,business,True
1996,Cathy Bell,cathybell_1996@example.com,Japan,2024-06-07,business,True
1997,Ryan Mcmahon,ryanmcmahon_1997@example.com,Canada,2022-09-25,retail,True
1998,Hannah Martin,hannahmartin_1998@example.com,Singapore,2024-02-06,retail,True
1999,Monica Allen,monicaallen_1999@example.com,Germany,2022-04-05,retail,True
2000,Annette Lane,annettelane_2000@example.com,Japan,2023-08-26,retail,True
2001,Daniel Lee,daniellee_2001@example.com,United States,2023-07-28,business,True
2002,Steven Medina,stevenmedina_2002@example.com,Brazil,2024-09-28,retail,True
2003,Annette Lewis,annettelewis_2003@example.com,India,2022-05-13,retail,True
2004,Michelle Richardson,michellerichardson_2004@example.com,Japan,2024-02-06,retail,True
2005,Jessica Rosario,jessicarosario_2005@example.com,Australia,2024-02-05,retail,True
2006,Henry Gray,henrygray_2006@example.com,India,2024-08-28,retail,True
2007,Darren Rodriguez,darrenrodriguez_2007@example.com,Brazil,2022-03-16,retail,True
2008,Mrs. Ashley Taylor,mrsashleytaylor_2008@example.com,India,2023-04-26,retail,True
2009,Michele Hawkins,michelehawkins_2009@example.com,Singapore,2022-11-18,business,True
2010,Garrett Wilson,garrettwilson_2010@example.com,Japan,2022-06-23,retail,True
2011,Kyle Collins,kylecollins_2011@example.com,India,2024-11-28,retail,True
2012,Jill Spencer,jillspencer_2012@example.com,India,2024-11-15,retail,True
2013,Scott Lopez,scottlopez_2013@example.com,India,2024-06-04,retail,True
2014,Ryan Alvarez,ryanalvarez_2014@example.com,Australia,2023-07-14,retail,True
2015,Cassie Lutz,cassielutz_2015@example.com,Germany,2023-06-28,retail,True
2016,Brian Kim DDS,briankimdds_2016@example.com,United Kingdom,2023-08-27,business,True
2017,Charles Morales,charlesmorales_2017@example.com,United Kingdom,2023-07-21,business,True
2018,Ashley Schaefer,ashleyschaefer_2018@example.com,United Kingdom,2024-01-08,retail,True
2019,Amy Hester,amyhester_2019@example.com,Germany,2023-11-06,retail,True
2020,Kurt Ewing,kurtewing_2020@example.com,France,2023-01-26,retail,False
2021,Ryan Hardy,ryanhardy_2021@example.com,Japan,2023-06-19,retail,True
2022,Micheal Perkins,michealperkins_2022@example.com,Australia,2024-04-07,business,True
2023,Richard Schneider,richardschneider_2023@example.com,United States,2024-08-24,retail,False
2024,John Morrison,johnmorrison_2024@example.com,Canada,2024-03-25,retail,True
2025,John Ramirez,johnramirez_2025@example.com,Germany,2024-08-29,retail,True
2026,Ashley King,ashleyking_2026@example.com,Japan,2024-08-17,retail,True
2027,Mark Taylor Jr.,marktaylorjr_2027@example.com,United Kingdom,2023-10-04,business,True
2028,Barry Gregory,barrygregory_2028@example.com,Singapore,2023-03-06,retail,True
2029,Janet Shelton,janetshelton_2029@example.com,United States,2024-02-07,retail,True
2030,Marco Davis,marcodavis_2030@example.com,France,2022-01-20,retail,True
2031,Paul Saunders,paulsaunders_2031@example.com,Australia,2023-11-27,retail,True
2032,Christina Bates,christinabates_2032@example.com,Singapore,2023-09-06,retail,True
2033,Dennis Cooper PhD,denniscooperphd_2033@example.com,United States,2022-10-12,retail,False
2034,Tiffany Johnson,tiffanyjohnson_2034@example.com,Australia,2024-03-11,premium,True
2035,Thomas Reyes,thomasreyes_2035@example.com,Singapore,2022-05-11,retail,True
2036,James Stevens,jamesstevens_2036@example.com,United Kingdom,2023-11-05,retail,True
2037,Justin Dalton,justindalton_2037@example.com,France,2022-07-10,retail,True
2038,Michael Henry,michaelhenry_2038@example.com,Canada,2022-03-07,business,True
2039,Mike Freeman,mikefreeman_2039@example.com,United States,2023-01-18,retail,False
2040,Michael Keller,michaelkeller_2040@example.com,Singapore,2023-08-05,retail,True
2041,Laura Alvarez,lauraalvarez_2041@example.com,Japan,2022-05-24,retail,True
2042,Katie Myers,katiemyers_2042@example.com,United States,2022-12-18,retail,False
2043,Wesley Jensen MD,wesleyjensenmd_2043@example.com,Singapore,2022-11-18,premium,True
2044,Erica Johnson,ericajohnson_2044@example.com,Singapore,2024-09-06,retail,True
2045,Russell Bailey,russellbailey_2045@example.com,Germany,2022-09-24,business,True
2046,Alyssa Vance,alyssavance_2046@example.com,India,2022-11-22,retail,False
2047,Brent Reed,brentreed_2047@example.com,Brazil,2023-02-20,retail,True
2048,Gregory Stanley,gregorystanley_2048@example.com,France,2023-02-18,retail,True
2049,Matthew Watkins,matthewwatkins_2049@example.com,United Kingdom,2024-03-28,retail,True
2050,Ana Torres,anatorres_2050@example.com,Australia,2024-10-02,retail,True
2051,Alejandro Nguyen,alejandronguyen_2051@example.com,United Kingdom,2023-08-13,retail,False
2052,Scott Bradley,scottbradley_2052@example.com,Australia,2023-09-02,retail,True
2053,Deborah Dominguez,deborahdominguez_2053@example.com,Canada,2024-04-30,retail,True
2054,Victoria Gray,victoriagray_2054@example.com,Singapore,2024-07-26,retail,True
2055,Kenneth Stokes,kennethstokes_2055@example.com,Brazil,2022-07-15,retail,False
2056,Michael Rogers,michaelrogers_2056@example.com,Germany,2022-11-20,retail,True
2057,Pamela Morgan,pamelamorgan_2057@example.com,France,2022-05-17,retail,True
2058,Heidi Graham,heidigraham_2058@example.com,Germany,2024-10-07,retail,True
2059,Ryan Cobb PhD,ryancobbphd_2059@example.com,United Kingdom,2024-01-26,retail,True
2060,Donna Williams,donnawilliams_2060@example.com,Australia,2024-04-19,retail,True
2061,Jennifer Perez PhD,jenniferperezphd_2061@example.com,Japan,2022-04-02,retail,True
2062,Ryan Davis,ryandavis_2062@example.com,India,2024-02-20,retail,True
2063,Austin Solis,austinsolis_2063@example.com,Germany,2024-03-23,retail,True
2064,Daniel Flynn,danielflynn_2064@example.com,Canada,2023-11-01,retail,True
2065,Elizabeth Brock,elizabethbrock_2065@example.com,India,2022-05-20,retail,True
2066,Joshua Gonzalez,joshuagonzalez_2066@example.com,India,2022-10-15,retail,True
2067,Mario Chavez,mariochavez_2067@example.com,Canada,2022-12-16,business,True
2068,Catherine Smith,catherinesmith_2068@example.com,Canada,2023-08-26,retail,True
2069,Shari Ray,shariray_2069@example.com,Canada,2022-06-08,retail,True
2070,Victor Harmon,victorharmon_2070@example.com,France,2022-11-11,retail,True
2071,Timothy Patel,timothypatel_2071@example.com,United States,2024-12-26,retail,True
2072,Patricia Hamilton,patriciahamilton_2072@example.com,Japan,2022-07-30,retail,True
2073,Lori Boyd,loriboyd_2073@example.com,United States,2022-01-10,retail,True
2074,Charles Hernandez,charleshernandez_2074@example.com,Germany,2023-05-27,retail,True
2075,Elizabeth Graham,elizabethgraham_2075@example.com,United Kingdom,2022-02-02,retail,False
2076,Ronald Brown,ronaldbrown_2076@example.com,Australia,2023-01-29,retail,True
2077,Jason Colon,jasoncolon_2077@example.com,United Kingdom,2022-12-10,retail,True
2078,Dawn Burke,dawnburke_2078@example.com,Japan,2022-08-09,business,True
2079,Brian Lee,brianlee_2079@example.com,Germany,2023-03-01,business,True
2080,Ronald Marshall,ronaldmarshall_2080@example.com,Singapore,2022-09-05,retail,True
2081,Jessica Lucas,jessicalucas_2081@example.com,Australia,2022-12-22,retail,True
2082,Christopher Taylor,christophertaylor_2082@example.com,United States,2024-03-08,retail,True
2083,Robert Hopkins,roberthopkins_2083@example.com,France,2024-01-26,retail,True
2084,Samuel Stuart,samuelstuart_2084@example.com,Singapore,2023-09-10,retail,True
2085,Mr. Scott Miller,mrscottmiller_2085@example.com,United Kingdom,2022-12-18,retail,True
2086,Sharon Lester,sharonlester_2086@example.com,Australia,2024-03-06,retail,False
2087,Jack Sandoval,jacksandoval_2087@example.com,Canada,2023-11-12,retail,True
2088,Tony Ramsey,tonyramsey_2088@example.com,Australia,2024-09-14,retail,True
2089,Brian Navarro,briannavarro_2089@example.com,Brazil,2024-07-08,retail,True
2090,Kelly Calderon,kellycalderon_2090@example.com,Germany,2024-10-28,retail,False
2091,Tara King,taraking_2091@example.com,Germany,2022-02-13,retail,True
2092,Cynthia Martinez,cynthiamartinez_2092@example.com,France,2023-04-30,retail,True
2093,Erin Silva,erinsilva_2093@example.com,Brazil,2022-06-12,retail,True
2094,Paul Young,paulyoung_2094@example.com,France,2023-02-18,retail,True
2095,Charles Thompson,charlesthompson_2095@example.com,United States,2023-05-03,business,True
2096,Jessica King,jessicaking_2096@example.com,India,2023-11-05,retail,True
2097,Katherine Brooks,katherinebrooks_2097@example.com,United States,2024-12-02,retail,True
2098,Emily Coleman,emilycoleman_2098@example.com,France,2022-02-18,retail,True
2099,Tracey Suarez,traceysuarez_2099@example.com,Australia,2023-05-12,retail,True
2100,Heidi Baldwin,heidibaldwin_2100@example.com,Germany,2023-04-01,retail,True
2101,Alisha Rasmussen,alisharasmussen_2101@example.com,Australia,2023-01-11,retail,True
2102,Sarah Bates,sarahbates_2102@example.com,India,2022-05-24,premium,True
2103,Melissa Mccormick,melissamccormick_2103@example.com,Canada,2023-02-23,retail,True
2104,Juan Parker,juanparker_2104@example.com,Japan,2023-02-23,retail,True
2105,Heidi Burnett,heidiburnett_2105@example.com,India,2023-09-30,retail,True
2106,Sean Mathews,seanmathews_2106@example.com,Singapore,2022-12-28,retail,True
2107,Theodore Long,theodorelong_2107@example.com,Brazil,2024-07-07,premium,True
2108,Dawn Davis,dawndavis_2108@example.com,India,2022-06-13,premium,True
2109,Cynthia Clark,cynthiaclark_2109@example.com,Singapore,2022-12-10,retail,True
2110,Sydney Welch,sydneywelch_2110@example.com,Brazil,2024-06-06,retail,True
2111,Pamela Sullivan,pamelasullivan_2111@example.com,India,2022-02-10,retail,True
2112,Sean Morrow,seanmorrow_2112@example.com,United Kingdom,2023-09-07,retail,True
2113,Kaitlin Gutierrez,kaitlingutierrez_2113@example.com,Canada,2023-06-11,retail,True
2114,Michelle Mcdowell,michellemcdowell_2114@example.com,France,2024-02-08,retail,True
2115,Samantha Hale,samanthahale_2115@example.com,Australia,2022-10-07,retail,True
2116,Heather Guzman,heatherguzman_2116@example.com,Germany,2022-01-09,retail,True
2117,Nancy Chavez,nancychavez_2117@example.com,Australia,2024-10-03,retail,True
2118,Anthony May,anthonymay_2118@example.com,Singapore,2024-02-04,retail,True
2119,Rachel Taylor,racheltaylor_2119@example.com,Brazil,2022-05-26,retail,True
2120,Mark Edwards,markedwards_2120@example.com,United Kingdom,2024-02-28,business,True
2121,Christopher Black,christopherblack_2121@example.com,Singapore,2023-06-07,retail,True
2122,Sandra Hines,sandrahines_2122@example.com,Australia,2024-11-09,retail,True
2123,Melissa Sparks,melissasparks_2123@example.com,Australia,2022-04-29,retail,False
2124,John Moss,johnmoss_2124@example.com,Germany,2023-05-12,retail,False
2125,Michael Serrano,michaelserrano_2125@example.com,Australia,2022-02-27,retail,True
2126,Christina Perry,christinaperry_2126@example.com,France,2024-07-21,business,True
2127,Shawn Duffy,shawnduffy_2127@example.com,Germany,2022-11-27,retail,True
2128,Courtney Vaughan,courtneyvaughan_2128@example.com,Singapore,2024-03-25,retail,False
2129,Maria Sims,mariasims_2129@example.com,United Kingdom,2024-11-27,business,True
2130,Valerie Gonzalez,valeriegonzalez_2130@example.com,Canada,2024-05-24,retail,True
2131,Caroline Morales,carolinemorales_2131@example.com,Japan,2024-02-23,retail,True
2132,David Davis,daviddavis_2132@example.com,United Kingdom,2022-08-12,retail,True
2133,Travis Wilson,traviswilson_2133@example.com,Australia,2022-10-20,retail,True
2134,Jessica Mora,jessicamora_2134@example.com,Singapore,2023-09-23,retail,True
2135,Michael Wilson,michaelwilson_2135@example.com,India,2022-01-04,retail,True
2136,Cheryl Atkins,cherylatkins_2136@example.com,Singapore,2024-12-11,retail,True
2137,Donna Snyder,donnasnyder_2137@example.com,Singapore,2022-12-16,retail,True
2138,Scott Greene,scottgreene_2138@example.com,Canada,2023-02-10,retail,True
2139,Diane Byrd MD,dianebyrdmd_2139@example.com,United Kingdom,2024-07-11,retail,True
2140,Charles Roberts,charlesroberts_2140@example.com,Germany,2022-05-01,retail,True
2141,Luke Solomon,lukesolomon_2141@example.com,Germany,2023-06-16,premium,True
2142,Michael Ellis,michaelellis_2142@example.com,India,2022-08-12,business,True
2143,Casey Morris,caseymorris_2143@example.com,France,2022-06-25,retail,True
2144,Melissa Reeves,melissareeves_2144@example.com,Australia,2022-03-02,retail,True
2145,Nancy Scott,nancyscott_2145@example.com,United Kingdom,2022-01-20,retail,True
2146,Anthony Cook,anthonycook_2146@example.com,United States,2022-03-27,retail,True
2147,Terry Barajas,terrybarajas_2147@example.com,United States,2024-02-09,retail,False
2148,Tracy George,tracygeorge_2148@example.com,France,2024-09-22,retail,True
2149,Amber King,amberking_2149@example.com,Singapore,2023-11-21,retail,True
2150,Elizabeth Foster,elizabethfoster_2150@example.com,Australia,2023-05-06,business,True
2151,Walter Hansen,walterhansen_2151@example.com,Singapore,2022-04-28,premium,True
2152,Debbie Gordon,debbiegordon_2152@example.com,United Kingdom,2022-01-07,retail,True
2153,Sherry Anderson,sherryanderson_2153@example.com,Canada,2022-02-22,retail,True
2154,Joseph Thomas,josephthomas_2154@example.com,France,2023-05-25,retail,True
2155,Andrew Anderson,andrewanderson_2155@example.com,India,2024-11-20,retail,True
2156,Sandy Adkins,sandyadkins_2156@example.com,Australia,2022-02-04,retail,True
2157,Diane Mcdowell,dianemcdowell_2157@example.com,Australia,2024-06-28,retail,True
2158,Pam Baker,pambaker_2158@example.com,Brazil,2022-06-16,retail,False
2159,Steven Stewart,stevenstewart_2159@example.com,India,2022-07-25,retail,True
2160,Pamela Hernandez DVM,pamelahernandezdvm_2160@example.com,Germany,2022-10-21,business,True
2161,Rebecca Brown,rebeccabrown_2161@example.com,Japan,2022-03-07,retail,True
2162,David Johnson,davidjohnson_2162@example.com,France,2024-08-14,retail,True
2163,Michael Graham,michaelgraham_2163@example.com,United Kingdom,2024-09-14,retail,True
2164,Tammy Williams MD,tammywilliamsmd_2164@example.com,Germany,2022-12-16,retail,True
2165,Karina Vasquez,karinavasquez_2165@example.com,United Kingdom,2022-08-05,retail,True
2166,Sharon Martinez,sharonmartinez_2166@example.com,Canada,2023-10-31,business,True
2167,Sean White,seanwhite_2167@example.com,Germany,2023-06-12,retail,False
2168,Jordan Nelson,jordannelson_2168@example.com,United Kingdom,2022-10-06,business,True
2169,Laurie Silva,lauriesilva_2169@example.com,India,2022-07-05,retail,True
2170,Kelly Duncan,kellyduncan_2170@example.com,Germany,2022-05-13,retail,True
2171,Billy Tate,billytate_2171@example.com,Singapore,2024-06-13,business,True
2172,Stacy Johnson,stacyjohnson_2172@example.com,United Kingdom,2023-08-19,retail,True
2173,Melanie Long,melanielong_2173@example.com,Brazil,2023-01-21,retail,True
2174,Tiffany Hood,tiffanyhood_2174@example.com,Australia,2022-09-18,business,False
2175,Brad Rivas,bradrivas_2175@example.com,Brazil,2022-01-04,retail,True
2176,Jordan Moses,jordanmoses_2176@example.com,Germany,2024-03-05,premium,True
2177,Abigail Booker,abigailbooker_2177@example.com,Australia,2022-09-16,retail,True
2178,Tiffany Nguyen,tiffanynguyen_2178@example.com,Germany,2022-08-07,retail,True
2179,Morgan Bernard,morganbernard_2179@example.com,India,2023-10-10,retail,False
2180,Christine Williams,christinewilliams_2180@example.com,Germany,2024-10-20,retail,True
2181,Erica Brown,ericabrown_2181@example.com,France,2022-10-26,retail,True
2182,Trevor James,trevorjames_2182@example.com,United States,2023-10-18,retail,False
2183,Christopher Hanna,christopherhanna_2183@example.com,United Kingdom,2023-07-15,premium,True
2184,Ann Phelps,annphelps_2184@example.com,India,2023-03-18,retail,True
2185,Richard Mitchell,richardmitchell_2185@example.com,Singapore,2022-05-01,premium,True
2186,Martha Martinez,marthamartinez_2186@example.com,Germany,2023-04-06,retail,True
2187,Jeffrey Drake MD,jeffreydrakemd_2187@example.com,Canada,2024-09-25,retail,True
2188,Bonnie Wade,bonniewade_2188@example.com,Canada,2022-02-14,retail,True
2189,Kayla Burns,kaylaburns_2189@example.com,India,2023-12-15,retail,True
2190,Karen Hart,karenhart_2190@example.com,Japan,2023-08-03,retail,False
2191,Peter Shepherd,petershepherd_2191@example.com,Japan,2024-03-17,retail,True
2192,Jessica Simmons,jessicasimmons_2192@example.com,Brazil,2022-04-21,business,True
2193,Glenn Ford,glennford_2193@example.com,India,2022-12-02,retail,True
2194,Michael Moore,michaelmoore_2194@example.com,India,2023-08-20,business,True
2195,Mark Warren IV,markwarreniv_2195@example.com,Germany,2022-01-19,retail,True
2196,Terry Woods,terrywoods_2196@example.com,United Kingdom,2022-10-30,retail,False
2197,Carl Leach,carlleach_2197@example.com,Canada,2022-04-26,retail,False
2198,Kelly Phillips,kellyphillips_2198@example.com,Canada,2022-04-18,retail,True
2199,Billy Williams,billywilliams_2199@example.com,Australia,2024-06-07,premium,True
2200,Jeffery Davis,jefferydavis_2200@example.com,Singapore,2023-05-17,retail,True
2201,Laura King,lauraking_2201@example.com,India,2023-09-12,retail,False
2202,Brad Gordon,bradgordon_2202@example.com,Singapore,2022-07-03,retail,True
2203,Matthew White,matthewwhite_2203@example.com,Singapore,2023-07-18,retail,True
2204,James Miller,jamesmiller_2204@example.com,United States,2022-09-03,retail,True
2205,Elizabeth Matthews,elizabethmatthews_2205@example.com,Japan,2023-04-06,retail,True
2206,Michael Hanson,michaelhanson_2206@example.com,Brazil,2024-09-09,retail,True
2207,Vincent Savage,vincentsavage_2207@example.com,Brazil,2023-01-06,retail,False
2208,Cody Burgess,codyburgess_2208@example.com,Singapore,2023-09-04,retail,True
2209,Shelby Rodriguez,shelbyrodriguez_2209@example.com,United Kingdom,2023-01-14,retail,True
2210,Abigail Wilson,abigailwilson_2210@example.com,Singapore,2024-12-21,retail,True
2211,John Holt,johnholt_2211@example.com,Brazil,2022-09-12,retail,True
2212,Tracy Guzman,tracyguzman_2212@example.com,United Kingdom,2023-01-06,business,True
2213,Mr. William Ward,mrwilliamward_2213@example.com,United States,2024-07-04,business,True
2214,Melissa Foster,melissafoster_2214@example.com,Canada,2023-02-27,retail,True
2215,Calvin Smith,calvinsmith_2215@example.com,France,2022-03-13,retail,True
2216,Alan Waller,alanwaller_2216@example.com,France,2024-01-15,premium,True
2217,Christine Wong,christinewong_2217@example.com,United States,2023-05-24,retail,False
2218,Jessica Garrett,jessicagarrett_2218@example.com,Japan,2023-08-24,retail,True
2219,Cheryl Turner,cherylturner_2219@example.com,Brazil,2024-10-01,retail,True
2220,John Johnson,johnjohnson_2220@example.com,Australia,2024-11-11,retail,True
2221,Christian Park,christianpark_2221@example.com,United States,2023-05-01,retail,True
2222,Kaitlyn Heath,kaitlynheath_2222@example.com,Germany,2022-10-02,retail,True
2223,Christina Hudson,christinahudson_2223@example.com,Australia,2023-07-23,retail,True
2224,Amber Smith,ambersmith_2224@example.com,United Kingdom,2023-06-07,retail,True
2225,Michelle Petty,michellepetty_2225@example.com,Canada,2024-03-30,retail,False
2226,Nancy Larson,nancylarson_2226@example.com,Singapore,2022-10-21,retail,True
2227,Donna Freeman,donnafreeman_2227@example.com,France,2023-01-30,retail,True
2228,Mr. Logan Gregory,mrlogangregory_2228@example.com,Japan,2022-12-02,retail,True
2229,Katherine Klein,katherineklein_2229@example.com,Singapore,2024-02-16,retail,True
2230,Jennifer Stewart,jenniferstewart_2230@example.com,United Kingdom,2023-07-08,retail,True
2231,Steven Butler,stevenbutler_2231@example.com,Japan,2024-04-13,retail,True
2232,Johnny Mcmillan,johnnymcmillan_2232@example.com,Australia,2023-11-15,retail,True
2233,Michael Smith,michaelsmith_2233@example.com,Germany,2023-07-15,retail,True
2234,Corey Cooper,coreycooper_2234@example.com,Germany,2024-02-15,premium,True
2235,Daniel Stout,danielstout_2235@example.com,United Kingdom,2022-12-26,retail,True
2236,Lance Kirby,lancekirby_2236@example.com,Brazil,2024-09-29,retail,True
2237,Bonnie Carter,bonniecarter_2237@example.com,Brazil,2023-08-01,retail,True
2238,Toni Whitaker,toniwhitaker_2238@example.com,United States,2022-12-16,retail,True
2239,Morgan Flynn,morganflynn_2239@example.com,Canada,2023-12-08,business,True
2240,Sarah Howell,sarahhowell_2240@example.com,Japan,2024-04-04,retail,True
2241,Paul Estrada,paulestrada_2241@example.com,United States,2024-11-17,retail,True
2242,Curtis Obrien,curtisobrien_2242@example.com,Canada,2024-02-15,retail,True
2243,Jason Chaney,jasonchaney_2243@example.com,Australia,2023-05-26,retail,True
2244,Daniel Williams,danielwilliams_2244@example.com,India,2023-01-10,retail,True
2245,Stanley Kelly,stanleykelly_2245@example.com,India,2024-10-25,retail,False
2246,Ronald Kline,ronaldkline_2246@example.com,Japan,2023-04-14,retail,True
2247,Arthur Jordan,arthurjordan_2247@example.com,France,2024-04-12,retail,True
2248,Barbara Walker,barbarawalker_2248@example.com,United Kingdom,2022-06-07,retail,False
2249,Gerald Kelly,geraldkelly_2249@example.com,Canada,2022-04-28,retail,True
2250,Shawn Adams,shawnadams_2250@example.com,India,2022-01-22,premium,True
2251,Michael Robertson,michaelrobertson_2251@example.com,Japan,2022-10-07,retail,True
2252,Michelle House,michellehouse_2252@example.com,Japan,2022-09-13,retail,True
2253,Jim Skinner,jimskinner_2253@example.com,United States,2024-05-20,retail,True
2254,Brian Bishop,brianbishop_2254@example.com,Germany,2024-12-17,retail,True
2255,Theresa Colon,theresacolon_2255@example.com,India,2022-12-12,retail,True
2256,Brian Soto,briansoto_2256@example.com,Japan,2023-04-06,retail,True
2257,Susan Moore,susanmoore_2257@example.com,Canada,2024-11-18,retail,True
2258,Jeremy Hunter,jeremyhunter_2258@example.com,India,2024-02-16,retail,False
2259,Annette Holland,annetteholland_2259@example.com,Australia,2023-05-27,business,True
2260,Chad Allison,chadallison_2260@example.com,United Kingdom,2023-08-18,retail,True
2261,Jason Mack,jasonmack_2261@example.com,Germany,2022-01-05,retail,True
2262,Robert Peterson,robertpeterson_2262@example.com,Germany,2023-09-17,business,False
2263,Angela Watson,angelawatson_2263@example.com,Japan,2022-03-14,business,True
2264,Heather Ortega,heatherortega_2264@example.com,India,2022-04-28,retail,True
2265,Paul Fisher,paulfisher_2265@example.com,Australia,2023-09-04,retail,True
2266,Robert Gutierrez,robertgutierrez_2266@example.com,Canada,2024-04-03,retail,True
2267,Jimmy Phelps,jimmyphelps_2267@example.com,India,2023-02-09,retail,True
2268,Heidi Johnson,heidijohnson_2268@example.com,Canada,2024-04-21,retail,True
2269,Adam Drake,adamdrake_2269@example.com,Canada,2023-05-28,retail,True
2270,Angela Edwards,angelaedwards_2270@example.com,France,2024-01-17,retail,True
2271,Mrs. Amy Malone,mrsamymalone_2271@example.com,France,2022-08-11,premium,True
2272,Margaret Orr,margaretorr_2272@example.com,India,2022-11-28,retail,True
2273,Mark Reeves,markreeves_2273@example.com,United States,2024-01-06,business,True
2274,Kelly Phillips,kellyphillips_2274@example.com,United Kingdom,2023-01-24,retail,True
2275,Michael Spencer,michaelspencer_2275@example.com,Singapore,2023-11-10,business,True
2276,Patrick Blankenship,patrickblankenship_2276@example.com,Germany,2024-09-08,premium,False
2277,Douglas Rose,douglasrose_2277@example.com,United Kingdom,2024-05-12,retail,True
2278,Melody Griffin,melodygriffin_2278@example.com,Canada,2023-10-28,retail,True
2279,Joshua Kramer,joshuakramer_2279@example.com,Singapore,2024-10-24,retail,True
2280,Melissa Barron,melissabarron_2280@example.com,Singapore,2022-09-27,retail,True
2281,Jennifer Gonzalez,jennifergonzalez_2281@example.com,United States,2022-09-16,retail,True
2282,Andrew Cook,andrewcook_2282@example.com,Germany,2022-04-17,retail,True
2283,Natalie Martinez,nataliemartinez_2283@example.com,Brazil,2022-01-17,retail,True
2284,Diane Davis DDS,dianedavisdds_2284@example.com,India,2022-06-19,retail,True
2285,Nicole Moore,nicolemoore_2285@example.com,Canada,2024-11-13,retail,True
2286,Robert Vargas,robertvargas_2286@example.com,United Kingdom,2023-06-24,premium,True
2287,Raymond Barber,raymondbarber_2287@example.com,Singapore,2023-02-11,retail,True
2288,Mrs. Amy Watson,mrsamywatson_2288@example.com,United Kingdom,2024-10-25,retail,True
2289,Heather Williams,heatherwilliams_2289@example.com,Brazil,2022-11-01,retail,True
2290,Belinda Evans,belindaevans_2290@example.com,United States,2023-07-15,premium,False
2291,Jody Bird,jodybird_2291@example.com,Singapore,2022-02-06,retail,True
2292,Virginia Cunningham,virginiacunningham_2292@example.com,United States,2024-02-18,retail,True
2293,Lori Ferguson,loriferguson_2293@example.com,Germany,2023-03-31,retail,True
2294,Hayley Mitchell,hayleymitchell_2294@example.com,Japan,2024-05-24,retail,True
2295,Michelle Chambers,michellechambers_2295@example.com,France,2024-01-15,retail,True
2296,Kelly Wright,kellywright_2296@example.com,Singapore,2023-05-21,retail,True
2297,Kevin Carson,kevincarson_2297@example.com,United States,2022-01-02,retail,True
2298,Brent Dawson,brentdawson_2298@example.com,Germany,2023-08-08,retail,False
2299,Angela Brown,angelabrown_2299@example.com,United Kingdom,2024-06-01,retail,False
2300,Karen Griffin,karengriffin_2300@example.com,Australia,2023-11-16,retail,True
2301,Joseph Chapman,josephchapman_2301@example.com,United States,2022-09-24,retail,True
2302,Jennifer Baker,jenniferbaker_2302@example.com,Australia,2024-12-19,retail,True
2303,Mr. Jeremiah Galvan MD,mrjeremiahgalvanmd_2303@example.com,France,2023-03-07,retail,True
2304,Samantha Thomas,samanthathomas_2304@example.com,United Kingdom,2022-09-25,retail,True
2305,Michael Anderson,michaelanderson_2305@example.com,United States,2023-01-26,retail,True
2306,Sharon Wilson,sharonwilson_2306@example.com,United Kingdom,2022-06-03,business,True
2307,John Francis,johnfrancis_2307@example.com,France,2024-08-29,premium,True
2308,Jaclyn Crane,jaclyncrane_2308@example.com,Canada,2022-03-31,retail,True
2309,Jennifer Martinez,jennifermartinez_2309@example.com,France,2023-12-13,business,True
2310,Amanda Hernandez,amandahernandez_2310@example.com,United Kingdom,2024-06-12,retail,True
2311,William Turner,williamturner_2311@example.com,Japan,2022-02-14,retail,True
2312,Dr. Charles Lawrence,drcharleslawrence_2312@example.com,Canada,2023-08-17,retail,True
2313,Steven Small,stevensmall_2313@example.com,Germany,2024-03-25,retail,True
2314,Robert Burns,robertburns_2314@example.com,Japan,2022-06-03,retail,True
2315,Gregory Harrell,gregoryharrell_2315@example.com,Singapore,2024-03-10,retail,True
2316,Kenneth Knight,kennethknight_2316@example.com,Canada,2022-01-08,retail,True
2317,Rachael Alvarez,rachaelalvarez_2317@example.com,United States,2024-11-16,retail,True
2318,Lisa Gill,lisagill_2318@example.com,Japan,2023-06-15,retail,True
2319,Julia Cole,juliacole_2319@example.com,France,2022-09-01,retail,True
2320,Sean Nguyen,seannguyen_2320@example.com,Germany,2023-08-21,retail,True
2321,Mary Ortiz,maryortiz_2321@example.com,France,2022-09-30,retail,True
2322,James Weaver,jamesweaver_2322@example.com,Germany,2023-03-07,retail,True
2323,Stacy Fitzgerald,stacyfitzgerald_2323@example.com,Australia,2024-01-26,retail,False
2324,Sharon Mann,sharonmann_2324@example.com,Japan,2023-06-25,retail,True
2325,Rebecca Zimmerman,rebeccazimmerman_2325@example.com,Brazil,2023-08-27,retail,True
2326,Becky Hansen,beckyhansen_2326@example.com,United States,2023-12-30,retail,False
2327,Luke Ray,lukeray_2327@example.com,Canada,2023-06-09,premium,True
2328,Kelly Lopez,kellylopez_2328@example.com,Brazil,2022-08-06,retail,True
2329,Steven Martinez,stevenmartinez_2329@example.com,France,2023-02-27,business,True
2330,Catherine Smith,catherinesmith_2330@example.com,France,2023-02-22,retail,True
2331,Danielle Thornton,daniellethornton_2331@example.com,Singapore,2022-11-15,retail,True
2332,Jill Roman,jillroman_2332@example.com,Singapore,2024-01-25,retail,True
2333,Jennifer Williams,jenniferwilliams_2333@example.com,India,2023-01-07,retail,True
2334,Allison Kim,allisonkim_2334@example.com,Canada,2023-01-22,retail,False
2335,Scott Stewart,scottstewart_2335@example.com,Canada,2023-08-01,retail,True
2336,Brian Garcia,briangarcia_2336@example.com,Canada,2024-03-18,retail,True
2337,Charles Scott,charlesscott_2337@example.com,Canada,2022-05-28,retail,True
2338,Eric Russell,ericrussell_2338@example.com,Singapore,2022-07-25,retail,True
2339,Lucas Nguyen,lucasnguyen_2339@example.com,United States,2022-07-24,retail,True
2340,Anthony Price,anthonyprice_2340@example.com,United States,2022-03-31,retail,True
2341,Jason Nguyen,jasonnguyen_2341@example.com,France,2022-10-20,business,True
2342,Ronald Martinez,ronaldmartinez_2342@example.com,United States,2022-08-06,retail,True
2343,Paul Willis,paulwillis_2343@example.com,United Kingdom,2023-02-19,retail,True
2344,Paul Cruz Jr.,paulcruzjr_2344@example.com,India,2022-12-01,retail,True
2345,John Russell,johnrussell_2345@example.com,Germany,2022-04-25,retail,True
2346,Mr. David Mercado,mrdavidmercado_2346@example.com,Japan,2022-09-10,retail,True
2347,Victor Leonard,victorleonard_2347@example.com,Japan,2023-08-31,retail,True
2348,Justin Glover,justinglover_2348@example.com,Singapore,2022-10-18,retail,True
2349,Jason Miller,jasonmiller_2349@example.com,Germany,2024-05-24,retail,True
2350,Christina Faulkner,christinafaulkner_2350@example.com,France,2023-04-08,business,True
2351,William Casey,williamcasey_2351@example.com,United Kingdom,2024-10-04,retail,True
2352,Jessica Buck,jessicabuck_2352@example.com,United Kingdom,2023-08-01,retail,True
2353,Aaron Marshall,aaronmarshall_2353@example.com,United Kingdom,2024-01-09,business,False
2354,Donna Stanton,donnastanton_2354@example.com,United States,2022-11-06,retail,True
2355,Timothy Olson,timothyolson_2355@example.com,Brazil,2023-01-07,retail,True
2356,Sara James,sarajames_2356@example.com,France,2023-08-11,retail,True
2357,Mark Richards,markrichards_2357@example.com,India,2024-01-26,business,True
2358,Amber Stevenson,amberstevenson_2358@example.com,United Kingdom,2022-01-05,business,False
2359,Elizabeth Foster,elizabethfoster_2359@example.com,Canada,2023-10-18,retail,True
2360,Charles Hawkins,charleshawkins_2360@example.com,India,2022-05-18,retail,True
2361,Jeffrey Bishop,jeffreybishop_2361@example.com,France,2022-10-24,retail,False
2362,Emily Fleming,emilyfleming_2362@example.com,Canada,2024-02-28,retail,True
2363,Dean Mullins,deanmullins_2363@example.com,India,2024-04-27,retail,True
2364,David Bird,davidbird_2364@example.com,Canada,2023-05-19,retail,True
2365,Joe Greene,joegreene_2365@example.com,Japan,2024-12-29,retail,True
2366,Michael Lucas,michaellucas_2366@example.com,Germany,2024-02-27,retail,True
2367,John Valenzuela,johnvalenzuela_2367@example.com,Japan,2023-03-26,retail,True
2368,Jennifer Woodard,jenniferwoodard_2368@example.com,United States,2023-02-21,premium,True
2369,Pamela Medina,pamelamedina_2369@example.com,Japan,2024-08-28,premium,False
2370,Mariah Jones,mariahjones_2370@example.com,United States,2023-12-17,retail,True
2371,Ronnie Powers,ronniepowers_2371@example.com,Canada,2023-08-27,retail,True
2372,Heather Hess,heatherhess_2372@example.com,Japan,2024-05-12,retail,True
2373,Heather Thompson,heatherthompson_2373@example.com,United States,2022-10-10,retail,True
2374,Melissa Smith,melissasmith_2374@example.com,Canada,2024-02-13,retail,True
2375,Timothy Wallace,timothywallace_2375@example.com,Singapore,2024-02-01,retail,True
2376,Alejandro Campbell,alejandrocampbell_2376@example.com,Brazil,2022-06-01,retail,True
2377,Heather Davis,heatherdavis_2377@example.com,Canada,2022-03-03,retail,True
2378,Elizabeth Robbins,elizabethrobbins_2378@example.com,Germany,2022-06-07,retail,True
2379,Johnny Cox,johnnycox_2379@example.com,Singapore,2022-11-03,retail,True
2380,Tanner Mann,tannermann_2380@example.com,Canada,2024-12-16,retail,True
2381,Craig Nicholson,craignicholson_2381@example.com,Singapore,2023-11-22,retail,True
2382,Sergio Carroll,sergiocarroll_2382@example.com,United States,2023-08-11,retail,True
2383,Juan Keller MD,juankellermd_2383@example.com,United States,2022-12-22,retail,True
2384,Krystal Jones,krystaljones_2384@example.com,Singapore,2024-07-19,retail,True
2385,Austin Green,austingreen_2385@example.com,Brazil,2024-10-24,retail,True
2386,Crystal Mills,crystalmills_2386@example.com,Canada,2023-07-11,premium,True
2387,Cheryl Gregory,cherylgregory_2387@example.com,Canada,2023-03-10,retail,True
2388,Melissa Patel MD,melissapatelmd_2388@example.com,Singapore,2023-01-12,business,False
2389,Jordan Pace,jordanpace_2389@example.com,Brazil,2022-06-08,business,True
2390,Terri Williams,terriwilliams_2390@example.com,Australia,2024-04-09,business,True
2391,Jessica Carney,jessicacarney_2391@example.com,Australia,2024-05-18,retail,True
2392,Michael Owens,michaelowens_2392@example.com,United Kingdom,2024-01-13,retail,True
2393,Peter Stephenson,peterstephenson_2393@example.com,United States,2023-05-06,retail,True
2394,Donald Fisher,donaldfisher_2394@example.com,United Kingdom,2023-03-10,retail,True
2395,Aaron Lee,aaronlee_2395@example.com,France,2023-01-20,retail,True
2396,Kenneth Johnson,kennethjohnson_2396@example.com,United States,2023-05-08,retail,False
2397,Vanessa Coleman,vanessacoleman_2397@example.com,Brazil,2022-04-02,retail,True
2398,David Martin,davidmartin_2398@example.com,United States,2022-04-09,retail,False
2399,Mark Davis,markdavis_2399@example.com,United States,2024-01-01,retail,False
2400,Robert Watkins,robertwatkins_2400@example.com,Japan,2023-02-04,retail,True
2401,Felicia Wright,feliciawright_2401@example.com,Australia,2022-09-23,retail,True
2402,David Peterson,davidpeterson_2402@example.com,Singapore,2024-10-28,retail,True
2403,Gavin Bauer,gavinbauer_2403@example.com,Canada,2022-02-18,retail,True
2404,Patricia Harvey,patriciaharvey_2404@example.com,Brazil,2022-03-18,retail,True
2405,Lori Riley,loririley_2405@example.com,India,2022-06-11,business,True
2406,Antonio Johnson,antoniojohnson_2406@example.com,Germany,2023-03-18,business,True
2407,Ryan Brown,ryanbrown_2407@example.com,Canada,2024-10-24,retail,True
2408,Thomas Ramos,thomasramos_2408@example.com,Japan,2023-12-01,retail,True
2409,Mark Jones,markjones_2409@example.com,France,2024-01-08,retail,False
2410,Kristin Phillips,kristinphillips_2410@example.com,United States,2024-03-04,retail,False
2411,Brendan Walton,brendanwalton_2411@example.com,Brazil,2022-06-03,premium,True
2412,Kyle Keller,kylekeller_2412@example.com,India,2022-07-19,business,True
2413,James Pope,jamespope_2413@example.com,France,2022-06-28,retail,True
2414,Lisa Morgan,lisamorgan_2414@example.com,Canada,2023-08-29,retail,True
2415,Rachel Gibson,rachelgibson_2415@example.com,Australia,2023-12-25,retail,True
2416,Corey Garcia,coreygarcia_2416@example.com,India,2023-06-13,premium,False
2417,Andrea Clarke,andreaclarke_2417@example.com,India,2022-10-15,business,False
2418,Kenneth Walsh,kennethwalsh_2418@example.com,India,2022-03-23,retail,True
2419,Jason Hardy,jasonhardy_2419@example.com,Singapore,2022-09-22,retail,True
2420,David Robles,davidrobles_2420@example.com,Brazil,2023-10-05,retail,True
2421,Eric Graham,ericgraham_2421@example.com,Japan,2024-07-10,retail,True
2422,Nicole Collins,nicolecollins_2422@example.com,United States,2022-04-27,retail,True
2423,Patricia Hernandez,patriciahernandez_2423@example.com,Japan,2022-01-17,retail,True
2424,Grant Wood,grantwood_2424@example.com,Singapore,2022-11-21,retail,True
2425,Kevin Gregory,kevingregory_2425@example.com,Germany,2024-03-06,business,True
2426,Jonathon Conley,jonathonconley_2426@example.com,Australia,2024-08-12,retail,True
2427,Jennifer Gonzalez,jennifergonzalez_2427@example.com,India,2022-08-12,retail,True
2428,Terry Glover,terryglover_2428@example.com,Singapore,2024-06-06,retail,True
2429,Michael Neal,michaelneal_2429@example.com,Australia,2023-12-03,premium,True
2430,Ms. Erin Lane,mserinlane_2430@example.com,India,2022-08-23,retail,True
2431,Lisa Barnes,lisabarnes_2431@example.com,Canada,2024-08-20,retail,True
2432,Jesse Mccormick,jessemccormick_2432@example.com,Brazil,2022-03-06,premium,True
2433,Daniel Smith,danielsmith_2433@example.com,United States,2024-01-11,retail,False
2434,David Hanson,davidhanson_2434@example.com,Germany,2022-04-21,retail,True
2435,Nicholas Cisneros,nicholascisneros_2435@example.com,Singapore,2023-07-07,retail,True
2436,Patrick Harris,patrickharris_2436@example.com,Canada,2022-05-22,retail,True
2437,William Cox,williamcox_2437@example.com,India,2024-05-09,retail,True
2438,Alvin Wilson,alvinwilson_2438@example.com,France,2023-01-12,business,True
2439,Cory Willis,corywillis_2439@example.com,Singapore,2023-12-02,premium,True
2440,Amanda Johnson,amandajohnson_2440@example.com,Germany,2023-12-17,business,True
2441,Christopher Mcclure,christophermcclure_2441@example.com,Japan,2022-11-26,premium,True
2442,Gina Spencer,ginaspencer_2442@example.com,Brazil,2024-03-07,business,True
2443,Alex Cameron,alexcameron_2443@example.com,Brazil,2023-02-11,retail,True
2444,Alisha Byrd,alishabyrd_2444@example.com,Brazil,2022-10-24,retail,False
2445,Richard Rodriguez,richardrodriguez_2445@example.com,Australia,2022-01-30,retail,True
2446,Elizabeth Allen,elizabethallen_2446@example.com,Canada,2024-10-19,business,True
2447,Mary Pugh,marypugh_2447@example.com,Singapore,2023-06-23,retail,True
2448,Yolanda Keith,yolandakeith_2448@example.com,India,2022-09-15,retail,True
2449,Ana Thomas,anathomas_2449@example.com,Brazil,2022-07-19,retail,True
2450,Rebecca Lee,rebeccalee_2450@example.com,Germany,2024-05-10,retail,True
2451,James Greene,jamesgreene_2451@example.com,Brazil,2024-02-13,retail,True
2452,Dana Williams,danawilliams_2452@example.com,Germany,2022-01-30,retail,True
2453,Chelsea Nichols,chelseanichols_2453@example.com,France,2023-09-21,retail,True
2454,Erin Brown,erinbrown_2454@example.com,India,2024-07-22,retail,True
2455,Shelley York,shelleyyork_2455@example.com,Japan,2024-05-22,retail,True
2456,Stacey Clark,staceyclark_2456@example.com,United Kingdom,2022-12-27,retail,True
2457,John Alvarado,johnalvarado_2457@example.com,Japan,2022-11-30,retail,True
2458,Jordan Potter,jordanpotter_2458@example.com,Singapore,2023-08-04,retail,False
2459,Katrina Jimenez,katrinajimenez_2459@example.com,United Kingdom,2022-06-29,business,True
2460,Frank Brooks,frankbrooks_2460@example.com,United States,2024-04-22,retail,True
2461,Michelle Simpson,michellesimpson_2461@example.com,Brazil,2022-07-24,retail,True
2462,James Morse,jamesmorse_2462@example.com,United States,2023-08-17,business,True
2463,Amanda Robinson,amandarobinson_2463@example.com,India,2024-02-20,retail,True
2464,Scott Foster,scottfoster_2464@example.com,United Kingdom,2023-12-20,premium,False
2465,Stephen Duncan,stephenduncan_2465@example.com,Singapore,2024-03-21,retail,True
2466,Jacqueline Pierce,jacquelinepierce_2466@example.com,Germany,2024-11-05,retail,True
2467,Bradley Wallace,bradleywallace_2467@example.com,France,2023-09-22,business,True
2468,Kevin Marshall,kevinmarshall_2468@example.com,Singapore,2023-05-10,retail,False
2469,Jessica Mcdonald,jessicamcdonald_2469@example.com,United States,2022-02-01,retail,True
2470,Robert Stewart,robertstewart_2470@example.com,Japan,2023-10-13,retail,False
2471,Christopher Hall,christopherhall_2471@example.com,Singapore,2023-05-11,retail,True
2472,Heather Miller,heathermiller_2472@example.com,Brazil,2024-03-16,business,True
2473,Kayla Schneider,kaylaschneider_2473@example.com,Brazil,2024-05-28,retail,True
2474,Tammy Garcia,tammygarcia_2474@example.com,Canada,2024-04-05,business,True
2475,Andrew Gonzalez,andrewgonzalez_2475@example.com,Singapore,2023-04-19,retail,True
2476,Gary Turner,garyturner_2476@example.com,Japan,2022-08-31,retail,True
2477,Melinda Hill,melindahill_2477@example.com,France,2022-11-22,business,True
2478,Yolanda Murillo,yolandamurillo_2478@example.com,United Kingdom,2022-02-22,retail,True
2479,Nancy Gaines,nancygaines_2479@example.com,Brazil,2022-11-10,retail,True
2480,Elijah Short,elijahshort_2480@example.com,United Kingdom,2024-02-23,retail,True
2481,Jennifer Sullivan,jennifersullivan_2481@example.com,India,2024-01-04,retail,True
2482,Mary Kennedy,marykennedy_2482@example.com,Germany,2023-09-01,retail,True
2483,Paige Hernandez,paigehernandez_2483@example.com,Singapore,2023-06-18,retail,True
2484,Darrell Curry,darrellcurry_2484@example.com,Canada,2022-02-17,retail,True
2485,Jose Hartman,josehartman_2485@example.com,United Kingdom,2022-08-16,retail,True
2486,Miranda Murray,mirandamurray_2486@example.com,United Kingdom,2022-10-18,retail,True
2487,Emily Lopez,emilylopez_2487@example.com,United Kingdom,2022-06-08,retail,True
2488,Melissa Clark,melissaclark_2488@example.com,Germany,2024-03-11,retail,True
2489,Justin Brooks,justinbrooks_2489@example.com,Singapore,2022-05-31,retail,True
2490,Bethany Harding,bethanyharding_2490@example.com,Germany,2024-05-09,retail,True
2491,Robert Flowers,robertflowers_2491@example.com,India,2022-11-26,retail,True
2492,Jason Jennings,jasonjennings_2492@example.com,Canada,2022-03-06,retail,True
2493,Richard Medina,richardmedina_2493@example.com,Australia,2024-09-18,premium,True
2494,Alexander Floyd,alexanderfloyd_2494@example.com,United States,2022-11-21,retail,True
2495,Brittany Cisneros,brittanycisneros_2495@example.com,United Kingdom,2023-01-30,retail,True
2496,Mark Morrison,markmorrison_2496@example.com,Japan,2024-11-14,retail,True
2497,Sharon Baird,sharonbaird_2497@example.com,Australia,2022-08-24,business,True
2498,James Ferguson,jamesferguson_2498@example.com,Canada,2023-03-27,retail,True
2499,Brian Hudson,brianhudson_2499@example.com,Canada,2023-07-03,retail,True
2500,Steven Davis,stevendavis_2500@example.com,United Kingdom,2023-12-15,retail,True
2501,Juan Johnson,juanjohnson_2501@example.com,India,2024-10-12,retail,False
2502,Katherine Lopez,katherinelopez_2502@example.com,Germany,2023-05-28,retail,True
2503,Victor Campbell,victorcampbell_2503@example.com,France,2024-03-15,retail,True
2504,Matthew Jones,matthewjones_2504@example.com,Brazil,2023-10-01,retail,True
2505,Joseph Jackson,josephjackson_2505@example.com,India,2024-06-06,business,True
2506,Jennifer Moore,jennifermoore_2506@example.com,France,2023-10-15,retail,True
2507,Joshua Mendoza,joshuamendoza_2507@example.com,Singapore,2023-02-14,retail,True
2508,Troy Glenn,troyglenn_2508@example.com,United Kingdom,2024-07-09,retail,True
2509,Daniel Reynolds,danielreynolds_2509@example.com,Japan,2023-06-03,retail,True
2510,Karen Munoz,karenmunoz_2510@example.com,Japan,2023-12-23,retail,True
2511,Laurie Shaw,laurieshaw_2511@example.com,Australia,2024-05-29,retail,True
2512,Desiree Smith,desireesmith_2512@example.com,United Kingdom,2023-03-17,retail,True
2513,Austin Ross,austinross_2513@example.com,Australia,2022-09-08,retail,True
2514,Kelly Kent,kellykent_2514@example.com,Australia,2023-03-14,retail,True
2515,Julia Johnston,juliajohnston_2515@example.com,Germany,2022-05-16,retail,True
2516,Donna Ibarra,donnaibarra_2516@example.com,Japan,2023-03-22,retail,True
2517,Michael Dawson,michaeldawson_2517@example.com,Brazil,2022-06-03,retail,True
2518,Louis Patrick,louispatrick_2518@example.com,Singapore,2023-10-13,business,True
2519,David Yoder,davidyoder_2519@example.com,United States,2024-10-08,retail,False
2520,Judith Bartlett,judithbartlett_2520@example.com,Singapore,2022-09-02,retail,True
2521,Keith Long,keithlong_2521@example.com,Australia,2024-02-24,retail,True
2522,Cynthia Harrell,cynthiaharrell_2522@example.com,United States,2022-01-10,business,True
2523,Mark Carter,markcarter_2523@example.com,Singapore,2022-03-17,business,False
2524,Melissa Bowen,melissabowen_2524@example.com,United States,2023-11-22,retail,True
2525,Johnny Riddle,johnnyriddle_2525@example.com,United Kingdom,2024-04-30,retail,True
2526,Whitney Jones,whitneyjones_2526@example.com,Australia,2024-03-30,retail,True
2527,Randall Nguyen,randallnguyen_2527@example.com,India,2022-04-07,retail,True
2528,David Hunter,davidhunter_2528@example.com,India,2024-10-07,business,False
2529,Benjamin Neal,benjaminneal_2529@example.com,United Kingdom,2024-02-05,business,True
2530,Jane Reese,janereese_2530@example.com,Germany,2022-04-08,business,True
2531,Jennifer Smith,jennifersmith_2531@example.com,Australia,2024-06-11,retail,True
2532,Thomas Murphy,thomasmurphy_2532@example.com,Australia,2022-01-11,business,True
2533,Kari Jones,karijones_2533@example.com,France,2022-03-30,retail,False
2534,Dana Dodson,danadodson_2534@example.com,United Kingdom,2023-06-25,retail,True
2535,Robert Skinner,robertskinner_2535@example.com,Singapore,2023-07-07,retail,False
2536,Albert Garcia,albertgarcia_2536@example.com,Brazil,2024-08-01,retail,True
2537,Joseph Myers,josephmyers_2537@example.com,Canada,2024-04-26,retail,True
2538,Phillip Byrd,phillipbyrd_2538@example.com,Japan,2024-12-16,retail,True
2539,Hunter Robinson,hunterrobinson_2539@example.com,India,2023-07-29,retail,True
2540,Michael Robinson,michaelrobinson_2540@example.com,Germany,2022-07-08,retail,True
2541,Sara Cain,saracain_2541@example.com,United Kingdom,2023-12-24,retail,True
2542,Michelle Prince,michelleprince_2542@example.com,Germany,2022-06-09,retail,True
2543,Eric Williams,ericwilliams_2543@example.com,Germany,2022-01-27,retail,True
2544,Raymond Wang,raymondwang_2544@example.com,Singapore,2023-01-20,retail,True
2545,Jade Allen,jadeallen_2545@example.com,Brazil,2024-12-16,retail,True
2546,Javier Hays,javierhays_2546@example.com,France,2024-07-18,retail,True
2547,Corey Caldwell,coreycaldwell_2547@example.com,United Kingdom,2022-09-24,retail,True
2548,Stephen Robles,stephenrobles_2548@example.com,India,2024-11-17,retail,True
2549,Carol Jackson,caroljackson_2549@example.com,United Kingdom,2023-07-24,retail,True
2550,Brian Murphy,brianmurphy_2550@example.com,Brazil,2022-07-29,retail,True
2551,Chelsey Clark,chelseyclark_2551@example.com,United Kingdom,2023-05-08,retail,True
2552,Teresa Martinez,teresamartinez_2552@example.com,France,2022-02-28,retail,True
2553,Howard Thompson,howardthompson_2553@example.com,Australia,2023-06-28,retail,True
2554,Eugene Price,eugeneprice_2554@example.com,Australia,2024-06-02,retail,True
2555,Austin Briggs,austinbriggs_2555@example.com,Singapore,2024-11-06,retail,True
2556,Jackie Jones,jackiejones_2556@example.com,Australia,2022-07-20,retail,True
2557,Eric George,ericgeorge_2557@example.com,Singapore,2023-02-02,retail,True
2558,Mrs. Kimberly Mooney,mrskimberlymooney_2558@example.com,Brazil,2023-07-20,retail,True
2559,Carolyn Haley,carolynhaley_2559@example.com,Singapore,2022-08-12,retail,True
2560,Vicki Horton,vickihorton_2560@example.com,United Kingdom,2023-03-26,retail,True
2561,Valerie Benson,valeriebenson_2561@example.com,Brazil,2023-06-30,retail,True
2562,Mark Henson,markhenson_2562@example.com,France,2023-04-09,business,True
2563,Samuel Olson,samuelolson_2563@example.com,Singapore,2024-03-13,retail,True
2564,Lee Richards,leerichards_2564@example.com,France,2024-10-11,retail,True
2565,Martin Hall,martinhall_2565@example.com,Australia,2023-08-13,retail,True
2566,Virginia Hall,virginiahall_2566@example.com,United States,2022-07-13,retail,False
2567,Stephanie Parker,stephanieparker_2567@example.com,Brazil,2024-09-03,retail,True
2568,Nicole Harvey,nicoleharvey_2568@example.com,Germany,2022-12-15,retail,True
2569,James Phillips,jamesphillips_2569@example.com,Canada,2023-11-12,business,True
2570,Dan Johnson,danjohnson_2570@example.com,United States,2024-08-29,retail,True
2571,Linda Bautista,lindabautista_2571@example.com,France,2022-06-07,retail,True
2572,Erin Ramirez,erinramirez_2572@example.com,United States,2023-12-23,premium,True
2573,Paige Meyer,paigemeyer_2573@example.com,India,2023-05-22,retail,True
2574,Maria Roberts,mariaroberts_2574@example.com,United States,2023-08-19,business,True
2575,Ryan Rivera,ryanrivera_2575@example.com,Canada,2022-10-28,retail,True
2576,Joshua Knox,joshuaknox_2576@example.com,Australia,2024-07-15,retail,True
2577,Danielle Mcdaniel,daniellemcdaniel_2577@example.com,Japan,2023-06-12,retail,True
2578,Lisa James,lisajames_2578@example.com,India,2022-01-28,business,True
2579,Jeremy Smith,jeremysmith_2579@example.com,Australia,2024-11-26,retail,True
2580,Andrea Lee,andrealee_2580@example.com,Brazil,2024-09-18,retail,True
2581,Brenda Harris,brendaharris_2581@example.com,United States,2022-10-30,premium,True
2582,Kevin Guerra,kevinguerra_2582@example.com,Canada,2024-01-02,retail,True
2583,Cynthia Miller,cynthiamiller_2583@example.com,Singapore,2024-01-07,retail,True
2584,Emily Griffith,emilygriffith_2584@example.com,Singapore,2022-08-10,premium,True
2585,Christopher Wright,christopherwright_2585@example.com,Japan,2024-07-09,premium,True
2586,Jerome Reid,jeromereid_2586@example.com,Canada,2023-06-28,business,True
2587,Richard Miller,richardmiller_2587@example.com,Australia,2024-03-11,retail,False
2588,Jennifer Jackson,jenniferjackson_2588@example.com,France,2023-09-26,retail,True
2589,Jonathan Moss,jonathanmoss_2589@example.com,Australia,2022-09-09,retail,True
2590,Sally Leon,sallyleon_2590@example.com,Australia,2023-08-14,retail,True
2591,James Dickerson,jamesdickerson_2591@example.com,Canada,2024-08-13,retail,True
2592,Tammy Larson,tammylarson_2592@example.com,France,2022-11-30,retail,True
2593,Nicholas Scott,nicholasscott_2593@example.com,France,2022-02-01,retail,True
2594,Jesse Brooks,jessebrooks_2594@example.com,Brazil,2022-09-10,retail,True
2595,Andrea Taylor,andreataylor_2595@example.com,Singapore,2023-12-23,retail,True
2596,Christopher Lopez,christopherlopez_2596@example.com,France,2022-10-10,retail,True
2597,Jonathan Swanson,jonathanswanson_2597@example.com,Japan,2022-11-14,premium,True
2598,Timothy Bentley DVM,timothybentleydvm_2598@example.com,Canada,2023-02-07,retail,False
2599,John Davidson,johndavidson_2599@example.com,France,2023-03-25,retail,False
2600,Jennifer Williams,jenniferwilliams_2600@example.com,Germany,2024-03-02,retail,False
2601,Janice Cunningham,janicecunningham_2601@example.com,United Kingdom,2023-06-20,business,True
2602,Jeffrey Scott,jeffreyscott_2602@example.com,Canada,2024-06-11,retail,True
2603,Miranda Hicks,mirandahicks_2603@example.com,Brazil,2022-10-13,retail,True
2604,Michael Horton DDS,michaelhortondds_2604@example.com,Canada,2024-05-02,retail,True
2605,Nancy Allen,nancyallen_2605@example.com,United Kingdom,2023-09-01,retail,True
2606,Robert Mccoy,robertmccoy_2606@example.com,Japan,2023-01-11,retail,True
2607,Melissa Brewer,melissabrewer_2607@example.com,Singapore,2022-07-16,retail,True
2608,Jesus Becker,jesusbecker_2608@example.com,Australia,2024-10-28,business,True
2609,Lance Lynn,lancelynn_2609@example.com,India,2023-12-27,retail,True
2610,Alexandria Wise,alexandriawise_2610@example.com,Singapore,2024-08-02,retail,True
2611,Sydney Sanders,sydneysanders_2611@example.com,Singapore,2022-07-01,retail,True
2612,Stephanie Stone,stephaniestone_2612@example.com,France,2023-05-12,retail,True
2613,Jay Gallegos,jaygallegos_2613@example.com,Brazil,2023-08-24,retail,True
2614,Eric Ponce,ericponce_2614@example.com,Canada,2024-04-05,retail,True
2615,Janet Parker,janetparker_2615@example.com,Japan,2024-07-31,business,True
2616,Shawn Luna,shawnluna_2616@example.com,France,2022-08-08,retail,True
2617,Mark Frank,markfrank_2617@example.com,France,2024-09-13,retail,True
2618,Charles Goodman,charlesgoodman_2618@example.com,United Kingdom,2024-11-12,retail,True
2619,Jennifer Parker,jenniferparker_2619@example.com,Germany,2024-11-23,retail,True
2620,Dr. April Jones,drapriljones_2620@example.com,India,2022-10-07,retail,True
2621,Kelly Pena,kellypena_2621@example.com,Canada,2023-09-09,retail,True
2622,Carolyn Brooks,carolynbrooks_2622@example.com,United States,2024-09-20,retail,True
2623,Christina White,christinawhite_2623@example.com,United Kingdom,2022-01-01,retail,True
2624,Joanne Olsen,joanneolsen_2624@example.com,Japan,2022-07-18,retail,True
2625,Anthony White,anthonywhite_2625@example.com,United States,2024-11-01,retail,True
2626,Deanna Barrera,deannabarrera_2626@example.com,United Kingdom,2023-09-07,retail,False
2627,Mark Weber,markweber_2627@example.com,Germany,2023-06-18,business,True
2628,Carol Carter,carolcarter_2628@example.com,Brazil,2022-09-10,retail,True
2629,Donald Peterson,donaldpeterson_2629@example.com,Canada,2022-10-18,business,True
2630,Karen Chambers,karenchambers_2630@example.com,Canada,2024-11-13,retail,True
2631,Antonio Walton,antoniowalton_2631@example.com,India,2024-09-10,retail,True
2632,Kevin Huerta,kevinhuerta_2632@example.com,Brazil,2024-10-06,retail,True
2633,Joseph Smith,josephsmith_2633@example.com,Singapore,2022-08-08,retail,True
2634,Victoria Juarez,victoriajuarez_2634@example.com,Canada,2022-02-27,retail,True
2635,Kara Rogers,kararogers_2635@example.com,Singapore,2022-01-23,retail,True
2636,Jacob Wu,jacobwu_2636@example.com,Brazil,2024-06-29,retail,False
2637,Dr. Teresa Ortega MD,drteresaortegamd_2637@example.com,Canada,2024-08-16,business,True
2638,Henry Rivera,henryrivera_2638@example.com,United States,2022-11-21,retail,True
2639,Jesus Hale,jesushale_2639@example.com,Japan,2023-03-08,retail,True
2640,Stacy Taylor,stacytaylor_2640@example.com,Singapore,2024-11-16,retail,True
2641,Sheila Ramirez,sheilaramirez_2641@example.com,Australia,2023-11-26,retail,True
2642,Robin Richardson,robinrichardson_2642@example.com,Canada,2023-07-25,retail,True
2643,Mary Alvarez,maryalvarez_2643@example.com,Singapore,2022-05-20,business,True
2644,Cole Andersen,coleandersen_2644@example.com,Singapore,2024-08-24,retail,True
2645,Robin Smith,robinsmith_2645@example.com,Japan,2024-12-12,retail,True
2646,Angel Aguirre,angelaguirre_2646@example.com,Brazil,2023-12-14,retail,True
2647,Jeremy Lawson,jeremylawson_2647@example.com,United Kingdom,2022-04-03,retail,True
2648,Lonnie Miller,lonniemiller_2648@example.com,Germany,2022-07-17,retail,True
2649,Timothy Galvan,timothygalvan_2649@example.com,India,2023-10-25,retail,False
2650,Dr. Susan Navarro,drsusannavarro_2650@example.com,Germany,2022-08-04,business,True
2651,Cory Thomas,corythomas_2651@example.com,Singapore,2024-05-10,business,True
2652,Laura Vincent,lauravincent_2652@example.com,France,2022-08-23,retail,True
2653,Bethany Robles,bethanyrobles_2653@example.com,India,2024-02-06,retail,True
2654,Michael Dunn,michaeldunn_2654@example.com,Canada,2023-10-20,retail,True
2655,Carol Griffin,carolgriffin_2655@example.com,Canada,2023-02-14,retail,True
2656,Matthew Allen,matthewallen_2656@example.com,France,2023-04-07,retail,True
2657,Paul Keller,paulkeller_2657@example.com,Japan,2023-01-29,retail,True
2658,Jeffrey Baldwin,jeffreybaldwin_2658@example.com,United Kingdom,2023-02-21,retail,True
2659,Timothy Orr,timothyorr_2659@example.com,United States,2024-01-07,retail,True
2660,Connie Scott,conniescott_2660@example.com,United Kingdom,2023-11-29,retail,True
2661,Steven Martinez,stevenmartinez_2661@example.com,Japan,2024-10-13,retail,True
2662,Joseph Swanson,josephswanson_2662@example.com,India,2024-10-22,retail,True
2663,Michael Wiggins,michaelwiggins_2663@example.com,Japan,2022-10-10,business,True
2664,Pamela Burke,pamelaburke_2664@example.com,Singapore,2022-05-26,retail,True
2665,Jamie Love,jamielove_2665@example.com,Japan,2023-09-03,retail,True
2666,Jane May,janemay_2666@example.com,United States,2023-11-09,retail,True
2667,Savannah Stokes,savannahstokes_2667@example.com,France,2023-05-30,retail,True
2668,Brian Miller,brianmiller_2668@example.com,Canada,2023-08-13,retail,True
2669,Patrick Pineda,patrickpineda_2669@example.com,Japan,2024-10-21,retail,True
2670,Audrey Richardson,audreyrichardson_2670@example.com,Japan,2022-08-16,retail,False
2671,Tiffany Ray,tiffanyray_2671@example.com,France,2022-03-03,retail,True
2672,Antonio Nichols,antonionichols_2672@example.com,Germany,2023-11-17,business,True
2673,Veronica Flores,veronicaflores_2673@example.com,Germany,2023-11-07,business,True
2674,Michael Hogan,michaelhogan_2674@example.com,United States,2023-04-28,retail,True
2675,Lindsay Walker,lindsaywalker_2675@example.com,Brazil,2022-03-14,retail,True
2676,Joshua Murray,joshuamurray_2676@example.com,Singapore,2022-06-15,business,True
2677,Tommy Hood,tommyhood_2677@example.com,Canada,2023-07-09,retail,True
2678,Mr. Kyle Thomas DDS,mrkylethomasdds_2678@example.com,India,2024-11-05,retail,True
2679,Michele George,michelegeorge_2679@example.com,India,2023-09-14,retail,True
2680,William Martinez,williammartinez_2680@example.com,Germany,2022-02-13,business,True
2681,Michelle Mendoza DVM,michellemendozadvm_2681@example.com,Germany,2024-12-30,retail,True
2682,Michael Bennett DVM,michaelbennettdvm_2682@example.com,United States,2024-09-14,retail,True
2683,Ronald Clark,ronaldclark_2683@example.com,Canada,2024-05-30,retail,True
2684,Rita Graves,ritagraves_2684@example.com,United Kingdom,2024-06-15,retail,True
2685,Sean White,seanwhite_2685@example.com,Australia,2023-12-22,retail,True
2686,Mr. William Hopkins,mrwilliamhopkins_2686@example.com,United States,2023-05-03,retail,True
2687,Wendy Kelley,wendykelley_2687@example.com,Germany,2024-04-25,retail,True
2688,Michael Mooney,michaelmooney_2688@example.com,Japan,2022-04-04,premium,True
2689,Jeanne Rose,jeannerose_2689@example.com,Germany,2022-04-27,retail,True
2690,Michael Lee,michaellee_2690@example.com,Canada,2023-08-02,retail,True
2691,Jennifer Anderson,jenniferanderson_2691@example.com,Germany,2023-08-22,retail,True
2692,Lauren Trujillo,laurentrujillo_2692@example.com,United Kingdom,2022-06-07,retail,False
2693,Michelle Ellis,michelleellis_2693@example.com,Germany,2024-10-10,retail,True
2694,Chad Dominguez,chaddominguez_2694@example.com,Germany,2024-06-27,retail,False
2695,Charles Robinson,charlesrobinson_2695@example.com,Japan,2023-08-23,business,True
2696,Nancy Smith,nancysmith_2696@example.com,France,2023-10-16,retail,True
2697,Laura Gregory,lauragregory_2697@example.com,United States,2023-12-11,business,True
2698,Brittany Clements MD,brittanyclementsmd_2698@example.com,Brazil,2024-09-22,retail,True
2699,Tammy Davis,tammydavis_2699@example.com,Canada,2024-12-02,retail,True
2700,Catherine Williams,catherinewilliams_2700@example.com,Germany,2022-09-09,retail,True
2701,Miss Leslie Booker,misslesliebooker_2701@example.com,Canada,2022-03-15,premium,True
2702,Jennifer Johnson,jenniferjohnson_2702@example.com,India,2022-08-22,retail,True
2703,John Watts,johnwatts_2703@example.com,France,2023-07-24,retail,True
2704,Marissa Bennett,marissabennett_2704@example.com,United Kingdom,2022-05-03,retail,True
2705,Rebecca Barrett,rebeccabarrett_2705@example.com,India,2022-02-08,business,True
2706,Sharon Santos,sharonsantos_2706@example.com,United States,2023-04-05,retail,True
2707,Matthew Richardson,matthewrichardson_2707@example.com,Singapore,2024-12-26,retail,True
2708,Bradley Burns,bradleyburns_2708@example.com,Japan,2023-12-14,business,False
2709,Katrina Johnson,katrinajohnson_2709@example.com,Australia,2023-06-22,business,True
2710,Laura Hill,laurahill_2710@example.com,United States,2023-11-30,retail,True
2711,Rebecca White,rebeccawhite_2711@example.com,Singapore,2022-04-27,business,True
2712,Mr. Jeffrey Duncan,mrjeffreyduncan_2712@example.com,France,2024-12-31,retail,True
2713,Arthur Stout,arthurstout_2713@example.com,Brazil,2024-11-28,retail,False
2714,Cathy Hess,cathyhess_2714@example.com,India,2023-05-03,retail,True
2715,Justin Herrera,justinherrera_2715@example.com,France,2022-06-25,premium,True
2716,Katherine Stone,katherinestone_2716@example.com,France,2023-11-23,retail,True
2717,Michelle Tyler,michelletyler_2717@example.com,France,2024-01-11,retail,True
2718,Paul Sheppard,paulsheppard_2718@example.com,Brazil,2022-01-26,retail,True
2719,Catherine George,catherinegeorge_2719@example.com,Australia,2023-06-26,business,True
2720,Justin Mcbride,justinmcbride_2720@example.com,United States,2024-06-19,retail,True
2721,Carl Harris,carlharris_2721@example.com,Australia,2024-09-10,retail,True
2722,Justin York,justinyork_2722@example.com,Singapore,2022-04-30,retail,True
2723,William Hunter,williamhunter_2723@example.com,Brazil,2023-10-06,premium,True
2724,Joshua Henderson,joshuahenderson_2724@example.com,France,2023-07-20,retail,True
2725,April Turner,aprilturner_2725@example.com,Germany,2022-12-24,retail,True
2726,Kelly Patton,kellypatton_2726@example.com,United States,2023-04-22,retail,True
2727,Jill Ray,jillray_2727@example.com,Japan,2024-06-20,retail,True
2728,Kelly Andersen,kellyandersen_2728@example.com,Germany,2022-05-05,premium,False
2729,Joshua Clark,joshuaclark_2729@example.com,France,2022-02-03,retail,True
2730,Robert Young,robertyoung_2730@example.com,Australia,2022-04-02,retail,True
2731,Elijah Wall,elijahwall_2731@example.com,United Kingdom,2024-11-04,retail,True
2732,Lindsey Robinson,lindseyrobinson_2732@example.com,Germany,2023-02-22,retail,True
2733,Carl Dean,carldean_2733@example.com,Singapore,2022-05-27,retail,True
2734,David James,davidjames_2734@example.com,Canada,2022-02-20,retail,True
2735,Jennifer Miller,jennifermiller_2735@example.com,Australia,2024-04-15,business,True
2736,Jeffery Neal,jefferyneal_2736@example.com,France,2022-03-05,retail,True
2737,Andrea Oconnor,andreaoconnor_2737@example.com,Canada,2022-02-22,retail,True
2738,Melissa Lee MD,melissaleemd_2738@example.com,Australia,2024-11-12,retail,True
2739,Samantha Jacobs,samanthajacobs_2739@example.com,Brazil,2023-12-06,business,True
2740,Christian Riddle,christianriddle_2740@example.com,Brazil,2022-03-08,retail,True
2741,Alexander Munoz,alexandermunoz_2741@example.com,United Kingdom,2022-06-08,premium,False
2742,Caleb Rodriguez,calebrodriguez_2742@example.com,Brazil,2024-10-28,premium,True
2743,Andrea Bowman,andreabowman_2743@example.com,Singapore,2022-09-06,business,True
2744,Gavin Nelson,gavinnelson_2744@example.com,United States,2024-08-25,retail,True
2745,Courtney Smith,courtneysmith_2745@example.com,Australia,2023-07-06,retail,True
2746,Wayne Gray,waynegray_2746@example.com,Germany,2023-11-05,retail,True
2747,Timothy Thompson,timothythompson_2747@example.com,Australia,2023-04-18,retail,True
2748,Elizabeth Nicholson,elizabethnicholson_2748@example.com,United Kingdom,2023-05-09,retail,False
2749,Joseph Graves PhD,josephgravesphd_2749@example.com,Singapore,2024-01-12,retail,True
2750,Lisa Mosley,lisamosley_2750@example.com,United Kingdom,2024-01-12,retail,True
2751,Travis Price,travisprice_2751@example.com,India,2024-05-07,retail,True
2752,Patrick Faulkner,patrickfaulkner_2752@example.com,Canada,2023-05-17,retail,True
2753,Linda Atkinson,lindaatkinson_2753@example.com,Brazil,2022-10-10,retail,True
2754,Cameron Smith,cameronsmith_2754@example.com,Australia,2023-10-05,retail,True
2755,Brittney Martinez,brittneymartinez_2755@example.com,Japan,2022-10-31,retail,True
2756,Nicolas Brown,nicolasbrown_2756@example.com,Germany,2023-01-04,business,True
2757,Vanessa Zimmerman,vanessazimmerman_2757@example.com,United Kingdom,2024-05-07,retail,True
2758,Lee Mann,leemann_2758@example.com,India,2022-07-26,retail,True
2759,William Lindsey,williamlindsey_2759@example.com,Singapore,2022-02-19,retail,False
2760,Desiree Patterson,desireepatterson_2760@example.com,Canada,2024-11-20,business,False
2761,Sierra Cervantes,sierracervantes_2761@example.com,Singapore,2023-12-27,retail,True
2762,Scott Meza,scottmeza_2762@example.com,Germany,2023-08-24,retail,True
2763,Erik Davis,erikdavis_2763@example.com,Australia,2022-08-09,premium,True
2764,Nicholas Duffy,nicholasduffy_2764@example.com,Australia,2024-07-08,business,True
2765,Anthony Paul,anthonypaul_2765@example.com,Singapore,2023-08-16,retail,True
2766,Katherine Baxter,katherinebaxter_2766@example.com,Canada,2024-11-09,retail,True
2767,Jessica Romero,jessicaromero_2767@example.com,Brazil,2024-01-28,retail,True
2768,Karen Robertson,karenrobertson_2768@example.com,Australia,2024-06-17,retail,True
2769,Dr. Melissa Sullivan DDS,drmelissasullivandds_2769@example.com,France,2022-07-18,retail,True
2770,Nichole Klein,nicholeklein_2770@example.com,United States,2024-11-26,business,True
2771,Nicole Sanchez,nicolesanchez_2771@example.com,Singapore,2023-08-08,retail,True
2772,Tiffany Morrow,tiffanymorrow_2772@example.com,Canada,2022-10-21,retail,False
2773,Kelsey Lynch,kelseylynch_2773@example.com,Germany,2024-05-31,retail,True
2774,Traci Craig,tracicraig_2774@example.com,Brazil,2023-10-06,retail,True
2775,Kelly Walker,kellywalker_2775@example.com,United Kingdom,2023-08-13,retail,True
2776,Ryan Palmer,ryanpalmer_2776@example.com,Canada,2023-08-14,business,True
2777,Jenny Gray,jennygray_2777@example.com,Brazil,2022-08-06,business,True
2778,Brian Sloan,briansloan_2778@example.com,Canada,2022-07-16,retail,True
2779,Joshua Miranda,joshuamiranda_2779@example.com,Canada,2022-02-26,retail,True
2780,Edwin Carter,edwincarter_2780@example.com,Japan,2023-02-04,retail,True
2781,Oscar Carroll,oscarcarroll_2781@example.com,United States,2024-01-27,retail,False
2782,Eric Fitzpatrick,ericfitzpatrick_2782@example.com,Brazil,2024-05-23,retail,True
2783,Samantha Johnson,samanthajohnson_2783@example.com,India,2023-08-28,business,True
2784,Luke Freeman,lukefreeman_2784@example.com,United Kingdom,2024-06-29,business,True
2785,Luis Murphy,luismurphy_2785@example.com,United Kingdom,2022-10-08,premium,True
2786,Aaron Zamora,aaronzamora_2786@example.com,United Kingdom,2023-12-26,business,True
2787,Henry Garcia,henrygarcia_2787@example.com,Germany,2022-06-02,retail,True
2788,Bradley Robertson Jr.,bradleyrobertsonjr_2788@example.com,France,2024-07-17,retail,True
2789,John Moore,johnmoore_2789@example.com,United Kingdom,2023-10-07,business,True
2790,Courtney Foster,courtneyfoster_2790@example.com,United Kingdom,2024-12-03,retail,True
2791,Jeffrey White,jeffreywhite_2791@example.com,United States,2022-01-17,retail,True
2792,Ashley Gonzales,ashleygonzales_2792@example.com,Germany,2023-02-05,retail,True
2793,Candice Gomez,candicegomez_2793@example.com,Canada,2024-10-14,retail,True
2794,Ian Harrell,ianharrell_2794@example.com,United Kingdom,2024-11-23,business,True
2795,Colton Williams,coltonwilliams_2795@example.com,United States,2024-06-08,retail,True
2796,Patrick Santana,patricksantana_2796@example.com,Germany,2022-12-31,retail,True
2797,Cristian Mendoza,cristianmendoza_2797@example.com,Brazil,2024-02-18,retail,True
2798,Deborah Fisher,deborahfisher_2798@example.com,Australia,2024-09-18,retail,False
2799,Rebecca Klein,rebeccaklein_2799@example.com,France,2023-04-20,business,True
2800,Phillip Macias,phillipmacias_2800@example.com,India,2024-03-14,retail,True
2801,Tammy Cameron,tammycameron_2801@example.com,France,2022-07-17,retail,False
2802,Brian Rodriguez,brianrodriguez_2802@example.com,France,2024-05-09,premium,True
2803,Christopher Porter,christopherporter_2803@example.com,Singapore,2022-08-26,retail,False
2804,Cynthia Gregory,cynthiagregory_2804@example.com,United Kingdom,2023-12-13,retail,True
2805,William Mclaughlin,williammclaughlin_2805@example.com,India,2024-09-28,retail,True
2806,Dylan Tucker,dylantucker_2806@example.com,United States,2023-08-19,retail,True
2807,Danielle Hernandez,daniellehernandez_2807@example.com,Singapore,2022-05-05,retail,True
2808,Danielle Wang,daniellewang_2808@example.com,Australia,2024-04-22,retail,True
2809,Wendy Wright,wendywright_2809@example.com,Singapore,2023-06-18,business,True
2810,Christina Mccarthy,christinamccarthy_2810@example.com,Germany,2023-11-27,retail,True
2811,Meredith Shaw,meredithshaw_2811@example.com,India,2024-04-19,retail,True
2812,Willie Garza,williegarza_2812@example.com,Japan,2023-02-27,retail,True
2813,Crystal Anderson,crystalanderson_2813@example.com,Brazil,2023-11-07,retail,True
2814,William Hickman,williamhickman_2814@example.com,United States,2024-02-16,retail,True
2815,Luis Davis,luisdavis_2815@example.com,Australia,2022-05-10,retail,True
2816,Jason Torres,jasontorres_2816@example.com,Australia,2023-02-11,premium,True
2817,Crystal Rogers,crystalrogers_2817@example.com,Singapore,2023-04-15,retail,True
2818,Jordan Schneider,jordanschneider_2818@example.com,Australia,2023-11-10,retail,True
2819,Derrick Ramirez,derrickramirez_2819@example.com,Germany,2022-01-28,retail,True
2820,Jason Flores,jasonflores_2820@example.com,Japan,2022-07-29,retail,True
2821,Andrew Williams,andrewwilliams_2821@example.com,United States,2022-11-18,retail,True
2822,Christy Kennedy,christykennedy_2822@example.com,Germany,2022-03-11,retail,True
2823,Ashlee Lopez,ashleelopez_2823@example.com,Singapore,2024-03-31,retail,True
2824,Heidi Torres,heiditorres_2824@example.com,France,2022-06-23,retail,True
2825,Adam Arnold,adamarnold_2825@example.com,Singapore,2022-02-11,retail,True
2826,Erin Figueroa,erinfigueroa_2826@example.com,Brazil,2022-11-07,retail,True
2827,Richard Rice,richardrice_2827@example.com,Singapore,2023-02-02,business,True
2828,Matthew Clark,matthewclark_2828@example.com,Australia,2024-05-20,retail,True
2829,Stephen Anderson,stephenanderson_2829@example.com,France,2024-07-28,retail,True
2830,Barbara Willis,barbarawillis_2830@example.com,Brazil,2024-08-23,retail,True
2831,Martha Lee,marthalee_2831@example.com,Germany,2024-04-12,retail,True
2832,Tammy Jones,tammyjones_2832@example.com,Japan,2024-11-03,retail,True
2833,Grace Swanson,graceswanson_2833@example.com,India,2024-03-17,premium,True
2834,Christina Le MD,christinalemd_2834@example.com,United Kingdom,2024-07-15,retail,False
2835,Joshua King,joshuaking_2835@example.com,Singapore,2023-04-21,retail,True
2836,Sarah Meadows,sarahmeadows_2836@example.com,United Kingdom,2023-09-29,retail,True
2837,Stephanie West,stephaniewest_2837@example.com,United Kingdom,2022-07-15,retail,True
2838,Susan Jones,susanjones_2838@example.com,India,2023-05-27,retail,True
2839,Timothy Gordon,timothygordon_2839@example.com,India,2024-12-07,retail,True
2840,Kyle Horton,kylehorton_2840@example.com,Germany,2022-05-01,retail,True
2841,Angel Knight,angelknight_2841@example.com,France,2023-11-23,business,True
2842,Melissa Yang,melissayang_2842@example.com,Brazil,2024-04-12,business,True
2843,Michael Berg,michaelberg_2843@example.com,Germany,2024-09-27,retail,True
2844,Carol Christensen,carolchristensen_2844@example.com,Germany,2023-10-22,retail,True
2845,Richard Morales,richardmorales_2845@example.com,Japan,2022-06-16,business,True
2846,Clinton Moore,clintonmoore_2846@example.com,United Kingdom,2024-02-09,retail,True
2847,Michael Suarez,michaelsuarez_2847@example.com,Japan,2022-09-06,retail,True
2848,Joy Zimmerman,joyzimmerman_2848@example.com,United Kingdom,2022-03-21,business,True
2849,Elizabeth Robinson,elizabethrobinson_2849@example.com,Japan,2024-09-24,retail,True
2850,Kristen Jackson,kristenjackson_2850@example.com,Singapore,2024-03-28,retail,True
2851,David Williams,davidwilliams_2851@example.com,France,2023-07-10,retail,True
2852,Stephen Ho,stephenho_2852@example.com,Australia,2022-12-06,retail,True
2853,Richard Day,richardday_2853@example.com,Germany,2024-01-31,retail,True
2854,Rodney Nichols,rodneynichols_2854@example.com,India,2023-03-08,business,False
2855,Gregory Jacobs,gregoryjacobs_2855@example.com,Canada,2022-12-03,retail,True
2856,Bradley Thornton,bradleythornton_2856@example.com,United States,2023-10-13,retail,True
2857,Miranda Ortiz,mirandaortiz_2857@example.com,United Kingdom,2022-01-12,retail,True
2858,Erika Brown,erikabrown_2858@example.com,United Kingdom,2024-07-28,retail,True
2859,Samantha Robinson,samantharobinson_2859@example.com,India,2022-11-17,retail,True
2860,Cassandra Bonilla,cassandrabonilla_2860@example.com,Germany,2023-12-08,retail,False
2861,Veronica Osborne,veronicaosborne_2861@example.com,France,2023-08-06,business,True
2862,Ashley Reese,ashleyreese_2862@example.com,Brazil,2023-09-19,retail,True
2863,Matthew Berg,matthewberg_2863@example.com,France,2023-02-19,retail,True
2864,Kristen Montoya,kristenmontoya_2864@example.com,Germany,2023-07-28,retail,True
2865,Derrick Perkins,derrickperkins_2865@example.com,Canada,2024-12-05,retail,True
2866,Nicole Moore,nicolemoore_2866@example.com,Australia,2023-07-22,premium,True
2867,Nicholas Richardson,nicholasrichardson_2867@example.com,Brazil,2024-08-27,retail,True
2868,Anna White,annawhite_2868@example.com,Germany,2023-03-20,retail,True
2869,Scott Lopez,scottlopez_2869@example.com,Canada,2022-10-21,retail,True
2870,Nicholas Holland Jr.,nicholashollandjr_2870@example.com,Australia,2022-06-09,business,True
2871,Christopher Long,christopherlong_2871@example.com,Japan,2024-06-19,retail,True
2872,Andrea Jones,andreajones_2872@example.com,France,2024-10-21,retail,True
2873,Terry Waller,terrywaller_2873@example.com,Singapore,2024-02-12,retail,True
2874,Joseph Acosta,josephacosta_2874@example.com,Australia,2023-10-01,business,True
2875,Lindsey Gray,lindseygray_2875@example.com,United Kingdom,2023-03-15,premium,False
2876,Ronald Hines,ronaldhines_2876@example.com,France,2022-10-20,business,True
2877,Amanda Wright,amandawright_2877@example.com,India,2023-05-29,retail,True
2878,Charles Burton,charlesburton_2878@example.com,Singapore,2023-12-15,retail,True
2879,Vincent Rosario,vincentrosario_2879@example.com,India,2023-12-10,retail,True
2880,Noah Morgan,noahmorgan_2880@example.com,Japan,2023-01-27,retail,True
2881,Christina Castillo,christinacastillo_2881@example.com,United States,2023-02-06,retail,True
2882,Jill Martin,jillmartin_2882@example.com,United States,2023-09-28,retail,False
2883,Christopher Brown,christopherbrown_2883@example.com,France,2024-10-26,business,True
2884,Lori Martinez,lorimartinez_2884@example.com,United States,2023-07-18,retail,True
2885,Ashley Phillips,ashleyphillips_2885@example.com,France,2023-07-16,retail,False
2886,Sara Thomas,sarathomas_2886@example.com,United States,2024-08-22,premium,True
2887,Allison Simmons,allisonsimmons_2887@example.com,India,2022-12-22,retail,True
2888,Matthew Perez,matthewperez_2888@example.com,Japan,2022-08-01,retail,True
2889,Janice Henson,janicehenson_2889@example.com,Canada,2022-12-29,business,True
2890,Ashley Jackson,ashleyjackson_2890@example.com,Singapore,2022-09-02,retail,True
2891,Brian Sosa,briansosa_2891@example.com,United States,2023-10-06,retail,True
2892,Luis Wilson,luiswilson_2892@example.com,Germany,2022-02-04,retail,True
2893,Tamara Huang,tamarahuang_2893@example.com,Australia,2022-12-13,business,True
2894,Cassandra Moreno,cassandramoreno_2894@example.com,Australia,2024-11-23,retail,True
2895,Meghan Hernandez,meghanhernandez_2895@example.com,Singapore,2022-05-06,retail,True
2896,Elizabeth Roth,elizabethroth_2896@example.com,Japan,2022-10-30,retail,True
2897,Brian Hendricks,brianhendricks_2897@example.com,India,2022-04-02,retail,True
2898,Tasha Cochran,tashacochran_2898@example.com,Japan,2024-04-18,retail,True
2899,Angela Smith,angelasmith_2899@example.com,United States,2023-09-30,retail,True
2900,Brittany Rios,brittanyrios_2900@example.com,Australia,2024-08-12,retail,True
2901,James Griffith,jamesgriffith_2901@example.com,Brazil,2024-08-06,retail,False
2902,Karen Jones,karenjones_2902@example.com,Canada,2022-06-26,retail,True
2903,Tina Ramirez,tinaramirez_2903@example.com,United States,2022-12-13,retail,True
2904,Zachary White,zacharywhite_2904@example.com,Australia,2024-07-31,retail,True
2905,Francisco Coleman,franciscocoleman_2905@example.com,Germany,2023-09-23,business,True
2906,Jennifer Leon,jenniferleon_2906@example.com,Germany,2022-09-29,retail,True
2907,Robert Valdez,robertvaldez_2907@example.com,France,2022-12-31,retail,True
2908,Jason Crawford,jasoncrawford_2908@example.com,Singapore,2023-04-08,business,True
2909,Kim Underwood,kimunderwood_2909@example.com,Germany,2022-12-29,premium,True
2910,Kevin Fisher,kevinfisher_2910@example.com,India,2023-06-26,retail,True
2911,Melissa Goodman,melissagoodman_2911@example.com,Australia,2023-12-16,retail,True
2912,Cynthia Smith,cynthiasmith_2912@example.com,Canada,2022-03-17,business,True
2913,Alicia Grant DVM,aliciagrantdvm_2913@example.com,Canada,2023-03-08,premium,True
2914,Amy Bailey,amybailey_2914@example.com,France,2023-03-01,retail,False
2915,Sharon Fuentes,sharonfuentes_2915@example.com,Japan,2023-07-05,retail,True
2916,Charles Castaneda,charlescastaneda_2916@example.com,France,2023-03-23,retail,True
2917,Susan Sanchez,susansanchez_2917@example.com,United Kingdom,2024-11-24,retail,True
2918,Amy Taylor,amytaylor_2918@example.com,Canada,2024-08-14,retail,True
2919,Michele Bennett,michelebennett_2919@example.com,Singapore,2022-03-11,retail,True
2920,Vincent Watson,vincentwatson_2920@example.com,Australia,2022-01-17,retail,True
2921,Mary Jones,maryjones_2921@example.com,Australia,2022-07-25,retail,True
2922,Sheila Johnson,sheilajohnson_2922@example.com,Canada,2024-08-14,retail,True
2923,Bob Jones,bobjones_2923@example.com,India,2024-07-23,retail,True
2924,Robin Hernandez,robinhernandez_2924@example.com,Singapore,2024-08-27,business,True
2925,Patrick Adkins,patrickadkins_2925@example.com,Australia,2023-11-23,retail,True
2926,Elizabeth Jenkins,elizabethjenkins_2926@example.com,United States,2023-04-25,retail,False
2927,Richard Dominguez,richarddominguez_2927@example.com,Japan,2022-08-09,retail,True
2928,Christopher Ibarra,christopheribarra_2928@example.com,Brazil,2024-03-31,retail,True
2929,Paul Gordon,paulgordon_2929@example.com,Canada,2023-09-08,business,False
2930,Ronnie Frazier,ronniefrazier_2930@example.com,Japan,2023-02-11,premium,True
2931,Kristen Gallegos,kristengallegos_2931@example.com,Canada,2022-09-24,retail,True
2932,Kathryn Fletcher,kathrynfletcher_2932@example.com,United States,2022-07-05,retail,True
2933,Christopher Dudley,christopherdudley_2933@example.com,Australia,2024-07-28,retail,True
2934,Vanessa Martinez,vanessamartinez_2934@example.com,Canada,2023-02-15,business,True
2935,Manuel Robinson,manuelrobinson_2935@example.com,United Kingdom,2023-01-14,retail,True
2936,Paul Hansen,paulhansen_2936@example.com,United Kingdom,2023-05-17,retail,True
2937,Rose Mcdonald,rosemcdonald_2937@example.com,Australia,2022-01-11,retail,True
2938,Martin Wilcox,martinwilcox_2938@example.com,India,2024-03-18,retail,False
2939,Robert Lucas,robertlucas_2939@example.com,Singapore,2024-08-07,retail,True
2940,Brian Miller,brianmiller_2940@example.com,United Kingdom,2024-03-04,retail,True
2941,Sarah Johnson,sarahjohnson_2941@example.com,Canada,2024-03-29,retail,True
2942,Joshua Jones,joshuajones_2942@example.com,Singapore,2024-03-17,retail,True
2943,Nicole Parker,nicoleparker_2943@example.com,Brazil,2022-02-25,retail,True
2944,Margaret Johnson,margaretjohnson_2944@example.com,Germany,2024-01-26,retail,True
2945,William Cunningham,williamcunningham_2945@example.com,United States,2024-03-26,business,True
2946,Rachel Williams,rachelwilliams_2946@example.com,Canada,2024-10-20,retail,True
2947,Tony Smith,tonysmith_2947@example.com,Singapore,2022-07-10,retail,True
2948,Douglas Sanders,douglassanders_2948@example.com,Singapore,2022-11-05,retail,True
2949,Paul Swanson,paulswanson_2949@example.com,India,2022-03-13,retail,False
2950,Michele Davis,micheledavis_2950@example.com,Canada,2022-12-01,retail,True
2951,Patrick Garcia,patrickgarcia_2951@example.com,United Kingdom,2024-08-10,business,True
2952,Brittany Matthews,brittanymatthews_2952@example.com,United Kingdom,2024-04-08,business,True
2953,Kevin Christian,kevinchristian_2953@example.com,Australia,2022-09-21,retail,True
2954,Christian Ford,christianford_2954@example.com,India,2022-01-24,retail,False
2955,Anna Higgins,annahiggins_2955@example.com,Singapore,2024-05-15,retail,True
2956,Rhonda Pena,rhondapena_2956@example.com,France,2022-08-26,retail,True
2957,Candace Stuart,candacestuart_2957@example.com,India,2024-10-25,retail,True
2958,Monica Curtis,monicacurtis_2958@example.com,Australia,2024-12-31,premium,True
2959,Gloria Floyd,gloriafloyd_2959@example.com,Canada,2024-05-18,retail,True
2960,Isaac Chase,isaacchase_2960@example.com,United Kingdom,2022-11-04,retail,False
2961,Steven Schroeder,stevenschroeder_2961@example.com,Brazil,2023-06-13,retail,True
2962,Daniel Bishop,danielbishop_2962@example.com,India,2024-06-09,retail,True
2963,Christian Burton,christianburton_2963@example.com,United Kingdom,2024-09-29,retail,True
2964,Robert Thomas PhD,robertthomasphd_2964@example.com,Brazil,2024-01-27,retail,True
2965,Tracy Harrington,tracyharrington_2965@example.com,France,2022-02-18,retail,True
2966,Brandon Edwards,brandonedwards_2966@example.com,Australia,2024-05-04,retail,True
2967,Candice Ramirez,candiceramirez_2967@example.com,United States,2022-08-17,retail,True
2968,Brandon White,brandonwhite_2968@example.com,Singapore,2023-05-25,retail,True
2969,Deanna Kennedy,deannakennedy_2969@example.com,Canada,2022-10-24,retail,True
2970,Shawn Santos,shawnsantos_2970@example.com,France,2023-12-09,premium,True
2971,Caleb Carroll,calebcarroll_2971@example.com,Germany,2024-12-08,retail,True
2972,Scott Morales,scottmorales_2972@example.com,Australia,2024-02-03,retail,True
2973,Sylvia Anderson,sylviaanderson_2973@example.com,United Kingdom,2024-02-22,retail,True
2974,Ryan Crane,ryancrane_2974@example.com,Australia,2023-09-11,retail,True
2975,Michael Hunter,michaelhunter_2975@example.com,France,2022-06-12,business,True
2976,Shawn Fleming,shawnfleming_2976@example.com,United Kingdom,2023-01-28,retail,False
2977,Maria Figueroa,mariafigueroa_2977@example.com,Brazil,2024-11-18,retail,True
2978,Roberto Smith,robertosmith_2978@example.com,United States,2024-02-06,retail,True
2979,Donna Moore,donnamoore_2979@example.com,Singapore,2023-07-17,retail,True
2980,Benjamin Price,benjaminprice_2980@example.com,France,2024-10-24,retail,True
2981,Brandon Owens,brandonowens_2981@example.com,Canada,2023-08-07,retail,True
2982,Stephanie Marshall,stephaniemarshall_2982@example.com,United States,2024-04-28,retail,True
2983,Nicholas Lowery,nicholaslowery_2983@example.com,India,2023-10-14,retail,True
2984,Patricia Gonzalez,patriciagonzalez_2984@example.com,Australia,2023-03-29,retail,True
2985,Evan Davies,evandavies_2985@example.com,Brazil,2024-08-01,retail,True
2986,Dr. John Ramirez,drjohnramirez_2986@example.com,Australia,2024-03-07,retail,True
2987,Christopher Harrison,christopherharrison_2987@example.com,Australia,2023-11-29,retail,True
2988,Erica Johnson,ericajohnson_2988@example.com,Canada,2024-08-04,business,True
2989,Jamie Mayer,jamiemayer_2989@example.com,Japan,2022-12-15,retail,True
2990,Jeffrey Kennedy,jeffreykennedy_2990@example.com,United States,2022-06-10,retail,True
2991,Sean Cisneros,seancisneros_2991@example.com,Australia,2022-06-20,retail,False
2992,Debra Reid,debrareid_2992@example.com,Australia,2023-09-15,retail,True
2993,Benjamin Sullivan,benjaminsullivan_2993@example.com,India,2022-03-02,retail,True
2994,Michael Savage,michaelsavage_2994@example.com,Brazil,2023-12-22,retail,True
2995,Mckenzie Green,mckenziegreen_2995@example.com,United States,2023-08-05,retail,True
2996,Anna Valenzuela,annavalenzuela_2996@example.com,Germany,2024-02-08,business,True
2997,Paul Martin,paulmartin_2997@example.com,Brazil,2022-09-10,retail,True
2998,Jason Alvarez,jasonalvarez_2998@example.com,United Kingdom,2023-08-16,retail,True
2999,Caitlyn Horton,caitlynhorton_2999@example.com,Singapore,2024-04-16,retail,True
3000,Michael Price,michaelprice_3000@example.com,Brazil,2023-07-26,retail,True
3001,Richard Harper,richardharper_3001@example.com,United Kingdom,2023-10-13,retail,True
3002,Michael Jensen,michaeljensen_3002@example.com,Germany,2024-04-07,retail,True
3003,William Mcmillan,williammcmillan_3003@example.com,India,2022-11-18,business,True
3004,Nancy Stewart,nancystewart_3004@example.com,France,2022-01-07,retail,True
3005,Jimmy Hernandez,jimmyhernandez_3005@example.com,India,2022-12-19,retail,True
3006,Ashley Cordova,ashleycordova_3006@example.com,Brazil,2024-05-06,premium,True
3007,Joseph Smith,josephsmith_3007@example.com,United States,2023-04-05,retail,True
3008,Ronnie Martinez,ronniemartinez_3008@example.com,United Kingdom,2024-04-17,business,True
3009,Wayne Davis,waynedavis_3009@example.com,Germany,2022-12-07,retail,True
3010,William Fisher,williamfisher_3010@example.com,United Kingdom,2024-01-29,retail,True
3011,Carol Gray,carolgray_3011@example.com,Singapore,2024-11-13,business,True
3012,Tristan Bonilla,tristanbonilla_3012@example.com,Canada,2024-07-26,retail,True
3013,Alexis Cervantes,alexiscervantes_3013@example.com,Canada,2024-08-25,business,False
3014,Steven Shaw,stevenshaw_3014@example.com,Australia,2022-09-29,retail,True
3015,Melissa Banks,melissabanks_3015@example.com,Germany,2024-08-02,retail,True
3016,Jason Bell,jasonbell_3016@example.com,India,2023-05-11,retail,False
3017,Kelly Hubbard,kellyhubbard_3017@example.com,Japan,2022-08-16,business,True
3018,Christopher Patterson,christopherpatterson_3018@example.com,Canada,2023-05-17,retail,False
3019,Kurt Daniels,kurtdaniels_3019@example.com,United States,2022-03-08,retail,True
3020,Ryan Barker,ryanbarker_3020@example.com,Japan,2024-08-20,business,True
3021,Douglas Oliver,douglasoliver_3021@example.com,Singapore,2023-06-17,business,True
3022,Shannon Cowan,shannoncowan_3022@example.com,Brazil,2024-12-29,retail,True
3023,Ashley Banks,ashleybanks_3023@example.com,United States,2023-08-23,business,True
3024,Jennifer Crawford,jennifercrawford_3024@example.com,United States,2024-01-15,retail,False
3025,Tammy Garcia,tammygarcia_3025@example.com,India,2024-05-27,retail,True
3026,Kevin Johnson,kevinjohnson_3026@example.com,France,2022-08-17,retail,True
3027,Jason Walker,jasonwalker_3027@example.com,Australia,2022-10-18,business,True
3028,James Gonzalez,jamesgonzalez_3028@example.com,Germany,2023-06-26,retail,True
3029,Caleb Ponce,calebponce_3029@example.com,United Kingdom,2024-07-27,business,True
3030,Jennifer Hoover,jenniferhoover_3030@example.com,Germany,2023-06-17,retail,True
3031,Natalie Smith,nataliesmith_3031@example.com,Australia,2024-07-11,retail,True
3032,Danny Campbell,dannycampbell_3032@example.com,Brazil,2022-03-15,retail,True
3033,Deborah Roberson,deborahroberson_3033@example.com,France,2022-02-23,retail,True
3034,Jennifer Allen,jenniferallen_3034@example.com,Australia,2023-08-20,retail,True
3035,Jennifer Smith,jennifersmith_3035@example.com,Brazil,2023-09-17,retail,True
3036,James Montoya,jamesmontoya_3036@example.com,France,2022-11-13,retail,True
3037,Lindsay Rogers,lindsayrogers_3037@example.com,Canada,2023-08-22,business,True
3038,Wendy Allen,wendyallen_3038@example.com,Germany,2022-02-27,business,True
3039,Cheryl Newman,cherylnewman_3039@example.com,Canada,2022-01-25,retail,True
3040,Rebecca Lane,rebeccalane_3040@example.com,Japan,2024-04-11,retail,False
3041,Mark Madden,markmadden_3041@example.com,Australia,2022-11-16,retail,True
3042,Tanner Holmes,tannerholmes_3042@example.com,Japan,2024-02-06,retail,False
3043,Brett Owen,brettowen_3043@example.com,Canada,2024-12-11,retail,True
3044,Lynn Mueller,lynnmueller_3044@example.com,Singapore,2022-01-30,retail,True
3045,Lori Green,lorigreen_3045@example.com,Germany,2023-09-26,retail,True
3046,Tiffany Harris,tiffanyharris_3046@example.com,Brazil,2022-09-02,retail,True
3047,Jeffrey Fuller,jeffreyfuller_3047@example.com,India,2022-01-25,business,True
3048,Alyssa Zimmerman,alyssazimmerman_3048@example.com,Japan,2023-04-13,retail,True
3049,Angela Reyes,angelareyes_3049@example.com,United States,2024-03-27,retail,False
3050,Bianca Chavez,biancachavez_3050@example.com,Japan,2022-05-18,retail,False
3051,Heather Allen,heatherallen_3051@example.com,Japan,2022-06-12,premium,True
3052,Elizabeth Nichols,elizabethnichols_3052@example.com,Brazil,2024-12-06,retail,True
3053,Richard Hartman,richardhartman_3053@example.com,Canada,2023-05-17,retail,True
3054,Mary Hill,maryhill_3054@example.com,Canada,2022-03-24,premium,True
3055,Lori Little,lorilittle_3055@example.com,France,2022-07-07,retail,True
3056,Ashley Stevens,ashleystevens_3056@example.com,United Kingdom,2022-09-29,retail,True
3057,Ashley Campbell,ashleycampbell_3057@example.com,Germany,2023-05-15,retail,True
3058,Anna Snyder,annasnyder_3058@example.com,India,2022-07-21,retail,True
3059,Ryan Myers,ryanmyers_3059@example.com,Australia,2022-05-30,retail,True
3060,Alex Jones DVM,alexjonesdvm_3060@example.com,United Kingdom,2024-09-01,retail,True
3061,Michael Brooks,michaelbrooks_3061@example.com,Germany,2024-09-24,retail,True
3062,Terry Stokes,terrystokes_3062@example.com,Singapore,2022-08-17,retail,True
3063,Adam White,adamwhite_3063@example.com,Germany,2024-07-23,premium,True
3064,Lisa Johnson,lisajohnson_3064@example.com,Singapore,2023-07-09,retail,True
3065,Wendy Webb,wendywebb_3065@example.com,Japan,2024-09-16,retail,False
3066,Kimberly Moore,kimberlymoore_3066@example.com,France,2023-06-26,business,True
3067,Tammy Lee,tammylee_3067@example.com,France,2024-10-27,retail,True
3068,Alexander Hunt,alexanderhunt_3068@example.com,Canada,2024-09-25,retail,True
3069,Sean Wilson,seanwilson_3069@example.com,Japan,2024-08-21,retail,True
3070,Garrett Robinson,garrettrobinson_3070@example.com,Singapore,2023-09-16,retail,True
3071,Teresa Adams,teresaadams_3071@example.com,Australia,2023-01-10,retail,True
3072,Dr. Gregory Arnold,drgregoryarnold_3072@example.com,Germany,2023-03-13,retail,True
3073,Patrick Simpson,patricksimpson_3073@example.com,Japan,2024-08-24,retail,True
3074,Jennifer Lee,jenniferlee_3074@example.com,Brazil,2023-03-07,retail,True
3075,Michael Clay,michaelclay_3075@example.com,Canada,2023-01-29,retail,True
3076,James Silva,jamessilva_3076@example.com,Canada,2022-11-18,retail,True
3077,Emily Bauer,emilybauer_3077@example.com,India,2024-05-03,retail,True
3078,Katherine Andrade,katherineandrade_3078@example.com,France,2024-08-24,business,True
3079,Paul Cabrera,paulcabrera_3079@example.com,Australia,2022-10-24,retail,True
3080,Lisa Patterson,lisapatterson_3080@example.com,Australia,2024-07-10,retail,True
3081,Jacqueline Chen,jacquelinechen_3081@example.com,Singapore,2022-01-12,retail,True
3082,Christopher Johnson,christopherjohnson_3082@example.com,Singapore,2023-12-26,retail,True
3083,Laurie Carter,lauriecarter_3083@example.com,India,2023-07-16,retail,True
3084,Maria Sanford,mariasanford_3084@example.com,Germany,2023-06-09,retail,True
3085,Allen White,allenwhite_3085@example.com,Australia,2024-05-25,retail,True
3086,Richard Howard,richardhoward_3086@example.com,Japan,2023-02-13,retail,True
3087,Matthew Watson,matthewwatson_3087@example.com,India,2023-07-16,retail,True
3088,Barbara Flores,barbaraflores_3088@example.com,Australia,2024-09-09,business,True
3089,Gary Marshall,garymarshall_3089@example.com,United States,2024-03-09,retail,False
3090,Stephanie Hoffman,stephaniehoffman_3090@example.com,India,2023-05-27,retail,True
3091,Lance Rose,lancerose_3091@example.com,Singapore,2022-05-02,retail,True
3092,Donald Franklin,donaldfranklin_3092@example.com,France,2024-01-27,retail,True
3093,Shannon Jones,shannonjones_3093@example.com,India,2022-10-03,business,True
3094,Jennifer Avila,jenniferavila_3094@example.com,Singapore,2022-11-07,business,True
3095,Francisco Gonzalez,franciscogonzalez_3095@example.com,Brazil,2023-02-14,retail,True
3096,Kathleen Mooney,kathleenmooney_3096@example.com,Australia,2023-06-18,retail,True
3097,Caleb Jackson,calebjackson_3097@example.com,United States,2022-10-15,retail,True
3098,James Ray,jamesray_3098@example.com,Australia,2024-01-10,business,True
3099,Mason Chase,masonchase_3099@example.com,Germany,2023-01-13,retail,True
3100,Susan Mitchell DVM,susanmitchelldvm_3100@example.com,Australia,2023-11-14,retail,False
3101,Steven Hull,stevenhull_3101@example.com,France,2023-06-07,retail,False
3102,Matthew Jones,matthewjones_3102@example.com,Canada,2022-09-02,retail,True
3103,Robert Cummings,robertcummings_3103@example.com,India,2022-04-09,business,True
3104,Paul Ross,paulross_3104@example.com,Japan,2024-02-04,retail,True
3105,Emily Salazar,emilysalazar_3105@example.com,United States,2024-10-29,business,True
3106,Michael Gibson,michaelgibson_3106@example.com,Japan,2024-10-04,retail,True
3107,Tracy Martinez,tracymartinez_3107@example.com,United Kingdom,2022-06-04,retail,False
3108,Luke Johnson,lukejohnson_3108@example.com,United Kingdom,2024-12-25,retail,True
3109,Adam Garcia,adamgarcia_3109@example.com,United Kingdom,2024-08-17,retail,False
3110,Michael Graham,michaelgraham_3110@example.com,United Kingdom,2024-06-01,business,True
3111,Corey Barrera,coreybarrera_3111@example.com,Canada,2023-11-08,retail,True
3112,Steven Mayo,stevenmayo_3112@example.com,Australia,2024-07-18,retail,True
3113,Shawna Green,shawnagreen_3113@example.com,Singapore,2022-02-13,retail,True
3114,Ashley Valentine,ashleyvalentine_3114@example.com,Brazil,2024-03-09,retail,True
3115,Gary Salazar,garysalazar_3115@example.com,Singapore,2022-11-05,retail,True
3116,Debra Jackson,debrajackson_3116@example.com,Australia,2024-12-26,retail,True
3117,Joe Martinez,joemartinez_3117@example.com,Brazil,2023-12-28,business,True
3118,Nicole Barron,nicolebarron_3118@example.com,Brazil,2022-11-09,retail,True
3119,Jennifer Griffin,jennifergriffin_3119@example.com,France,2023-01-07,retail,True
3120,Joseph Lane,josephlane_3120@example.com,United States,2022-09-18,retail,False
3121,Vanessa Morris,vanessamorris_3121@example.com,Australia,2023-10-08,business,True
3122,Courtney Baker,courtneybaker_3122@example.com,Germany,2023-09-13,retail,False
3123,Bradley Hansen,bradleyhansen_3123@example.com,Germany,2023-03-21,retail,True
3124,Mary Moss,marymoss_3124@example.com,India,2022-09-10,business,True
3125,Blake Bonilla,blakebonilla_3125@example.com,India,2023-03-04,retail,True
3126,Adam Robinson,adamrobinson_3126@example.com,Singapore,2023-02-11,retail,True
3127,Chelsea Garcia,chelseagarcia_3127@example.com,United Kingdom,2022-07-10,premium,True
3128,Kevin Rose,kevinrose_3128@example.com,Brazil,2024-11-23,retail,True
3129,Paige Collins,paigecollins_3129@example.com,United Kingdom,2024-09-28,retail,True
3130,Christian Wagner,christianwagner_3130@example.com,Australia,2024-04-30,retail,False
3131,Colleen Cox,colleencox_3131@example.com,Japan,2024-01-07,retail,True
3132,Shawna Palmer,shawnapalmer_3132@example.com,India,2022-02-03,retail,True
3133,Chelsea Ramirez,chelsearamirez_3133@example.com,Singapore,2022-07-24,retail,False
3134,Eric Kane,erickane_3134@example.com,United Kingdom,2024-06-08,business,True
3135,Bridget Walter,bridgetwalter_3135@example.com,Germany,2022-06-22,retail,True
3136,Cynthia Shannon,cynthiashannon_3136@example.com,India,2022-02-02,premium,True
3137,Allen Stanley,allenstanley_3137@example.com,Australia,2022-04-03,retail,True
3138,Derek Mcintosh,derekmcintosh_3138@example.com,Brazil,2022-01-19,retail,True
3139,Jeffrey Hernandez,jeffreyhernandez_3139@example.com,India,2022-03-21,retail,True
3140,Katie Brown,katiebrown_3140@example.com,France,2024-02-01,retail,True
3141,Brent Wong,brentwong_3141@example.com,Singapore,2022-12-20,retail,True
3142,Jenny Carter,jennycarter_3142@example.com,Canada,2023-01-07,retail,False
3143,Kirk Moreno,kirkmoreno_3143@example.com,Canada,2022-03-03,retail,True
3144,Jeffrey Maldonado DDS,jeffreymaldonadodds_3144@example.com,Australia,2023-06-28,retail,True
3145,Colleen Brown,colleenbrown_3145@example.com,United States,2023-11-11,retail,True
3146,Derek Jones,derekjones_3146@example.com,Canada,2024-04-14,retail,True
3147,Darrell Oliver,darrelloliver_3147@example.com,Brazil,2024-12-11,retail,True
3148,Jenna Garcia,jennagarcia_3148@example.com,Australia,2023-04-02,retail,False
3149,Sherry Adams,sherryadams_3149@example.com,United Kingdom,2024-09-01,retail,True
3150,Richard Bailey,richardbailey_3150@example.com,Japan,2024-06-20,retail,True
3151,Kyle Gross,kylegross_3151@example.com,United States,2023-09-30,retail,True
3152,Jonathan Graves,jonathangraves_3152@example.com,France,2022-09-20,retail,True
3153,Eric Knox,ericknox_3153@example.com,Brazil,2022-07-17,retail,True
3154,Ethan Jones,ethanjones_3154@example.com,Brazil,2023-02-06,retail,True
3155,Steven Thomas,steventhomas_3155@example.com,Canada,2023-04-07,retail,True
3156,John Cook,johncook_3156@example.com,Singapore,2023-08-02,business,True
3157,Dennis Jones,dennisjones_3157@example.com,Germany,2023-05-29,retail,True
3158,Sarah Wheeler,sarahwheeler_3158@example.com,Australia,2024-08-04,retail,True
3159,Lauren Freeman,laurenfreeman_3159@example.com,Brazil,2023-07-01,retail,True
3160,Brian Fuentes,brianfuentes_3160@example.com,Singapore,2024-02-07,retail,True
3161,Wanda Conley,wandaconley_3161@example.com,United States,2024-02-28,retail,True
3162,Carol Thomas,carolthomas_3162@example.com,Canada,2022-01-30,retail,True
3163,Eric Fitzgerald,ericfitzgerald_3163@example.com,Germany,2022-11-28,retail,True
3164,Nicholas Fritz,nicholasfritz_3164@example.com,India,2024-09-17,business,True
3165,John Diaz,johndiaz_3165@example.com,Brazil,2024-04-10,retail,True
3166,Harold Mckinney,haroldmckinney_3166@example.com,Brazil,2023-06-23,retail,True
3167,Patricia Vincent,patriciavincent_3167@example.com,France,2024-11-19,business,True
3168,Linda Rodriguez,lindarodriguez_3168@example.com,Canada,2023-06-07,retail,True
3169,Monica Smith,monicasmith_3169@example.com,Japan,2024-07-23,retail,True
3170,Selena Hopkins,selenahopkins_3170@example.com,Australia,2024-11-29,retail,True
3171,Jonathan Sanchez,jonathansanchez_3171@example.com,Singapore,2022-02-22,premium,True
3172,Valerie Howard,valeriehoward_3172@example.com,Germany,2024-07-25,business,True
3173,Cheryl Blevins,cherylblevins_3173@example.com,France,2022-09-16,business,True
3174,Tracie Wiley,traciewiley_3174@example.com,Singapore,2022-06-19,premium,False
3175,Stephanie Cole,stephaniecole_3175@example.com,Canada,2024-03-25,business,True
3176,Kelsey Baker,kelseybaker_3176@example.com,Japan,2023-02-04,retail,True
3177,Stacy Myers,stacymyers_3177@example.com,United States,2023-02-11,retail,True
3178,Xavier Parker,xavierparker_3178@example.com,Brazil,2022-11-07,retail,True
3179,Joseph Cooper,josephcooper_3179@example.com,United States,2024-12-27,retail,True
3180,Jessica Gibson,jessicagibson_3180@example.com,Japan,2022-12-08,retail,True
3181,Rebecca Roberts,rebeccaroberts_3181@example.com,Canada,2023-04-09,business,True
3182,Kathryn Jennings,kathrynjennings_3182@example.com,Canada,2024-05-18,business,True
3183,Chris Levy,chrislevy_3183@example.com,Singapore,2023-08-31,retail,True
3184,Mary Torres,marytorres_3184@example.com,Singapore,2024-09-02,retail,True
3185,Robert Smith,robertsmith_3185@example.com,France,2022-01-01,retail,True
3186,Douglas Watkins,douglaswatkins_3186@example.com,France,2023-03-04,business,True
3187,Eric Jordan,ericjordan_3187@example.com,United Kingdom,2022-05-02,retail,True
3188,April King,aprilking_3188@example.com,India,2022-11-25,retail,True
3189,Douglas Trevino,douglastrevino_3189@example.com,Germany,2024-03-12,retail,True
3190,Patricia Moore,patriciamoore_3190@example.com,Singapore,2023-02-01,retail,True
3191,Devin Ferrell,devinferrell_3191@example.com,Germany,2023-07-20,retail,True
3192,Kevin Miller,kevinmiller_3192@example.com,Brazil,2022-11-07,retail,True
3193,John Gomez,johngomez_3193@example.com,France,2023-11-02,retail,True
3194,Mandy Henderson,mandyhenderson_3194@example.com,France,2024-12-09,retail,True
3195,Annette Green,annettegreen_3195@example.com,India,2023-04-21,retail,True
3196,Eric Elliott,ericelliott_3196@example.com,United Kingdom,2024-07-19,retail,True
3197,Erica Lane,ericalane_3197@example.com,Australia,2023-07-12,business,True
3198,Christina Taylor,christinataylor_3198@example.com,France,2022-08-20,retail,True
3199,Elizabeth Miller,elizabethmiller_3199@example.com,Canada,2024-09-24,retail,True
3200,Lori Gardner,lorigardner_3200@example.com,United Kingdom,2022-07-01,premium,True
3201,Shawn Kim,shawnkim_3201@example.com,Brazil,2024-01-13,retail,True
3202,Jeremy Edwards,jeremyedwards_3202@example.com,India,2024-06-04,retail,True
3203,Michelle Mcdonald,michellemcdonald_3203@example.com,France,2023-07-19,business,True
3204,Jason Jenkins,jasonjenkins_3204@example.com,Australia,2024-05-09,retail,True
3205,Justin Bernard,justinbernard_3205@example.com,Australia,2022-06-20,retail,True
3206,Peter Gilbert,petergilbert_3206@example.com,India,2023-05-13,retail,True
3207,David Hunt,davidhunt_3207@example.com,Singapore,2023-06-29,retail,True
3208,Joshua Cunningham,joshuacunningham_3208@example.com,India,2024-02-09,retail,True
3209,Pedro Long,pedrolong_3209@example.com,Singapore,2022-03-28,retail,True
3210,Aaron Aguirre,aaronaguirre_3210@example.com,United Kingdom,2022-07-14,retail,True
3211,Julia Brown,juliabrown_3211@example.com,Australia,2024-05-13,business,True
3212,Ronald Santos,ronaldsantos_3212@example.com,United States,2023-12-13,retail,True
3213,Brent Roberts,brentroberts_3213@example.com,India,2024-12-06,retail,True
3214,Mr. Antonio Yang,mrantonioyang_3214@example.com,Singapore,2022-02-22,retail,True
3215,Nancy Brown,nancybrown_3215@example.com,Australia,2022-07-22,retail,True
3216,Charles Yang,charlesyang_3216@example.com,United States,2024-07-24,business,True
3217,Danny Lowe PhD,dannylowephd_3217@example.com,Australia,2023-12-23,premium,True
3218,Eric Hays,erichays_3218@example.com,India,2022-04-08,retail,True
3219,John Watts,johnwatts_3219@example.com,France,2022-11-25,retail,True
3220,Aaron Munoz,aaronmunoz_3220@example.com,Japan,2023-10-22,retail,True
3221,Brent Harris,brentharris_3221@example.com,Canada,2024-10-20,business,True
3222,Ross Wallace,rosswallace_3222@example.com,Brazil,2023-04-12,retail,True
3223,Bryan Sullivan,bryansullivan_3223@example.com,United Kingdom,2024-04-11,retail,True
3224,Dr. Sarah Payne,drsarahpayne_3224@example.com,Canada,2024-02-23,retail,True
3225,Melanie Villarreal,melanievillarreal_3225@example.com,India,2023-12-20,retail,True
3226,Jessica Fields,jessicafields_3226@example.com,Australia,2022-11-23,premium,True
3227,Robert Sandoval,robertsandoval_3227@example.com,United Kingdom,2023-01-24,retail,False
3228,Patrick Payne,patrickpayne_3228@example.com,Japan,2023-08-30,retail,True
3229,Dylan Contreras,dylancontreras_3229@example.com,Singapore,2022-06-05,retail,True
3230,Katherine Contreras,katherinecontreras_3230@example.com,Brazil,2024-04-08,business,True
3231,Michael Rodriguez,michaelrodriguez_3231@example.com,Australia,2024-12-27,retail,True
3232,Jeffery Johnson,jefferyjohnson_3232@example.com,Singapore,2022-08-01,business,True
3233,Justin Smith,justinsmith_3233@example.com,France,2022-06-18,retail,True
3234,Matthew Barry,matthewbarry_3234@example.com,United States,2023-05-19,retail,True
3235,Amanda Meadows,amandameadows_3235@example.com,France,2022-02-23,retail,True
3236,Julie Sharp,juliesharp_3236@example.com,Germany,2023-05-18,business,True
3237,William Howard,williamhoward_3237@example.com,Germany,2022-10-25,retail,True
3238,Kathy Bailey,kathybailey_3238@example.com,United States,2024-09-16,business,True
3239,Jeanette Brown,jeanettebrown_3239@example.com,Japan,2023-01-29,retail,True
3240,Heather Ball,heatherball_3240@example.com,Brazil,2024-03-29,retail,True
3241,Mike Buchanan,mikebuchanan_3241@example.com,Singapore,2023-06-20,retail,False
3242,Phillip Turner,phillipturner_3242@example.com,France,2024-06-02,retail,False
3243,Thomas Brewer,thomasbrewer_3243@example.com,Germany,2023-10-18,retail,True
3244,John Hopkins,johnhopkins_3244@example.com,Canada,2023-10-21,business,False
3245,Tammy Rowe,tammyrowe_3245@example.com,Germany,2022-09-21,retail,False
3246,Beverly Nguyen,beverlynguyen_3246@example.com,Japan,2024-09-01,retail,True
3247,Hannah Williamson,hannahwilliamson_3247@example.com,Brazil,2023-04-12,retail,True
3248,Andrew Christian,andrewchristian_3248@example.com,Japan,2023-04-04,retail,True
3249,Brent Rodriguez,brentrodriguez_3249@example.com,United States,2024-07-31,retail,True
3250,Karen Wolf,karenwolf_3250@example.com,Singapore,2022-05-13,premium,True
3251,Dr. Morgan Young,drmorganyoung_3251@example.com,Japan,2024-07-07,retail,True
3252,Carrie Stafford,carriestafford_3252@example.com,Australia,2024-09-03,business,True
3253,Jennifer Brown,jenniferbrown_3253@example.com,Australia,2022-05-14,premium,True
3254,Ashley Bradford,ashleybradford_3254@example.com,France,2022-02-26,retail,True
3255,Phillip Obrien,phillipobrien_3255@example.com,Canada,2024-03-22,retail,True
3256,Tammy Morris,tammymorris_3256@example.com,Japan,2023-09-16,retail,True
3257,Jamie Zhang,jamiezhang_3257@example.com,Japan,2024-04-13,retail,True
3258,Christina King,christinaking_3258@example.com,Brazil,2023-10-07,business,False
3259,Dustin Harris,dustinharris_3259@example.com,United States,2024-01-04,retail,True
3260,Robert Stokes,robertstokes_3260@example.com,United Kingdom,2022-05-11,retail,True
3261,Kevin Soto,kevinsoto_3261@example.com,Germany,2023-05-25,premium,True
3262,Christina Patrick,christinapatrick_3262@example.com,Canada,2023-01-07,retail,False
3263,Heather Russell,heatherrussell_3263@example.com,United Kingdom,2023-11-11,retail,False
3264,Andrea Lopez,andrealopez_3264@example.com,Brazil,2024-03-04,business,True
3265,Susan May,susanmay_3265@example.com,India,2022-10-11,business,True
3266,Ronnie Hudson MD,ronniehudsonmd_3266@example.com,France,2023-12-29,retail,True
3267,Luke Hansen,lukehansen_3267@example.com,France,2024-10-20,retail,True
3268,Austin Patterson,austinpatterson_3268@example.com,Germany,2023-04-10,retail,True
3269,Benjamin Miller,benjaminmiller_3269@example.com,United Kingdom,2023-11-27,retail,True
3270,Elizabeth Wilson,elizabethwilson_3270@example.com,France,2022-02-11,business,True
3271,Kyle Rivera,kylerivera_3271@example.com,Japan,2022-05-02,retail,True
3272,Todd Nielsen,toddnielsen_3272@example.com,United States,2024-12-19,retail,True
3273,Michael Jones,michaeljones_3273@example.com,France,2022-02-26,business,True
3274,Tracy Jones,tracyjones_3274@example.com,Australia,2022-05-23,premium,True
3275,Sarah Frederick,sarahfrederick_3275@example.com,Brazil,2024-10-17,retail,True
3276,Jennifer Brown,jenniferbrown_3276@example.com,Australia,2022-07-18,business,False
3277,Ashley Ruiz,ashleyruiz_3277@example.com,Brazil,2024-02-06,retail,True
3278,Deborah Johnson,deborahjohnson_3278@example.com,Canada,2024-11-05,retail,True
3279,Dean Cook,deancook_3279@example.com,United States,2022-03-21,business,True
3280,Brenda Payne,brendapayne_3280@example.com,United Kingdom,2023-10-01,business,True
3281,Tammy Alvarado,tammyalvarado_3281@example.com,Canada,2024-11-27,retail,True
3282,Cynthia Jones,cynthiajones_3282@example.com,Germany,2022-11-14,premium,False
3283,Sue Warner,suewarner_3283@example.com,India,2024-03-07,retail,False
3284,Amanda Zavala,amandazavala_3284@example.com,Japan,2022-05-15,retail,True
3285,Linda Salazar,lindasalazar_3285@example.com,Germany,2024-10-02,retail,True
3286,Juan Potts,juanpotts_3286@example.com,Australia,2022-05-01,business,False
3287,Andrew Johnson,andrewjohnson_3287@example.com,Brazil,2022-07-22,business,True
3288,Marie Reynolds,mariereynolds_3288@example.com,Australia,2024-12-15,retail,True
3289,Samuel Mata,samuelmata_3289@example.com,Japan,2024-03-18,retail,True
3290,Anthony Ayala,anthonyayala_3290@example.com,France,2023-10-19,retail,True
3291,Kimberly Dalton,kimberlydalton_3291@example.com,France,2024-05-23,retail,True
3292,Nancy Tran,nancytran_3292@example.com,India,2022-02-18,retail,True
3293,Ralph Dominguez,ralphdominguez_3293@example.com,India,2024-03-07,retail,False
3294,Jeffery Taylor,jefferytaylor_3294@example.com,France,2022-04-23,retail,True
3295,Steven Haas,stevenhaas_3295@example.com,United Kingdom,2023-09-21,business,True
3296,Cory Kim,corykim_3296@example.com,Brazil,2022-12-22,retail,True
3297,David Chapman,davidchapman_3297@example.com,Japan,2022-02-27,retail,True
3298,Paul Beasley,paulbeasley_3298@example.com,Germany,2023-12-22,premium,True
3299,Laura Ritter,lauraritter_3299@example.com,Singapore,2024-11-07,retail,True
3300,Nathan Hess,nathanhess_3300@example.com,Australia,2022-04-02,business,True
3301,Cameron White,cameronwhite_3301@example.com,Canada,2023-03-30,retail,True
3302,Gregory Rios,gregoryrios_3302@example.com,Germany,2024-10-11,retail,True
3303,Eduardo Obrien,eduardoobrien_3303@example.com,United States,2022-04-03,business,True
3304,Bryan Jones,bryanjones_3304@example.com,United Kingdom,2023-08-18,retail,True
3305,Joshua Simpson,joshuasimpson_3305@example.com,Australia,2022-12-29,premium,True
3306,Heather Herman,heatherherman_3306@example.com,Australia,2024-04-03,retail,True
3307,Micheal Pugh,michealpugh_3307@example.com,Germany,2023-06-13,business,True
3308,Eileen Valdez,eileenvaldez_3308@example.com,Brazil,2023-09-27,retail,True
3309,Debra Wolfe,debrawolfe_3309@example.com,France,2024-04-18,retail,True
3310,Amy Mccullough,amymccullough_3310@example.com,Singapore,2024-02-12,retail,False
3311,Lisa Ramirez,lisaramirez_3311@example.com,India,2023-06-04,retail,True
3312,Chad Daugherty,chaddaugherty_3312@example.com,Singapore,2022-03-27,retail,True
3313,Patrick Clark,patrickclark_3313@example.com,Germany,2022-05-25,retail,True
3314,Robert Thomas,robertthomas_3314@example.com,India,2022-05-17,retail,True
3315,Melissa Santos,melissasantos_3315@example.com,France,2024-03-26,retail,True
3316,Brian Porter,brianporter_3316@example.com,Brazil,2023-06-20,retail,True
3317,Donald Cruz,donaldcruz_3317@example.com,Germany,2022-06-27,retail,True
3318,Angela Ramirez,angelaramirez_3318@example.com,Canada,2024-11-27,premium,True
3319,Kathleen Roy,kathleenroy_3319@example.com,United Kingdom,2022-08-17,retail,True
3320,Andrew Harris,andrewharris_3320@example.com,Canada,2022-06-21,retail,True
3321,Jeffrey Williams,jeffreywilliams_3321@example.com,Germany,2024-06-11,retail,True
3322,Joshua Bailey,joshuabailey_3322@example.com,Canada,2024-06-24,retail,True
3323,Lee Barry,leebarry_3323@example.com,Japan,2023-01-23,retail,True
3324,Susan Patrick,susanpatrick_3324@example.com,United States,2022-01-30,business,True
3325,Nicole Peterson,nicolepeterson_3325@example.com,France,2022-12-26,retail,True
3326,Jessica Patterson,jessicapatterson_3326@example.com,United States,2024-03-12,retail,False
3327,Nancy Brown,nancybrown_3327@example.com,Japan,2022-05-11,retail,True
3328,James Griffith,jamesgriffith_3328@example.com,Australia,2024-06-17,retail,True
3329,Shannon Hurley,shannonhurley_3329@example.com,Germany,2024-12-18,retail,True
3330,Kenneth Carroll,kennethcarroll_3330@example.com,Japan,2023-10-13,retail,True
3331,Carla James,carlajames_3331@example.com,Singapore,2024-11-26,retail,True
3332,Tammy Anderson,tammyanderson_3332@example.com,Canada,2023-10-21,retail,True
3333,Robert Tapia,roberttapia_3333@example.com,United Kingdom,2023-04-24,retail,True
3334,David Daniels,daviddaniels_3334@example.com,United States,2024-03-04,retail,True
3335,James Gilbert,jamesgilbert_3335@example.com,Germany,2022-03-14,retail,True
3336,Matthew Patton,matthewpatton_3336@example.com,India,2024-03-01,retail,True
3337,Lisa Martinez,lisamartinez_3337@example.com,India,2023-05-02,retail,True
3338,Erica Baker,ericabaker_3338@example.com,Australia,2024-07-20,retail,True
3339,Joel Gonzales,joelgonzales_3339@example.com,India,2024-01-08,retail,True
3340,Vincent Castillo,vincentcastillo_3340@example.com,Canada,2024-03-06,premium,True
3341,Claudia Brown,claudiabrown_3341@example.com,Australia,2022-02-12,retail,True
3342,Destiny Bishop,destinybishop_3342@example.com,United States,2024-07-30,retail,True
3343,Austin White,austinwhite_3343@example.com,Germany,2024-04-03,retail,True
3344,Desiree Booth,desireebooth_3344@example.com,Germany,2024-04-11,retail,True
3345,Mark Thomas,markthomas_3345@example.com,India,2024-06-28,premium,True
3346,Amber Wilson,amberwilson_3346@example.com,Australia,2023-10-30,retail,True
3347,Michael Valencia,michaelvalencia_3347@example.com,Japan,2023-02-26,retail,True
3348,Amanda Love,amandalove_3348@example.com,Brazil,2023-02-03,business,True
3349,Miguel Green,miguelgreen_3349@example.com,Brazil,2024-01-15,business,True
3350,Michael Mathews,michaelmathews_3350@example.com,Singapore,2024-02-07,retail,True
3351,Nathan Burke,nathanburke_3351@example.com,Canada,2024-08-21,retail,True
3352,Billy Wallace,billywallace_3352@example.com,France,2024-04-24,retail,True
3353,Cynthia Nguyen,cynthianguyen_3353@example.com,Japan,2022-11-17,retail,False
3354,Rodney Perry,rodneyperry_3354@example.com,Singapore,2023-01-05,business,True
3355,Sherri Thomas,sherrithomas_3355@example.com,Germany,2024-03-01,retail,True
3356,Richard Rogers,richardrogers_3356@example.com,Brazil,2022-11-16,retail,True
3357,Matthew Ruiz,matthewruiz_3357@example.com,Germany,2022-11-05,retail,True
3358,Lisa Martin,lisamartin_3358@example.com,Canada,2024-09-23,retail,False
3359,Timothy Buck,timothybuck_3359@example.com,Brazil,2024-12-22,retail,True
3360,Lee Morton,leemorton_3360@example.com,United Kingdom,2022-05-14,retail,True
3361,Priscilla Romero,priscillaromero_3361@example.com,United States,2023-11-10,business,True
3362,Hailey Lewis,haileylewis_3362@example.com,Australia,2023-02-20,retail,False
3363,Amanda Barber,amandabarber_3363@example.com,France,2022-05-16,retail,False
3364,Zachary Miller,zacharymiller_3364@example.com,Brazil,2024-07-03,retail,True
3365,Timothy Walker,timothywalker_3365@example.com,France,2023-09-14,retail,True
3366,Laura Kelley,laurakelley_3366@example.com,Canada,2022-12-01,retail,True
3367,Nicholas Abbott,nicholasabbott_3367@example.com,Brazil,2024-04-19,retail,True
3368,Amber Kennedy,amberkennedy_3368@example.com,India,2023-07-30,retail,False
3369,Jessica Adams,jessicaadams_3369@example.com,United Kingdom,2022-10-28,business,True
3370,Eileen Sanchez,eileensanchez_3370@example.com,United States,2022-10-05,business,True
3371,Randall Cox,randallcox_3371@example.com,India,2022-12-16,retail,True
3372,Paul Wilson,paulwilson_3372@example.com,Australia,2024-06-22,retail,True
3373,Nicholas Beard,nicholasbeard_3373@example.com,United States,2024-10-04,business,True
3374,Harold Wagner,haroldwagner_3374@example.com,Australia,2022-06-24,business,True
3375,Martha Jacobs,marthajacobs_3375@example.com,Canada,2023-09-07,retail,False
3376,Jason Hudson,jasonhudson_3376@example.com,United Kingdom,2023-02-08,premium,True
3377,Beth Medina,bethmedina_3377@example.com,United Kingdom,2023-12-28,retail,True
3378,Jennifer Richards,jenniferrichards_3378@example.com,United States,2024-05-05,premium,True
3379,David Mitchell,davidmitchell_3379@example.com,France,2023-01-29,retail,False
3380,Brad Fisher,bradfisher_3380@example.com,United States,2024-09-29,retail,True
3381,Ms. Mackenzie Barton,msmackenziebarton_3381@example.com,Germany,2023-09-20,retail,False
3382,Sherri Smith,sherrismith_3382@example.com,Australia,2022-03-24,retail,False
3383,Dennis Spencer,dennisspencer_3383@example.com,India,2022-06-14,retail,True
3384,Natalie Martinez,nataliemartinez_3384@example.com,Brazil,2022-01-22,retail,True
3385,Jeffrey Vaughn,jeffreyvaughn_3385@example.com,Singapore,2023-02-13,business,True
3386,Brandi Camacho DVM,brandicamachodvm_3386@example.com,United States,2023-07-08,retail,True
3387,Heather Morales,heathermorales_3387@example.com,Japan,2024-05-19,retail,True
3388,Michelle Wilson,michellewilson_3388@example.com,Australia,2023-06-20,retail,True
3389,Stephanie Vargas,stephanievargas_3389@example.com,France,2022-06-20,business,False
3390,Wendy Williams,wendywilliams_3390@example.com,United Kingdom,2023-10-15,business,True
3391,Heather Cole,heathercole_3391@example.com,United States,2022-09-21,business,True
3392,Jerry Davenport,jerrydavenport_3392@example.com,United Kingdom,2022-12-29,retail,True
3393,John Taylor,johntaylor_3393@example.com,Germany,2022-06-28,business,True
3394,Ralph Hendricks,ralphhendricks_3394@example.com,United States,2023-11-30,business,True
3395,Angela Huang,angelahuang_3395@example.com,Canada,2024-08-01,retail,True
3396,Jacqueline Banks,jacquelinebanks_3396@example.com,United Kingdom,2022-09-07,retail,True
3397,Jeffrey Romero,jeffreyromero_3397@example.com,United Kingdom,2023-01-16,retail,False
3398,Theresa Davis,theresadavis_3398@example.com,United States,2024-06-05,retail,True
3399,Glenn Elliott,glennelliott_3399@example.com,United States,2022-06-12,retail,True
3400,Lauren Anthony,laurenanthony_3400@example.com,Germany,2024-09-01,business,True
3401,Frank Flores,frankflores_3401@example.com,India,2023-01-17,retail,True
3402,Charles Cervantes,charlescervantes_3402@example.com,Brazil,2022-05-06,retail,True
3403,Virginia Clark,virginiaclark_3403@example.com,United Kingdom,2022-12-27,premium,True
3404,Laura Gilbert,lauragilbert_3404@example.com,Japan,2023-01-23,retail,True
3405,Dustin Wilson,dustinwilson_3405@example.com,United Kingdom,2023-01-21,retail,True
3406,Jeffrey Mcclure,jeffreymcclure_3406@example.com,Germany,2022-11-29,retail,True
3407,Thomas Zhang,thomaszhang_3407@example.com,France,2024-04-24,retail,True
3408,Tammy Estrada,tammyestrada_3408@example.com,Singapore,2023-05-29,business,True
3409,Daniel Roberson,danielroberson_3409@example.com,Japan,2022-01-15,retail,False
3410,Alyssa Orr,alyssaorr_3410@example.com,France,2023-07-31,retail,True
3411,Kimberly Lloyd,kimberlylloyd_3411@example.com,United Kingdom,2024-10-08,retail,True
3412,Ronnie Johnson,ronniejohnson_3412@example.com,Brazil,2024-05-30,retail,True
3413,Tom Duncan,tomduncan_3413@example.com,India,2022-01-25,premium,True
3414,Kelly Guerra,kellyguerra_3414@example.com,Australia,2024-01-11,retail,True
3415,Brian Mccarthy,brianmccarthy_3415@example.com,United Kingdom,2023-06-22,retail,True
3416,Jill Reynolds,jillreynolds_3416@example.com,Australia,2024-09-10,retail,True
3417,Sean Kaiser,seankaiser_3417@example.com,India,2023-10-04,retail,True
3418,Audrey Gomez,audreygomez_3418@example.com,Germany,2022-12-16,retail,True
3419,Ricky Luna,rickyluna_3419@example.com,India,2024-08-03,retail,True
3420,Jonathon Hill,jonathonhill_3420@example.com,Singapore,2024-08-07,business,True
3421,Kayla Waters,kaylawaters_3421@example.com,Canada,2022-10-18,retail,True
3422,Emily Middleton,emilymiddleton_3422@example.com,United States,2022-10-13,retail,True
3423,Timothy Bauer,timothybauer_3423@example.com,Canada,2024-03-29,retail,True
3424,Ryan Guerrero,ryanguerrero_3424@example.com,Canada,2022-11-06,retail,True
3425,Amanda Walters,amandawalters_3425@example.com,United Kingdom,2022-02-03,retail,True
3426,Chad Bennett,chadbennett_3426@example.com,Australia,2023-02-10,retail,True
3427,Megan Baker,meganbaker_3427@example.com,France,2023-07-23,retail,True
3428,Robert Gross,robertgross_3428@example.com,India,2024-06-05,retail,True
3429,Craig Liu,craigliu_3429@example.com,India,2022-05-03,retail,True
3430,Shannon Curry,shannoncurry_3430@example.com,Australia,2024-09-03,retail,True
3431,Austin Grant,austingrant_3431@example.com,Japan,2024-10-09,business,True
3432,Christopher Barnes,christopherbarnes_3432@example.com,United States,2023-09-23,retail,True
3433,James Silva,jamessilva_3433@example.com,France,2024-05-28,retail,True
3434,Kari Sandoval,karisandoval_3434@example.com,Japan,2023-08-01,retail,True
3435,Eric Hall,erichall_3435@example.com,Canada,2024-01-27,retail,True
3436,John Robles,johnrobles_3436@example.com,United States,2024-07-04,retail,True
3437,Howard Castillo,howardcastillo_3437@example.com,Australia,2023-04-24,business,False
3438,Brian Ibarra,brianibarra_3438@example.com,India,2023-07-29,retail,True
3439,Donna Montes,donnamontes_3439@example.com,Australia,2023-02-03,business,False
3440,Matthew Wilson,matthewwilson_3440@example.com,Brazil,2023-04-14,retail,True
3441,Francis Wilson,franciswilson_3441@example.com,Germany,2024-09-27,retail,True
3442,Michele Ayala,micheleayala_3442@example.com,Australia,2024-11-12,business,True
3443,Dr. John Jenkins,drjohnjenkins_3443@example.com,Canada,2023-10-21,retail,True
3444,Earl Romero,earlromero_3444@example.com,Brazil,2023-06-29,retail,True
3445,Rachel Brown,rachelbrown_3445@example.com,Germany,2023-07-20,retail,True
3446,Deborah Stewart,deborahstewart_3446@example.com,United States,2024-08-28,retail,True
3447,Jeremy Ross,jeremyross_3447@example.com,Australia,2023-12-31,business,True
3448,Debra Chandler,debrachandler_3448@example.com,Canada,2023-07-13,premium,True
3449,Robert Parker,robertparker_3449@example.com,Australia,2023-02-14,business,True
3450,Kenneth Jackson,kennethjackson_3450@example.com,Brazil,2022-09-04,retail,True
3451,Mario Gould,mariogould_3451@example.com,Germany,2024-12-08,retail,True
3452,Erin Jacobs,erinjacobs_3452@example.com,Singapore,2024-05-16,retail,True
3453,Nathan Lang,nathanlang_3453@example.com,France,2023-06-19,retail,True
3454,Michael Barr,michaelbarr_3454@example.com,United States,2024-05-13,retail,True
3455,Kristen Pena,kristenpena_3455@example.com,Canada,2024-07-03,retail,True
3456,Heidi Gonzalez,heidigonzalez_3456@example.com,Brazil,2024-06-28,retail,True
3457,Joseph Heath,josephheath_3457@example.com,France,2024-07-22,retail,True
3458,Robert Lozano,robertlozano_3458@example.com,India,2023-08-07,retail,True
3459,Daniel Quinn,danielquinn_3459@example.com,United States,2022-09-11,retail,True
3460,Amanda Smith,amandasmith_3460@example.com,India,2024-01-26,retail,True
3461,Ashley Sanders,ashleysanders_3461@example.com,Singapore,2022-02-22,retail,True
3462,Mr. Eric Hall,mrerichall_3462@example.com,Singapore,2022-12-31,retail,True
3463,Danielle Nelson,daniellenelson_3463@example.com,United States,2023-08-03,retail,True
3464,Richard Rios,richardrios_3464@example.com,United States,2024-11-13,retail,True
3465,Patrick Nelson,patricknelson_3465@example.com,Canada,2024-10-14,retail,True
3466,Benjamin Bowen,benjaminbowen_3466@example.com,Canada,2022-07-29,retail,False
3467,Jennifer Smith,jennifersmith_3467@example.com,Germany,2022-07-08,retail,False
3468,Lisa Hernandez,lisahernandez_3468@example.com,Australia,2022-06-16,retail,True
3469,Rebecca Lee,rebeccalee_3469@example.com,India,2024-03-31,retail,True
3470,Emily Morris,emilymorris_3470@example.com,Singapore,2022-11-14,retail,True
3471,Allison Hill,allisonhill_3471@example.com,Germany,2024-07-07,retail,True
3472,Dennis Douglas,dennisdouglas_3472@example.com,France,2023-04-11,retail,True
3473,Eddie Davis,eddiedavis_3473@example.com,Japan,2022-02-19,retail,True
3474,Kristina Webb,kristinawebb_3474@example.com,Germany,2024-09-07,retail,True
3475,Kim Sanchez,kimsanchez_3475@example.com,Germany,2022-11-09,premium,True
3476,Jonathan Long,jonathanlong_3476@example.com,Australia,2023-10-24,retail,True
3477,Joshua Rodriguez,joshuarodriguez_3477@example.com,Singapore,2022-02-09,retail,True
3478,William Sanders,williamsanders_3478@example.com,United States,2024-04-29,retail,True
3479,Jacob Hart,jacobhart_3479@example.com,Brazil,2022-03-15,retail,True
3480,Evelyn Pacheco,evelynpacheco_3480@example.com,United States,2023-12-17,retail,True
3481,Anna Jackson,annajackson_3481@example.com,Australia,2024-11-08,business,True
3482,Katherine Wright,katherinewright_3482@example.com,Germany,2022-11-08,retail,False
3483,Luis Wells,luiswells_3483@example.com,Brazil,2023-07-31,retail,True
3484,Lacey Hall,laceyhall_3484@example.com,Singapore,2022-11-24,business,True
3485,Darlene Collins,darlenecollins_3485@example.com,France,2023-11-17,retail,True
3486,Chris Morris,chrismorris_3486@example.com,Singapore,2022-09-02,retail,True
3487,Jennifer Smith,jennifersmith_3487@example.com,India,2024-11-14,retail,True
3488,Nicole Norton,nicolenorton_3488@example.com,United Kingdom,2022-03-27,retail,True
3489,Emily Pearson,emilypearson_3489@example.com,Germany,2023-02-14,retail,True
3490,Michael Robertson,michaelrobertson_3490@example.com,France,2023-03-15,business,True
3491,Wendy Miller,wendymiller_3491@example.com,Australia,2024-08-07,retail,True
3492,Michael Bennett,michaelbennett_3492@example.com,Brazil,2023-06-01,retail,True
3493,Carla Goodman,carlagoodman_3493@example.com,United States,2023-03-20,business,True
3494,Jeffrey Stanton,jeffreystanton_3494@example.com,Germany,2024-10-20,business,True
3495,Jeff Jackson,jeffjackson_3495@example.com,Australia,2024-07-26,premium,True
3496,Katelyn Curry,katelyncurry_3496@example.com,Canada,2024-10-03,retail,True
3497,Jennifer Phillips,jenniferphillips_3497@example.com,Germany,2022-06-09,retail,True
3498,Edward Weeks,edwardweeks_3498@example.com,United States,2022-04-13,business,False
3499,Kelly Gilbert,kellygilbert_3499@example.com,United States,2023-09-14,retail,True
3500,Matthew Thomas,matthewthomas_3500@example.com,Canada,2022-07-19,retail,True
3501,Christine Mendez,christinemendez_3501@example.com,Germany,2024-05-16,retail,True
3502,Kelly King,kellyking_3502@example.com,France,2024-05-05,retail,True
3503,Timothy Ho,timothyho_3503@example.com,United States,2022-09-03,retail,True
3504,Sarah Taylor,sarahtaylor_3504@example.com,Germany,2022-09-04,business,True
3505,Sandra Smith,sandrasmith_3505@example.com,United States,2024-09-02,retail,True
3506,Chris Jones,chrisjones_3506@example.com,Germany,2024-07-21,business,True
3507,Emily Lopez,emilylopez_3507@example.com,Japan,2023-07-14,retail,True
3508,Kimberly Rivera,kimberlyrivera_3508@example.com,India,2022-05-10,retail,True
3509,John Moore,johnmoore_3509@example.com,United Kingdom,2024-03-25,retail,True
3510,Justin Perez,justinperez_3510@example.com,India,2024-06-04,business,True
3511,Tanya Hill,tanyahill_3511@example.com,United States,2022-04-01,retail,False
3512,Shawna Silva,shawnasilva_3512@example.com,France,2023-07-31,retail,True
3513,Marcus Powell,marcuspowell_3513@example.com,France,2022-02-19,retail,False
3514,Joshua Hopkins,joshuahopkins_3514@example.com,Germany,2023-04-26,retail,True
3515,Christian Cross,christiancross_3515@example.com,United States,2024-06-10,retail,True
3516,Dennis Garcia,dennisgarcia_3516@example.com,Germany,2022-04-07,retail,True
3517,Laurie Miranda,lauriemiranda_3517@example.com,Australia,2024-07-23,business,True
3518,Raymond Vargas,raymondvargas_3518@example.com,Australia,2024-01-31,retail,True
3519,Robert Savage,robertsavage_3519@example.com,Australia,2023-12-12,retail,True
3520,Kara Jackson,karajackson_3520@example.com,Australia,2024-08-15,premium,True
3521,Virginia Davis,virginiadavis_3521@example.com,Canada,2024-10-09,retail,True
3522,Brianna Martin,briannamartin_3522@example.com,Singapore,2022-06-27,retail,True
3523,Erica Huang,ericahuang_3523@example.com,Australia,2024-01-05,retail,True
3524,Jorge Gonzales,jorgegonzales_3524@example.com,Japan,2022-12-03,business,True
3525,Erin Mason,erinmason_3525@example.com,Canada,2023-12-01,retail,True
3526,Justin Bennett,justinbennett_3526@example.com,Canada,2022-10-13,premium,True
3527,John Collins,johncollins_3527@example.com,Singapore,2022-06-17,business,True
3528,Kerry Ware,kerryware_3528@example.com,Japan,2022-03-27,retail,True
3529,Tina Dougherty,tinadougherty_3529@example.com,France,2022-12-04,retail,True
3530,Michelle Larsen,michellelarsen_3530@example.com,Australia,2024-09-28,retail,True
3531,Katherine Mccormick,katherinemccormick_3531@example.com,Australia,2024-03-19,retail,True
3532,Kristin Graham,kristingraham_3532@example.com,Germany,2023-12-21,retail,True
3533,Alexander Diaz,alexanderdiaz_3533@example.com,United Kingdom,2023-04-08,retail,True
3534,Michael Chandler,michaelchandler_3534@example.com,Germany,2022-01-02,business,False
3535,Justin Cuevas,justincuevas_3535@example.com,United Kingdom,2024-10-11,retail,True
3536,Janet White,janetwhite_3536@example.com,France,2023-05-11,retail,True
3537,Alexandra Ramos,alexandraramos_3537@example.com,Germany,2022-07-17,premium,True
3538,Abigail Collins,abigailcollins_3538@example.com,United States,2022-03-05,retail,True
3539,Jacob King,jacobking_3539@example.com,United Kingdom,2022-05-18,retail,False
3540,Lisa Johnson,lisajohnson_3540@example.com,Singapore,2024-01-03,retail,True
3541,John Williams,johnwilliams_3541@example.com,Brazil,2023-09-07,retail,True
3542,Dawn Garrett,dawngarrett_3542@example.com,France,2024-05-27,retail,False
3543,Samantha Roy,samantharoy_3543@example.com,Brazil,2022-03-27,retail,False
3544,Yolanda Chen,yolandachen_3544@example.com,India,2023-10-17,retail,True
3545,John Golden DDS,johngoldendds_3545@example.com,India,2024-02-25,retail,True
3546,Amanda Johnson,amandajohnson_3546@example.com,Singapore,2023-12-20,business,True
3547,Brittany Fitzgerald,brittanyfitzgerald_3547@example.com,United States,2024-02-18,retail,True
3548,Bonnie Barnes,bonniebarnes_3548@example.com,United Kingdom,2024-08-30,retail,True
3549,Amy Walsh,amywalsh_3549@example.com,Germany,2022-07-12,retail,True
3550,Brent Stephens,brentstephens_3550@example.com,Germany,2024-08-19,retail,True
3551,Mrs. Lisa Smith,mrslisasmith_3551@example.com,India,2023-03-20,retail,True
3552,Sarah Stewart,sarahstewart_3552@example.com,Canada,2022-02-27,business,True
3553,Susan Matthews,susanmatthews_3553@example.com,Japan,2023-01-07,retail,True
3554,Kelli Shepard,kellishepard_3554@example.com,Singapore,2022-04-10,retail,True
3555,Ryan Caldwell,ryancaldwell_3555@example.com,Japan,2024-10-02,retail,True
3556,Roger Mason,rogermason_3556@example.com,Canada,2022-03-23,retail,True
3557,Angela Ramos,angelaramos_3557@example.com,United Kingdom,2022-11-14,premium,True
3558,Craig Wagner,craigwagner_3558@example.com,India,2024-09-22,retail,True
3559,Paul Massey,paulmassey_3559@example.com,Canada,2024-02-11,retail,True
3560,Donald Bell,donaldbell_3560@example.com,Australia,2024-10-07,retail,True
3561,Keith Horton,keithhorton_3561@example.com,United Kingdom,2022-07-27,retail,True
3562,Julie Wilson,juliewilson_3562@example.com,Brazil,2022-02-18,retail,True
3563,Nicholas Lopez,nicholaslopez_3563@example.com,Singapore,2022-02-12,retail,True
3564,Tracy Wang,tracywang_3564@example.com,Australia,2022-08-06,retail,True
3565,Claudia Brooks,claudiabrooks_3565@example.com,Singapore,2024-05-14,retail,True
3566,Nathaniel Wright,nathanielwright_3566@example.com,Australia,2024-08-30,retail,False
3567,Maria Valenzuela,mariavalenzuela_3567@example.com,Canada,2022-09-05,retail,True
3568,Peter Anderson,peteranderson_3568@example.com,Canada,2023-02-07,retail,False
3569,Michael Thompson,michaelthompson_3569@example.com,Australia,2023-06-23,retail,False
3570,Ethan Perez,ethanperez_3570@example.com,Canada,2024-04-26,retail,True
3571,Stephen Thompson,stephenthompson_3571@example.com,Germany,2022-10-29,retail,True
3572,Michael Baker,michaelbaker_3572@example.com,Singapore,2022-01-23,retail,True
3573,Kenneth Bailey DDS,kennethbaileydds_3573@example.com,United States,2022-08-19,retail,True
3574,Mark Decker,markdecker_3574@example.com,Japan,2022-01-19,retail,True
3575,Ruben Cruz,rubencruz_3575@example.com,Australia,2023-05-15,business,True
3576,Christine Park,christinepark_3576@example.com,Germany,2024-08-30,retail,True
3577,Robert Hogan,roberthogan_3577@example.com,Canada,2024-03-05,retail,True
3578,Michael Gordon,michaelgordon_3578@example.com,United Kingdom,2022-10-27,retail,True
3579,Rebecca Davis,rebeccadavis_3579@example.com,Canada,2022-05-20,retail,False
3580,Deanna Mcdonald,deannamcdonald_3580@example.com,United Kingdom,2022-12-04,retail,True
3581,Brian Barrett,brianbarrett_3581@example.com,Australia,2023-04-07,business,True
3582,Charles Willis,charleswillis_3582@example.com,Singapore,2022-03-29,business,True
3583,James Chapman,jameschapman_3583@example.com,United States,2023-01-30,retail,False
3584,Michael Soto,michaelsoto_3584@example.com,Singapore,2024-07-10,retail,True
3585,Aimee Fisher,aimeefisher_3585@example.com,Canada,2024-09-08,retail,True
3586,Matthew Garcia,matthewgarcia_3586@example.com,Singapore,2022-11-19,retail,True
3587,Elizabeth Owens,elizabethowens_3587@example.com,India,2022-06-03,retail,True
3588,Alex Lamb,alexlamb_3588@example.com,United Kingdom,2022-06-23,retail,True
3589,Kenneth Graham,kennethgraham_3589@example.com,United States,2024-01-27,retail,True
3590,Roy King,royking_3590@example.com,Australia,2023-09-14,business,True
3591,George Gregory,georgegregory_3591@example.com,France,2024-08-20,retail,True
3592,Wesley Rich,wesleyrich_3592@example.com,Brazil,2022-10-09,retail,True
3593,Stephanie Hunter,stephaniehunter_3593@example.com,India,2023-12-03,retail,True
3594,Raymond Finley,raymondfinley_3594@example.com,United Kingdom,2023-05-31,retail,False
3595,Allen Hunt,allenhunt_3595@example.com,France,2024-11-17,retail,False
3596,Stacie Sanford,staciesanford_3596@example.com,Australia,2023-05-06,retail,True
3597,Christina Compton,christinacompton_3597@example.com,France,2023-01-28,business,True
3598,Beverly Cook,beverlycook_3598@example.com,Singapore,2023-07-25,retail,True
3599,Tracy Parker,tracyparker_3599@example.com,Germany,2022-10-13,business,True
3600,Rebecca Ellis,rebeccaellis_3600@example.com,Germany,2024-01-11,retail,True
3601,Aaron Hernandez,aaronhernandez_3601@example.com,Germany,2024-08-05,retail,True
3602,Elizabeth Miller,elizabethmiller_3602@example.com,France,2023-05-21,retail,True
3603,Dalton Davis,daltondavis_3603@example.com,Australia,2023-01-10,business,True
3604,Michael Singleton,michaelsingleton_3604@example.com,Australia,2023-05-19,retail,True
3605,John Cooper,johncooper_3605@example.com,Brazil,2024-07-29,retail,True
3606,Michael Hale,michaelhale_3606@example.com,Brazil,2022-05-28,retail,False
3607,Mary Guerra,maryguerra_3607@example.com,Japan,2024-03-16,retail,True
3608,Pamela Davis,pameladavis_3608@example.com,France,2024-10-10,retail,False
3609,Phillip Anderson,phillipanderson_3609@example.com,Brazil,2023-07-22,retail,True
3610,Stephanie Weiss,stephanieweiss_3610@example.com,France,2022-04-15,premium,True
3611,Jessica Long,jessicalong_3611@example.com,India,2022-08-10,retail,True
3612,John Yang,johnyang_3612@example.com,United Kingdom,2022-10-14,retail,True
3613,Connie Franklin,conniefranklin_3613@example.com,United States,2022-03-26,business,True
3614,Jackie Morgan,jackiemorgan_3614@example.com,Japan,2023-07-04,retail,True
3615,Lisa Walton,lisawalton_3615@example.com,Singapore,2023-02-24,retail,True
3616,Maria Taylor,mariataylor_3616@example.com,United States,2022-01-21,retail,False
3617,Daniel Graham,danielgraham_3617@example.com,France,2023-08-06,retail,True
3618,Matthew Simmons,matthewsimmons_3618@example.com,Brazil,2023-07-01,business,True
3619,James Nicholson,jamesnicholson_3619@example.com,Germany,2022-11-07,retail,True
3620,Tyler Fisher,tylerfisher_3620@example.com,Germany,2022-12-18,business,True
3621,Michael Flowers,michaelflowers_3621@example.com,Germany,2022-02-05,premium,True
3622,Bradley Parks,bradleyparks_3622@example.com,Brazil,2023-07-07,business,True
3623,Scott Lara,scottlara_3623@example.com,Germany,2024-04-12,retail,True
3624,Francis Andrews,francisandrews_3624@example.com,Canada,2022-12-22,business,True
3625,Jesse Tucker,jessetucker_3625@example.com,United States,2023-05-05,retail,True
3626,Jennifer Wise,jenniferwise_3626@example.com,Brazil,2024-03-02,retail,True
3627,David Walters,davidwalters_3627@example.com,United Kingdom,2024-04-16,retail,True
3628,Rebekah Cole,rebekahcole_3628@example.com,Singapore,2024-02-18,retail,True
3629,John Rogers,johnrogers_3629@example.com,Germany,2024-10-03,retail,True
3630,Holly Floyd,hollyfloyd_3630@example.com,Australia,2023-10-22,retail,True
3631,Ms. Janet Leonard,msjanetleonard_3631@example.com,Singapore,2024-06-24,retail,True
3632,George Villa,georgevilla_3632@example.com,United Kingdom,2024-02-13,retail,True
3633,Christina Hess,christinahess_3633@example.com,Germany,2023-10-06,retail,True
3634,Jordan Williams,jordanwilliams_3634@example.com,France,2023-04-18,retail,True
3635,Bryan Burns,bryanburns_3635@example.com,United States,2023-05-15,retail,True
3636,Stephen Parks,stephenparks_3636@example.com,United States,2024-03-07,retail,True
3637,George Phillips,georgephillips_3637@example.com,United States,2024-10-02,retail,True
3638,Kimberly White,kimberlywhite_3638@example.com,Singapore,2022-07-03,retail,True
3639,Alan Nguyen,alannguyen_3639@example.com,France,2024-01-21,business,True
3640,Linda Howard,lindahoward_3640@example.com,Canada,2022-12-12,retail,True
3641,Parker Wright,parkerwright_3641@example.com,Japan,2024-12-23,business,True
3642,Brandon Acosta,brandonacosta_3642@example.com,Singapore,2024-01-17,retail,True
3643,Jessica Hill,jessicahill_3643@example.com,Canada,2022-07-09,retail,True
3644,Melissa Sanchez,melissasanchez_3644@example.com,France,2022-06-12,retail,True
3645,Sandy Oconnor,sandyoconnor_3645@example.com,Canada,2023-08-24,retail,True
3646,Judy Jones,judyjones_3646@example.com,Canada,2023-04-15,retail,True
3647,Charles Davila,charlesdavila_3647@example.com,United Kingdom,2023-04-20,business,True
3648,Sonia Reyes,soniareyes_3648@example.com,Brazil,2022-12-27,retail,True
3649,Mrs. Tammy Curry,mrstammycurry_3649@example.com,Singapore,2022-12-10,retail,True
3650,Alex Clements,alexclements_3650@example.com,Germany,2022-06-07,retail,True
3651,Matthew Andrade,matthewandrade_3651@example.com,Canada,2024-12-29,retail,True
3652,Jessica Wilson,jessicawilson_3652@example.com,Australia,2023-01-02,retail,False
3653,Dean Turner,deanturner_3653@example.com,Germany,2022-01-18,retail,True
3654,Sarah Sanchez,sarahsanchez_3654@example.com,France,2024-11-17,business,True
3655,Jacqueline Kennedy,jacquelinekennedy_3655@example.com,United States,2024-03-17,retail,True
3656,Jessica Burgess,jessicaburgess_3656@example.com,Canada,2022-09-28,retail,True
3657,Destiny Powers,destinypowers_3657@example.com,Australia,2023-07-26,retail,True
3658,Susan Gregory,susangregory_3658@example.com,United Kingdom,2023-05-24,retail,True
3659,Jason Smith,jasonsmith_3659@example.com,United States,2022-05-18,premium,True
3660,Carlos Adams,carlosadams_3660@example.com,France,2024-08-01,retail,True
3661,Vanessa Flores,vanessaflores_3661@example.com,Singapore,2024-04-07,business,True
3662,Albert Nguyen,albertnguyen_3662@example.com,Japan,2023-12-26,retail,True
3663,Dwayne Joseph,dwaynejoseph_3663@example.com,Singapore,2023-05-30,retail,True
3664,Leah Walters,leahwalters_3664@example.com,Japan,2024-10-20,retail,True
3665,James Spears,jamesspears_3665@example.com,United Kingdom,2024-01-23,business,True
3666,Gilbert Reed,gilbertreed_3666@example.com,Singapore,2024-02-23,retail,True
3667,Joel Newton,joelnewton_3667@example.com,Australia,2024-09-24,retail,True
3668,Michael Chambers,michaelchambers_3668@example.com,Singapore,2022-10-29,retail,True
3669,Andrew Phelps,andrewphelps_3669@example.com,Canada,2023-09-11,retail,True
3670,Lynn Hoffman,lynnhoffman_3670@example.com,Germany,2024-06-18,retail,True
3671,Daniel Mercer,danielmercer_3671@example.com,India,2024-01-31,business,True
3672,Edgar Stewart,edgarstewart_3672@example.com,Singapore,2022-04-16,retail,True
3673,Alyssa Weber,alyssaweber_3673@example.com,United Kingdom,2023-08-29,retail,True
3674,Guy Reynolds,guyreynolds_3674@example.com,Singapore,2024-06-06,retail,True
3675,Allison Mcpherson DDS,allisonmcphersondds_3675@example.com,Japan,2024-09-04,retail,False
3676,David Morse Jr.,davidmorsejr_3676@example.com,India,2022-05-19,retail,True
3677,Sarah Davis,sarahdavis_3677@example.com,Japan,2022-12-06,retail,True
3678,Willie Duncan,willieduncan_3678@example.com,Japan,2023-07-07,retail,True
3679,Christopher Waters,christopherwaters_3679@example.com,Japan,2024-01-31,retail,True
3680,Jennifer Ortiz,jenniferortiz_3680@example.com,Brazil,2024-07-31,retail,True
3681,Jennifer Greene,jennifergreene_3681@example.com,Australia,2022-04-15,business,True
3682,Jack Garcia,jackgarcia_3682@example.com,India,2024-09-25,retail,True
3683,Toni Gill,tonigill_3683@example.com,Japan,2024-11-02,retail,False
3684,Joseph Myers,josephmyers_3684@example.com,Singapore,2023-11-08,retail,True
3685,Kathleen Marshall,kathleenmarshall_3685@example.com,France,2022-10-22,retail,False
3686,Joanna Bradshaw,joannabradshaw_3686@example.com,United Kingdom,2024-02-26,retail,True
3687,Dylan Patel,dylanpatel_3687@example.com,United States,2023-09-13,retail,True
3688,John Jackson,johnjackson_3688@example.com,Singapore,2023-02-01,retail,True
3689,Janet Delgado,janetdelgado_3689@example.com,Canada,2024-05-24,retail,True
3690,Jennifer Fields,jenniferfields_3690@example.com,Germany,2022-01-02,premium,True
3691,Brenda Harvey,brendaharvey_3691@example.com,United States,2023-06-28,retail,True
3692,Ms. Monique Dougherty MD,msmoniquedoughertymd_3692@example.com,Germany,2024-08-17,business,True
3693,Keith Kennedy,keithkennedy_3693@example.com,India,2022-08-22,retail,True
3694,Jacob Paul,jacobpaul_3694@example.com,Australia,2024-02-02,business,False
3695,Martha Arnold,marthaarnold_3695@example.com,France,2023-11-09,retail,True
3696,Sarah Martin,sarahmartin_3696@example.com,Canada,2024-12-01,retail,True
3697,Shaun Thompson,shaunthompson_3697@example.com,Germany,2023-04-09,business,True
3698,Tammy Morris,tammymorris_3698@example.com,France,2023-11-04,business,True
3699,Steven Clark,stevenclark_3699@example.com,Singapore,2022-04-16,premium,True
3700,David Morrison,davidmorrison_3700@example.com,France,2022-08-07,business,True
3701,Rebecca Kaufman DDS,rebeccakaufmandds_3701@example.com,Germany,2023-05-25,retail,True
3702,Larry Rivera,larryrivera_3702@example.com,United Kingdom,2024-11-01,retail,True
3703,Caitlin Ford,caitlinford_3703@example.com,Singapore,2023-11-10,retail,True
3704,Adriana Johnson,adrianajohnson_3704@example.com,Brazil,2024-09-12,business,True
3705,Sharon Cowan,sharoncowan_3705@example.com,Australia,2022-04-27,retail,True
3706,Andrea Butler,andreabutler_3706@example.com,Canada,2024-04-28,retail,True
3707,Mike Martinez,mikemartinez_3707@example.com,Australia,2022-08-31,retail,True
3708,Maria Ferguson,mariaferguson_3708@example.com,India,2024-03-22,retail,True
3709,John Barber,johnbarber_3709@example.com,Germany,2023-08-10,retail,True
3710,James Short,jamesshort_3710@example.com,Australia,2022-11-23,retail,True
3711,Heidi Moran,heidimoran_3711@example.com,United Kingdom,2022-07-26,retail,True
3712,Marie Patterson,mariepatterson_3712@example.com,United States,2022-11-04,retail,True
3713,Charles Baker,charlesbaker_3713@example.com,United Kingdom,2022-11-08,premium,True
3714,Nicole Rodriguez,nicolerodriguez_3714@example.com,Canada,2022-03-08,retail,False
3715,Jason Morgan,jasonmorgan_3715@example.com,Australia,2024-01-02,retail,True
3716,Rebecca Clark,rebeccaclark_3716@example.com,Canada,2023-09-27,retail,True
3717,Martin Jones,martinjones_3717@example.com,Brazil,2022-06-18,premium,True
3718,Katherine Sanchez,katherinesanchez_3718@example.com,Germany,2022-12-15,business,True
3719,Edward Wallace,edwardwallace_3719@example.com,India,2022-08-09,retail,True
3720,Melissa Carroll,melissacarroll_3720@example.com,Japan,2022-05-27,business,True
3721,Pam Hernandez,pamhernandez_3721@example.com,United Kingdom,2024-08-04,retail,True
3722,Daniel Wood,danielwood_3722@example.com,Japan,2022-07-16,retail,True
3723,Eddie Duffy,eddieduffy_3723@example.com,France,2022-03-07,retail,True
3724,Mark Alvarez,markalvarez_3724@example.com,Canada,2024-08-26,business,True
3725,Edward Manning,edwardmanning_3725@example.com,Japan,2023-09-20,retail,True
3726,Bridget Carter,bridgetcarter_3726@example.com,Singapore,2024-05-06,business,True
3727,Mark Johnson,markjohnson_3727@example.com,France,2023-10-31,retail,True
3728,Eric Silva,ericsilva_3728@example.com,Canada,2022-03-17,retail,True
3729,Nathan Mcgee,nathanmcgee_3729@example.com,United Kingdom,2022-10-30,retail,True
3730,Jennifer Montgomery MD,jennifermontgomerymd_3730@example.com,Canada,2022-05-31,retail,True
3731,Christopher Farrell,christopherfarrell_3731@example.com,Australia,2023-05-05,retail,True
3732,James Grimes,jamesgrimes_3732@example.com,United Kingdom,2023-09-12,business,True
3733,Mr. Joseph Thompson,mrjosephthompson_3733@example.com,India,2022-03-11,retail,True
3734,Alexis Arroyo,alexisarroyo_3734@example.com,Australia,2022-05-16,retail,True
3735,Eric Walker,ericwalker_3735@example.com,France,2024-03-08,retail,True
3736,Richard Mccormick,richardmccormick_3736@example.com,Singapore,2023-10-25,retail,True
3737,Heather Stevens,heatherstevens_3737@example.com,Singapore,2023-10-07,premium,True
3738,Susan Larsen,susanlarsen_3738@example.com,Canada,2022-01-16,business,True
3739,Rachel Warren,rachelwarren_3739@example.com,France,2024-05-01,retail,True
3740,Dale Beck,dalebeck_3740@example.com,Australia,2022-10-31,retail,True
3741,Brett Rivera,brettrivera_3741@example.com,Japan,2024-10-11,premium,False
3742,Juan Nichols,juannichols_3742@example.com,Canada,2024-05-05,retail,True
3743,Shelia Waller,sheliawaller_3743@example.com,Australia,2023-12-04,business,True
3744,Keith Wright,keithwright_3744@example.com,United States,2022-08-03,retail,True
3745,Patrick Norris,patricknorris_3745@example.com,Japan,2023-02-18,retail,True
3746,Danielle Norris,daniellenorris_3746@example.com,Japan,2023-07-15,retail,True
3747,Andrew Lynch,andrewlynch_3747@example.com,Brazil,2023-02-07,retail,False
3748,Anna Lee,annalee_3748@example.com,United States,2024-07-20,premium,True
3749,Amy Leach,amyleach_3749@example.com,France,2024-07-23,retail,True
3750,Amy Perez,amyperez_3750@example.com,Singapore,2022-05-09,retail,True
3751,Lauren Marshall,laurenmarshall_3751@example.com,India,2023-04-18,business,True
3752,Rachael Flores,rachaelflores_3752@example.com,Germany,2024-07-09,retail,True
3753,Christina Wilson,christinawilson_3753@example.com,United States,2023-04-15,retail,True
3754,Craig Daniels,craigdaniels_3754@example.com,Singapore,2023-06-28,retail,True
3755,John Hudson,johnhudson_3755@example.com,Germany,2024-07-09,retail,True
3756,Shannon Rodriguez,shannonrodriguez_3756@example.com,United States,2022-06-05,business,True
3757,Paula Lee,paulalee_3757@example.com,Japan,2024-05-03,retail,True
3758,Lisa Bryant,lisabryant_3758@example.com,France,2022-04-15,retail,True
3759,Paul Guzman,paulguzman_3759@example.com,Japan,2023-08-12,retail,True
3760,Christopher Hunter MD,christopherhuntermd_3760@example.com,Singapore,2023-11-04,retail,True
3761,Elizabeth Camacho,elizabethcamacho_3761@example.com,United States,2024-05-29,retail,True
3762,Donald Hoffman,donaldhoffman_3762@example.com,India,2022-02-12,retail,False
3763,Jeremiah Rowland,jeremiahrowland_3763@example.com,France,2022-12-13,retail,True
3764,Katherine Flores,katherineflores_3764@example.com,Singapore,2022-11-28,business,True
3765,Julie Martin,juliemartin_3765@example.com,Canada,2024-01-11,retail,False
3766,Jeffrey Torres,jeffreytorres_3766@example.com,France,2022-05-21,retail,True
3767,Jessica Little,jessicalittle_3767@example.com,United Kingdom,2022-01-07,premium,True
3768,Catherine Maxwell,catherinemaxwell_3768@example.com,France,2023-01-02,retail,True
3769,Cindy Shaw,cindyshaw_3769@example.com,United Kingdom,2024-10-21,retail,True
3770,Joseph Garcia,josephgarcia_3770@example.com,India,2024-11-12,retail,True
3771,Leon Duncan,leonduncan_3771@example.com,France,2022-06-20,retail,True
3772,Christopher Miranda,christophermiranda_3772@example.com,Canada,2024-03-05,business,True
3773,Sarah Bishop,sarahbishop_3773@example.com,France,2022-02-07,business,True
3774,Tyler Zavala,tylerzavala_3774@example.com,United Kingdom,2022-05-10,retail,True
3775,Rachel Chan,rachelchan_3775@example.com,Japan,2024-12-31,retail,False
3776,Timothy Kennedy,timothykennedy_3776@example.com,Australia,2022-03-03,retail,True
3777,Elizabeth Thomas,elizabeththomas_3777@example.com,Singapore,2022-08-01,business,True
3778,Hector Mcgee,hectormcgee_3778@example.com,Singapore,2023-03-11,retail,True
3779,Jeffery Long,jefferylong_3779@example.com,India,2022-05-18,premium,True
3780,Philip Powell,philippowell_3780@example.com,India,2024-07-26,retail,True
3781,Heather Trujillo,heathertrujillo_3781@example.com,Germany,2022-03-27,retail,True
3782,Pamela Smith,pamelasmith_3782@example.com,Brazil,2023-12-29,retail,True
3783,Christine Moran,christinemoran_3783@example.com,Australia,2023-11-25,retail,True
3784,James Morris,jamesmorris_3784@example.com,Australia,2024-08-07,retail,True
3785,Erika Castro,erikacastro_3785@example.com,Brazil,2024-12-02,retail,True
3786,Daniel Shaw,danielshaw_3786@example.com,Canada,2024-08-27,retail,False
3787,Ashley Sanchez,ashleysanchez_3787@example.com,Australia,2022-09-03,retail,True
3788,John Griffith,johngriffith_3788@example.com,Australia,2023-05-19,retail,True
3789,Wesley Williams,wesleywilliams_3789@example.com,France,2022-03-21,business,True
3790,Melissa Stout,melissastout_3790@example.com,France,2022-10-08,retail,True
3791,Mr. Lawrence Brooks,mrlawrencebrooks_3791@example.com,Canada,2023-07-29,retail,True
3792,Mark Hill,markhill_3792@example.com,United Kingdom,2024-12-23,retail,True
3793,Thomas Rodriguez,thomasrodriguez_3793@example.com,France,2024-04-13,retail,False
3794,Paul Nguyen,paulnguyen_3794@example.com,Australia,2023-01-14,retail,True
3795,Jennifer Hernandez,jenniferhernandez_3795@example.com,Japan,2022-07-25,retail,True
3796,Edwin Gonzalez,edwingonzalez_3796@example.com,France,2023-11-15,retail,True
3797,David Armstrong,davidarmstrong_3797@example.com,Brazil,2023-03-11,retail,True
3798,Debbie Schmidt,debbieschmidt_3798@example.com,United States,2023-07-21,retail,True
3799,Alex Barton,alexbarton_3799@example.com,Japan,2022-06-13,business,True
3800,Richard Dawson,richarddawson_3800@example.com,Brazil,2023-09-01,business,True
3801,Scott Stein,scottstein_3801@example.com,United Kingdom,2024-04-06,retail,True
3802,Stephen Lopez,stephenlopez_3802@example.com,Singapore,2022-07-10,retail,True
3803,Joel Cook,joelcook_3803@example.com,United States,2022-10-08,retail,False
3804,Michele Scott,michelescott_3804@example.com,Brazil,2022-01-09,retail,True
3805,Allison Wilson,allisonwilson_3805@example.com,India,2024-01-10,retail,True
3806,James Tucker,jamestucker_3806@example.com,Canada,2023-05-23,retail,True
3807,Joseph Durham,josephdurham_3807@example.com,Brazil,2022-08-01,retail,True
3808,Alexis Kim,alexiskim_3808@example.com,Germany,2022-09-17,retail,False
3809,Jonathan Yates,jonathanyates_3809@example.com,Japan,2023-05-04,premium,True
3810,Katherine Andrews,katherineandrews_3810@example.com,Japan,2023-07-14,retail,True
3811,Morgan Cunningham,morgancunningham_3811@example.com,Germany,2024-10-05,retail,True
3812,Phyllis Schmidt,phyllisschmidt_3812@example.com,Germany,2024-03-06,retail,True
3813,Sarah Miller,sarahmiller_3813@example.com,Australia,2022-10-06,retail,True
3814,Lisa Kaiser,lisakaiser_3814@example.com,Brazil,2023-08-13,retail,True
3815,Pamela Jordan,pamelajordan_3815@example.com,United Kingdom,2024-05-10,retail,True
3816,Jerry Gilmore,jerrygilmore_3816@example.com,United States,2022-08-23,retail,True
3817,Marie Jones,mariejones_3817@example.com,France,2022-09-20,retail,True
3818,Gina Rose,ginarose_3818@example.com,Brazil,2022-09-03,premium,True
3819,Samantha Reynolds,samanthareynolds_3819@example.com,United States,2023-04-18,premium,True
3820,Kenneth Smith,kennethsmith_3820@example.com,United Kingdom,2024-03-19,retail,True
3821,Alicia Perez,aliciaperez_3821@example.com,United Kingdom,2022-01-06,retail,True
3822,David Walker,davidwalker_3822@example.com,United States,2024-04-26,retail,True
3823,Erin Ellis,erinellis_3823@example.com,Canada,2022-10-29,retail,True
3824,Patricia Andrews,patriciaandrews_3824@example.com,Australia,2023-10-28,premium,True
3825,Spencer Camacho,spencercamacho_3825@example.com,Japan,2023-07-18,retail,True
3826,Raymond Harris,raymondharris_3826@example.com,Canada,2023-02-28,retail,True
3827,Alexander Guzman,alexanderguzman_3827@example.com,Germany,2024-09-30,retail,True
3828,Penny Fernandez,pennyfernandez_3828@example.com,United States,2023-06-01,retail,True
3829,Erin Stewart,erinstewart_3829@example.com,United States,2022-05-03,retail,True
3830,Daniel Turner,danielturner_3830@example.com,Germany,2024-04-26,retail,True
3831,Devin Mayer,devinmayer_3831@example.com,France,2023-07-27,retail,True
3832,Henry Taylor,henrytaylor_3832@example.com,India,2024-12-20,retail,True
3833,Jessica Flowers,jessicaflowers_3833@example.com,France,2023-04-05,retail,True
3834,Jeremy Manning,jeremymanning_3834@example.com,France,2024-09-03,premium,True
3835,Jamie Griffin,jamiegriffin_3835@example.com,India,2023-03-28,retail,True
3836,Daniel James,danieljames_3836@example.com,Germany,2024-09-22,retail,False
3837,Anna Thompson,annathompson_3837@example.com,Japan,2024-11-09,retail,True
3838,Misty Martinez,mistymartinez_3838@example.com,France,2024-01-30,retail,True
3839,Barbara Burns,barbaraburns_3839@example.com,France,2024-11-23,retail,True
3840,Nicole Stewart,nicolestewart_3840@example.com,United States,2022-05-09,retail,True
3841,William Marsh,williammarsh_3841@example.com,Germany,2023-08-03,retail,True
3842,David Rodriguez,davidrodriguez_3842@example.com,Japan,2024-12-21,business,True
3843,Adam Lara,adamlara_3843@example.com,Japan,2022-01-07,retail,True
3844,Scott Gomez,scottgomez_3844@example.com,Japan,2024-05-09,retail,True
3845,Sara Hamilton,sarahamilton_3845@example.com,Germany,2023-01-19,retail,True
3846,Elizabeth Key,elizabethkey_3846@example.com,Singapore,2023-05-30,retail,True
3847,Mason Price,masonprice_3847@example.com,Germany,2024-04-03,retail,False
3848,Trevor Hill,trevorhill_3848@example.com,Brazil,2024-01-01,retail,True
3849,Erica Taylor,ericataylor_3849@example.com,Germany,2023-05-17,retail,True
3850,Justin Anderson,justinanderson_3850@example.com,Australia,2024-08-23,retail,True
3851,Michael Farmer,michaelfarmer_3851@example.com,India,2023-04-12,retail,True
3852,Robert Cline,robertcline_3852@example.com,United Kingdom,2022-07-31,retail,True
3853,Jacqueline Perry,jacquelineperry_3853@example.com,Singapore,2022-03-31,retail,True
3854,Christopher Mayer,christophermayer_3854@example.com,United Kingdom,2022-07-30,retail,False
3855,Natalie Patrick,nataliepatrick_3855@example.com,India,2022-10-05,retail,True
3856,Shawn Rodriguez,shawnrodriguez_3856@example.com,Australia,2022-07-18,retail,True
3857,Jonathan Torres,jonathantorres_3857@example.com,Brazil,2024-04-17,retail,True
3858,Susan Baker,susanbaker_3858@example.com,Brazil,2024-07-10,business,True
3859,Richard Rivera,richardrivera_3859@example.com,Germany,2022-09-01,retail,True
3860,Amanda Wiggins,amandawiggins_3860@example.com,Brazil,2023-05-09,retail,True
3861,Amber Bennett,amberbennett_3861@example.com,Japan,2022-12-09,retail,True
3862,Kelly Moore,kellymoore_3862@example.com,United States,2024-09-29,business,True
3863,Steven Davis,stevendavis_3863@example.com,Singapore,2023-11-09,retail,True
3864,Ashley Alvarez DVM,ashleyalvarezdvm_3864@example.com,Germany,2023-07-23,retail,True
3865,Kimberly Taylor,kimberlytaylor_3865@example.com,Australia,2024-07-15,retail,True
3866,Mallory Collins,mallorycollins_3866@example.com,United Kingdom,2022-02-13,retail,True
3867,Steven Anderson,stevenanderson_3867@example.com,Canada,2023-04-25,retail,True
3868,Holly Austin,hollyaustin_3868@example.com,Germany,2023-03-05,retail,True
3869,Karen Goodman,karengoodman_3869@example.com,United States,2024-07-09,retail,True
3870,Christina Robinson,christinarobinson_3870@example.com,United Kingdom,2023-02-23,retail,True
3871,Tom Perez,tomperez_3871@example.com,France,2024-06-03,retail,True
3872,Brandon Powell,brandonpowell_3872@example.com,Canada,2024-08-28,retail,True
3873,Ashley Perez,ashleyperez_3873@example.com,United States,2024-12-27,retail,True
3874,Matthew Murphy,matthewmurphy_3874@example.com,Singapore,2022-08-11,retail,True
3875,Mary Meyer,marymeyer_3875@example.com,United Kingdom,2022-11-11,retail,True
3876,Sophia Wolf,sophiawolf_3876@example.com,Canada,2023-06-30,retail,True
3877,Javier Stanley,javierstanley_3877@example.com,Japan,2023-11-07,business,True
3878,Taylor Johnson,taylorjohnson_3878@example.com,Brazil,2024-12-27,retail,True
3879,Janice Williams,janicewilliams_3879@example.com,India,2024-05-20,retail,True
3880,Christopher Thomas,christopherthomas_3880@example.com,India,2023-07-26,retail,True
3881,Robert Martin,robertmartin_3881@example.com,United States,2023-02-06,retail,True
3882,Kenneth Webb,kennethwebb_3882@example.com,Japan,2024-08-10,business,True
3883,Mark Montoya,markmontoya_3883@example.com,United Kingdom,2022-09-17,business,True
3884,Jodi Lewis,jodilewis_3884@example.com,Japan,2022-08-20,retail,True
3885,Kimberly Wilson,kimberlywilson_3885@example.com,Brazil,2022-10-04,retail,True
3886,Randy Bradshaw,randybradshaw_3886@example.com,Germany,2022-09-16,retail,True
3887,Steven Scott,stevenscott_3887@example.com,Brazil,2022-06-01,retail,True
3888,Katherine Dunn,katherinedunn_3888@example.com,Australia,2024-12-11,retail,True
3889,Mary Peterson,marypeterson_3889@example.com,Australia,2022-10-06,business,True
3890,Amy Diaz,amydiaz_3890@example.com,India,2023-02-25,retail,True
3891,Traci Martinez,tracimartinez_3891@example.com,United Kingdom,2024-11-26,retail,True
3892,Jim Rodriguez,jimrodriguez_3892@example.com,Singapore,2022-06-14,retail,True
3893,Elizabeth Marks,elizabethmarks_3893@example.com,Canada,2023-07-20,premium,True
3894,Jeffrey Joyce,jeffreyjoyce_3894@example.com,United States,2022-01-24,retail,True
3895,Sean Wagner,seanwagner_3895@example.com,United States,2022-03-04,retail,True
3896,Todd Lutz,toddlutz_3896@example.com,Brazil,2022-06-16,retail,True
3897,Ryan Walker,ryanwalker_3897@example.com,United Kingdom,2024-06-18,retail,True
3898,Nicholas Gomez,nicholasgomez_3898@example.com,Australia,2022-04-28,retail,True
3899,Brittany Heath,brittanyheath_3899@example.com,Brazil,2022-02-22,retail,False
3900,Rebecca Cox,rebeccacox_3900@example.com,Australia,2024-02-16,retail,True
3901,Travis Schmidt,travisschmidt_3901@example.com,Japan,2023-08-17,retail,True
3902,Brett Martin,brettmartin_3902@example.com,United Kingdom,2022-10-30,retail,True
3903,Lisa Bridges,lisabridges_3903@example.com,India,2023-08-12,retail,False
3904,Brittany Dunlap,brittanydunlap_3904@example.com,United Kingdom,2022-11-05,retail,True
3905,Shannon Ramirez,shannonramirez_3905@example.com,Japan,2022-03-28,retail,True
3906,Tiffany Phillips,tiffanyphillips_3906@example.com,Japan,2024-06-09,retail,True
3907,Valerie English,valerieenglish_3907@example.com,United States,2022-01-06,retail,True
3908,Chad Hurley,chadhurley_3908@example.com,Singapore,2023-12-09,retail,True
3909,David Peters,davidpeters_3909@example.com,Japan,2023-07-18,retail,True
3910,Thomas Austin,thomasaustin_3910@example.com,Brazil,2022-09-09,retail,True
3911,Amy Jenkins,amyjenkins_3911@example.com,France,2024-11-13,retail,True
3912,Rodney Duran,rodneyduran_3912@example.com,United States,2024-01-20,retail,True
3913,Tiffany Sanchez,tiffanysanchez_3913@example.com,Brazil,2024-02-08,retail,True
3914,Maria Myers,mariamyers_3914@example.com,United States,2024-08-20,retail,True
3915,Ruben Jones,rubenjones_3915@example.com,Singapore,2024-07-31,retail,True
3916,Desiree Stafford,desireestafford_3916@example.com,United States,2024-12-12,retail,True
3917,Patrick Blackburn,patrickblackburn_3917@example.com,France,2022-04-07,business,True
3918,Jeremy Chambers,jeremychambers_3918@example.com,France,2024-12-18,retail,True
3919,Alexandra Wilson,alexandrawilson_3919@example.com,Japan,2022-01-11,retail,True
3920,Brian Fuller,brianfuller_3920@example.com,Canada,2024-08-28,retail,False
3921,Matthew Evans,matthewevans_3921@example.com,Japan,2023-02-02,retail,True
3922,Patrick Gibson,patrickgibson_3922@example.com,Japan,2022-05-12,retail,True
3923,William Lozano,williamlozano_3923@example.com,United Kingdom,2022-10-17,retail,True
3924,Dillon Travis,dillontravis_3924@example.com,France,2022-12-16,retail,True
3925,Steven Rodriguez,stevenrodriguez_3925@example.com,France,2024-04-14,retail,True
3926,Kevin Walter,kevinwalter_3926@example.com,Singapore,2022-09-25,retail,True
3927,Rebecca Blake,rebeccablake_3927@example.com,Japan,2024-06-01,retail,True
3928,Brian Bright,brianbright_3928@example.com,France,2022-06-18,retail,True
3929,Linda Cox,lindacox_3929@example.com,Singapore,2023-08-21,business,True
3930,Mary Copeland,marycopeland_3930@example.com,Canada,2023-12-28,business,True
3931,Jennifer Little,jenniferlittle_3931@example.com,France,2022-03-28,retail,True
3932,Diana Ramsey,dianaramsey_3932@example.com,Australia,2023-11-28,retail,True
3933,David Romero,davidromero_3933@example.com,Germany,2022-02-17,retail,True
3934,Russell Bird,russellbird_3934@example.com,France,2024-04-22,retail,True
3935,Brian Shaffer,brianshaffer_3935@example.com,Japan,2024-12-22,retail,False
3936,Jon Garza,jongarza_3936@example.com,Germany,2022-08-12,retail,True
3937,Ashley Norman,ashleynorman_3937@example.com,Japan,2024-11-28,retail,False
3938,Kristina Monroe,kristinamonroe_3938@example.com,Australia,2022-10-02,retail,True
3939,Joseph Schaefer,josephschaefer_3939@example.com,United States,2023-11-28,retail,True
3940,Kyle Garza,kylegarza_3940@example.com,United States,2023-08-20,retail,False
3941,Tiffany Johnston,tiffanyjohnston_3941@example.com,Germany,2023-12-29,retail,True
3942,Phillip Ward,phillipward_3942@example.com,Brazil,2023-10-08,business,True
3943,Stephanie Fisher,stephaniefisher_3943@example.com,Germany,2022-10-17,business,True
3944,Patrick Reed,patrickreed_3944@example.com,Brazil,2024-07-20,retail,True
3945,Sarah Berry,sarahberry_3945@example.com,United Kingdom,2022-04-09,retail,True
3946,Teresa Li,teresali_3946@example.com,Brazil,2022-07-07,retail,True
3947,Paula Caldwell,paulacaldwell_3947@example.com,Germany,2022-10-03,retail,True
3948,Keith Johnson,keithjohnson_3948@example.com,Germany,2022-03-22,business,True
3949,Annette Knapp,annetteknapp_3949@example.com,United Kingdom,2022-06-21,business,True
3950,Monica Atkinson,monicaatkinson_3950@example.com,Japan,2024-10-14,retail,True
3951,Robert Cooper,robertcooper_3951@example.com,Singapore,2022-07-15,retail,True
3952,Danielle Griffin,daniellegriffin_3952@example.com,Singapore,2024-12-10,business,True
3953,Jimmy Ritter,jimmyritter_3953@example.com,Canada,2023-03-04,business,False
3954,Riley Clark,rileyclark_3954@example.com,United States,2022-08-07,retail,True
3955,Kimberly Morris,kimberlymorris_3955@example.com,Japan,2022-09-19,business,True
3956,Gregory Ochoa,gregoryochoa_3956@example.com,United States,2023-05-16,retail,True
3957,Shannon Cook,shannoncook_3957@example.com,India,2023-06-25,retail,True
3958,Natalie Huff,nataliehuff_3958@example.com,Brazil,2022-09-03,premium,False
3959,Ronald Garcia,ronaldgarcia_3959@example.com,United States,2023-03-14,retail,True
3960,Margaret Edwards,margaretedwards_3960@example.com,Australia,2022-10-02,business,True
3961,Cody Reyes III,codyreyesiii_3961@example.com,Brazil,2022-05-26,business,True
3962,Heather Shaffer,heathershaffer_3962@example.com,Brazil,2023-08-11,retail,True
3963,Nicole Chung,nicolechung_3963@example.com,Germany,2024-03-24,retail,True
3964,Brian Perkins,brianperkins_3964@example.com,United States,2022-10-13,retail,True
3965,Melody Castro,melodycastro_3965@example.com,Canada,2022-11-19,business,True
3966,Kimberly Sanders,kimberlysanders_3966@example.com,Japan,2022-10-30,retail,True
3967,Christina Davis,christinadavis_3967@example.com,Australia,2023-11-23,retail,True
3968,Sherri Sullivan,sherrisullivan_3968@example.com,United States,2023-08-26,retail,True
3969,Mike Patel,mikepatel_3969@example.com,United States,2024-01-22,retail,True
3970,Thomas Garcia,thomasgarcia_3970@example.com,Australia,2023-05-02,retail,True
3971,Robin Clay,robinclay_3971@example.com,Singapore,2022-04-05,retail,True
3972,Kelly Miller,kellymiller_3972@example.com,Canada,2024-05-23,retail,True
3973,Mrs. Amanda Kelley DDS,mrsamandakelleydds_3973@example.com,United States,2023-01-31,business,True
3974,Johnny Whitaker,johnnywhitaker_3974@example.com,Germany,2024-01-10,retail,True
3975,Mrs. Courtney Wong,mrscourtneywong_3975@example.com,United Kingdom,2022-02-25,retail,True
3976,Adam Sanchez,adamsanchez_3976@example.com,United Kingdom,2023-10-19,business,True
3977,Logan Massey,loganmassey_3977@example.com,Canada,2023-03-24,retail,True
3978,Juan Carroll,juancarroll_3978@example.com,United States,2024-05-30,retail,True
3979,Ryan Carpenter,ryancarpenter_3979@example.com,Brazil,2022-08-11,retail,True
3980,Stacy Werner,stacywerner_3980@example.com,Singapore,2022-10-20,retail,False
3981,Michelle Holden,michelleholden_3981@example.com,France,2023-08-18,retail,True
3982,Deborah Wood,deborahwood_3982@example.com,Germany,2023-09-15,business,True
3983,Taylor Flores,taylorflores_3983@example.com,Japan,2024-07-05,retail,True
3984,Tyler Taylor,tylertaylor_3984@example.com,Germany,2024-09-03,business,False
3985,Victoria Wright,victoriawright_3985@example.com,Japan,2022-10-07,retail,True
3986,Betty Pollard,bettypollard_3986@example.com,Australia,2022-09-12,retail,True
3987,Katie Alvarez,katiealvarez_3987@example.com,India,2022-02-06,retail,True
3988,Robert Munoz,robertmunoz_3988@example.com,Australia,2022-05-13,business,True
3989,Michelle Newman,michellenewman_3989@example.com,Canada,2022-02-02,retail,True
3990,Victoria Marshall,victoriamarshall_3990@example.com,France,2022-12-06,retail,True
3991,Amy Montgomery,amymontgomery_3991@example.com,Brazil,2024-05-11,retail,True
3992,Jeffrey Benton Jr.,jeffreybentonjr_3992@example.com,Singapore,2023-08-31,business,True
3993,Kristin Brown,kristinbrown_3993@example.com,Brazil,2024-07-23,retail,True
3994,Sean Hernandez,seanhernandez_3994@example.com,Canada,2024-01-20,retail,True
3995,Ana Higgins,anahiggins_3995@example.com,Brazil,2023-05-24,retail,True
3996,Theresa Luna,theresaluna_3996@example.com,France,2022-02-13,retail,True
3997,Katherine Padilla,katherinepadilla_3997@example.com,Brazil,2023-02-03,premium,True
3998,Victoria Lewis,victorialewis_3998@example.com,United Kingdom,2023-01-14,business,True
3999,Joshua Leonard,joshualeonard_3999@example.com,Germany,2023-08-26,retail,True
4000,Kelly Liu,kellyliu_4000@example.com,Singapore,2024-04-07,retail,False
4001,Brianna Ryan,briannaryan_4001@example.com,United States,2024-04-15,retail,True
4002,Emily Smith,emilysmith_4002@example.com,Japan,2024-08-26,retail,True
4003,Michelle Howard,michellehoward_4003@example.com,India,2024-05-05,premium,True
4004,William Austin,williamaustin_4004@example.com,India,2022-12-23,retail,True
4005,Monica Oconnor,monicaoconnor_4005@example.com,Germany,2024-11-30,retail,True
4006,Kyle Blake,kyleblake_4006@example.com,Brazil,2024-01-11,retail,True
4007,Christopher Banks,christopherbanks_4007@example.com,Japan,2022-10-11,retail,True
4008,Bryan Davis DVM,bryandavisdvm_4008@example.com,United States,2023-08-07,business,True
4009,Tiffany Hughes,tiffanyhughes_4009@example.com,Singapore,2022-08-30,premium,False
4010,Michael Taylor,michaeltaylor_4010@example.com,Brazil,2024-06-08,retail,True
4011,Brendan Kelly,brendankelly_4011@example.com,Canada,2024-04-11,retail,True
4012,Sherry Porter,sherryporter_4012@example.com,Canada,2024-06-08,retail,True
4013,James Perez,jamesperez_4013@example.com,Japan,2024-02-23,retail,True
4014,Miss Gina Walton,missginawalton_4014@example.com,United Kingdom,2023-03-20,retail,True
4015,Alicia Obrien,aliciaobrien_4015@example.com,Singapore,2022-07-21,retail,True
4016,Mrs. Jacqueline Jackson,mrsjacquelinejackson_4016@example.com,Canada,2023-01-25,business,True
4017,Kendra Smith,kendrasmith_4017@example.com,Australia,2022-09-04,retail,True
4018,Alexander Stein,alexanderstein_4018@example.com,France,2024-03-27,retail,True
4019,Shannon Sosa,shannonsosa_4019@example.com,France,2024-11-08,retail,True
4020,Marc White,marcwhite_4020@example.com,United States,2022-12-03,retail,True
4021,Gregory Wiggins,gregorywiggins_4021@example.com,United States,2024-11-18,retail,True
4022,Linda Berry,lindaberry_4022@example.com,Singapore,2022-05-09,premium,True
4023,Michelle Hobbs,michellehobbs_4023@example.com,Singapore,2024-10-28,retail,True
4024,Charles Fuentes,charlesfuentes_4024@example.com,Germany,2023-11-17,business,True
4025,Andrew Medina,andrewmedina_4025@example.com,United States,2022-04-09,business,True
4026,Teresa Aguirre,teresaaguirre_4026@example.com,United States,2023-07-26,retail,True
4027,Eddie Bailey,eddiebailey_4027@example.com,United Kingdom,2023-10-21,retail,True
4028,Joseph Mccullough,josephmccullough_4028@example.com,Canada,2024-12-04,retail,True
4029,Mr. Zachary Mora DVM,mrzacharymoradvm_4029@example.com,India,2024-04-22,retail,True
4030,Kimberly Price,kimberlyprice_4030@example.com,Australia,2023-03-28,retail,True
4031,Bruce Spencer,brucespencer_4031@example.com,India,2024-06-21,retail,True
4032,Jacob Allen,jacoballen_4032@example.com,Canada,2022-04-30,retail,True
4033,Chelsea Powell,chelseapowell_4033@example.com,Canada,2024-04-05,retail,True
4034,Thomas Morse,thomasmorse_4034@example.com,Canada,2022-10-08,retail,True
4035,Susan Zimmerman,susanzimmerman_4035@example.com,United Kingdom,2024-10-04,retail,True
4036,Annette Meyer,annettemeyer_4036@example.com,Singapore,2022-04-08,premium,True
4037,Erica Rose,ericarose_4037@example.com,Brazil,2022-05-17,retail,True
4038,Kim Long,kimlong_4038@example.com,Singapore,2024-12-09,retail,True
4039,Christina Flores,christinaflores_4039@example.com,Germany,2023-02-11,retail,True
4040,Craig Raymond,craigraymond_4040@example.com,Canada,2023-10-06,retail,False
4041,Jeffrey Miller,jeffreymiller_4041@example.com,Germany,2023-12-08,business,True
4042,Brian Hoffman,brianhoffman_4042@example.com,India,2022-06-12,retail,True
4043,Elizabeth Gay,elizabethgay_4043@example.com,Canada,2022-07-28,retail,True
4044,Patricia Hale,patriciahale_4044@example.com,Singapore,2022-08-19,retail,True
4045,Amanda Arroyo,amandaarroyo_4045@example.com,Japan,2023-10-13,retail,True
4046,Kevin Mccullough,kevinmccullough_4046@example.com,Brazil,2023-12-08,retail,True
4047,Margaret Stevenson,margaretstevenson_4047@example.com,India,2022-06-02,business,True
4048,Amber Turner,amberturner_4048@example.com,France,2023-06-26,retail,True
4049,Victor Williams,victorwilliams_4049@example.com,Canada,2023-10-24,retail,True
4050,Shelly Rodgers,shellyrodgers_4050@example.com,France,2024-11-11,retail,True
4051,Cassandra Wood,cassandrawood_4051@example.com,Singapore,2023-07-19,retail,True
4052,Susan Garcia,susangarcia_4052@example.com,India,2023-02-24,retail,True
4053,Stephanie Joseph,stephaniejoseph_4053@example.com,Singapore,2024-08-21,retail,False
4054,Dalton Clark,daltonclark_4054@example.com,India,2024-10-20,retail,True
4055,Alexis Weeks,alexisweeks_4055@example.com,Canada,2022-06-03,retail,True
4056,Michael Glass,michaelglass_4056@example.com,United Kingdom,2024-10-03,business,True
4057,David Cervantes,davidcervantes_4057@example.com,Canada,2022-07-29,retail,True
4058,Victoria Benitez,victoriabenitez_4058@example.com,Singapore,2022-12-18,retail,True
4059,Jacqueline Monroe,jacquelinemonroe_4059@example.com,India,2024-06-15,retail,True
4060,Charles Sanchez,charlessanchez_4060@example.com,Germany,2023-05-13,business,True
4061,Sonia Henderson,soniahenderson_4061@example.com,Canada,2023-10-15,retail,True
4062,Sharon Sims,sharonsims_4062@example.com,Brazil,2024-07-09,premium,True
4063,Shawn Doyle,shawndoyle_4063@example.com,Brazil,2024-05-27,retail,False
4064,Michael Perry,michaelperry_4064@example.com,United Kingdom,2024-07-17,retail,True
4065,Donald Santana,donaldsantana_4065@example.com,India,2023-04-29,business,True
4066,Katherine Greene,katherinegreene_4066@example.com,Canada,2022-02-01,retail,True
4067,Jennifer Dominguez,jenniferdominguez_4067@example.com,Japan,2022-10-22,retail,True
4068,Matthew Walker,matthewwalker_4068@example.com,Canada,2023-04-04,retail,True
4069,Ashley Barrera,ashleybarrera_4069@example.com,Canada,2022-06-26,premium,True
4070,Clifford Murphy DVM,cliffordmurphydvm_4070@example.com,Australia,2022-01-31,retail,True
4071,Michael Arias,michaelarias_4071@example.com,India,2022-08-03,retail,True
4072,Joshua Mitchell,joshuamitchell_4072@example.com,Canada,2022-05-30,retail,True
4073,Ashley Wilson,ashleywilson_4073@example.com,Canada,2022-05-29,premium,True
4074,Stacey Clements,staceyclements_4074@example.com,Brazil,2024-03-25,premium,True
4075,Kathleen Martinez,kathleenmartinez_4075@example.com,United States,2024-12-30,retail,True
4076,Julie Rodriguez MD,julierodriguezmd_4076@example.com,Singapore,2023-08-15,retail,True
4077,Cathy Farmer,cathyfarmer_4077@example.com,Canada,2022-09-17,business,True
4078,Dana Gilbert,danagilbert_4078@example.com,Australia,2022-03-11,premium,True
4079,Charles Harper,charlesharper_4079@example.com,Germany,2024-06-06,premium,True
4080,Timothy Wang,timothywang_4080@example.com,France,2024-11-05,premium,True
4081,Daniel Stewart,danielstewart_4081@example.com,France,2023-11-23,business,True
4082,Tiffany Peterson,tiffanypeterson_4082@example.com,Japan,2022-05-16,retail,True
4083,Tammy Bell,tammybell_4083@example.com,India,2024-11-05,retail,True
4084,Mathew Myers,mathewmyers_4084@example.com,United States,2024-06-22,retail,False
4085,Edgar Brown,edgarbrown_4085@example.com,Germany,2024-04-02,retail,True
4086,Cory Barrett,corybarrett_4086@example.com,Japan,2023-01-18,retail,True
4087,Seth Jones,sethjones_4087@example.com,France,2024-02-19,retail,False
4088,Joseph Hawkins,josephhawkins_4088@example.com,United Kingdom,2024-08-02,retail,True
4089,Victor Brown,victorbrown_4089@example.com,Singapore,2022-11-04,business,True
4090,Jennifer Ferguson,jenniferferguson_4090@example.com,Singapore,2024-11-01,retail,True
4091,Carolyn Cantu,carolyncantu_4091@example.com,Canada,2023-10-18,retail,True
4092,Charles Garcia,charlesgarcia_4092@example.com,United States,2024-12-25,retail,True
4093,James Hart,jameshart_4093@example.com,Singapore,2023-01-17,retail,True
4094,Patricia Wilson,patriciawilson_4094@example.com,Australia,2022-04-17,retail,True
4095,Mark Elliott,markelliott_4095@example.com,Australia,2024-03-10,retail,True
4096,Matthew Bartlett,matthewbartlett_4096@example.com,India,2022-03-20,retail,True
4097,Maria Campbell,mariacampbell_4097@example.com,France,2022-12-27,retail,True
4098,Joanna Adkins,joannaadkins_4098@example.com,Australia,2023-07-04,retail,False
4099,Lisa Reed,lisareed_4099@example.com,Singapore,2024-08-01,retail,True
4100,Jordan Calhoun MD,jordancalhounmd_4100@example.com,Australia,2023-08-26,retail,True
4101,Heather Thomas,heatherthomas_4101@example.com,Canada,2024-12-26,retail,True
4102,Carrie Coffey,carriecoffey_4102@example.com,Singapore,2023-04-01,business,True
4103,Dr. Isabel Smith PhD,drisabelsmithphd_4103@example.com,Brazil,2022-07-31,retail,True
4104,Joe Page,joepage_4104@example.com,United Kingdom,2023-11-03,retail,True
4105,Crystal Morales,crystalmorales_4105@example.com,India,2022-12-31,business,True
4106,Heather Mcmahon,heathermcmahon_4106@example.com,Canada,2022-12-18,retail,True
4107,Jason Quinn,jasonquinn_4107@example.com,Germany,2023-12-05,retail,True
4108,James Cox,jamescox_4108@example.com,Australia,2022-07-29,retail,False
4109,James Cummings,jamescummings_4109@example.com,Japan,2022-08-06,retail,True
4110,Daniel Lee,daniellee_4110@example.com,Australia,2022-02-22,premium,True
4111,Shane Hopkins,shanehopkins_4111@example.com,France,2024-03-02,business,True
4112,Stephanie Kelley,stephaniekelley_4112@example.com,United States,2023-10-19,retail,True
4113,Jennifer Schneider,jenniferschneider_4113@example.com,France,2023-06-20,retail,True
4114,Charles Rodriguez,charlesrodriguez_4114@example.com,Brazil,2022-09-03,business,True
4115,Elizabeth Wall,elizabethwall_4115@example.com,Brazil,2022-06-02,business,True
4116,Loretta Williams,lorettawilliams_4116@example.com,India,2024-09-18,retail,True
4117,Juan Moore,juanmoore_4117@example.com,Australia,2023-04-29,retail,True
4118,Joseph White,josephwhite_4118@example.com,Australia,2023-03-07,retail,True
4119,Michael Cruz,michaelcruz_4119@example.com,France,2024-07-18,retail,True
4120,Denise Reese,denisereese_4120@example.com,Germany,2022-08-08,retail,True
4121,Brittney Morales,brittneymorales_4121@example.com,Brazil,2023-03-16,business,True
4122,Christina Jenkins,christinajenkins_4122@example.com,Japan,2022-07-19,retail,True
4123,Sean Anderson,seananderson_4123@example.com,Australia,2022-04-04,retail,True
4124,Emily Fitzpatrick,emilyfitzpatrick_4124@example.com,Canada,2022-08-12,retail,True
4125,Nancy Liu,nancyliu_4125@example.com,United Kingdom,2022-03-14,retail,True
4126,Rachel Miller,rachelmiller_4126@example.com,Singapore,2024-12-19,business,True
4127,Scott Brown,scottbrown_4127@example.com,Brazil,2024-12-08,retail,True
4128,Emily Winters,emilywinters_4128@example.com,Canada,2024-09-05,retail,True
4129,Chris Lewis,chrislewis_4129@example.com,Germany,2024-11-19,retail,True
4130,Heidi Blankenship,heidiblankenship_4130@example.com,Australia,2024-04-03,retail,True
4131,Sandra Alvarez,sandraalvarez_4131@example.com,Australia,2024-05-26,retail,False
4132,Donna Garcia,donnagarcia_4132@example.com,Brazil,2024-11-03,retail,True
4133,Stephanie Hernandez,stephaniehernandez_4133@example.com,Japan,2024-06-24,retail,True
4134,Joseph Montgomery,josephmontgomery_4134@example.com,Canada,2024-10-06,retail,True
4135,Juan Harrison,juanharrison_4135@example.com,France,2023-11-27,retail,True
4136,Miss Stephanie Cherry,missstephaniecherry_4136@example.com,Australia,2023-10-12,retail,True
4137,Bridget Wallace,bridgetwallace_4137@example.com,France,2022-12-31,retail,True
4138,Brandy James,brandyjames_4138@example.com,Brazil,2022-09-01,premium,True
4139,Christopher Smith,christophersmith_4139@example.com,Singapore,2023-11-12,retail,False
4140,Sabrina Galvan,sabrinagalvan_4140@example.com,United States,2022-03-22,retail,True
4141,Catherine Shannon,catherineshannon_4141@example.com,Australia,2023-04-16,retail,True
4142,Theresa Knight,theresaknight_4142@example.com,United Kingdom,2023-04-30,retail,True
4143,Victoria Tanner,victoriatanner_4143@example.com,United Kingdom,2023-10-30,business,True
4144,Chad Evans,chadevans_4144@example.com,United States,2023-10-26,retail,True
4145,Chase Haney,chasehaney_4145@example.com,Germany,2024-05-21,retail,True
4146,Maureen Nixon,maureennixon_4146@example.com,United Kingdom,2023-08-05,retail,True
4147,Michael Rush,michaelrush_4147@example.com,Japan,2024-02-24,retail,True
4148,Larry Lloyd,larrylloyd_4148@example.com,India,2022-10-23,retail,True
4149,Steven Butler,stevenbutler_4149@example.com,Germany,2024-05-16,retail,True
4150,Samuel Lee,samuellee_4150@example.com,India,2023-08-23,retail,True
4151,Joseph Moon,josephmoon_4151@example.com,United States,2022-09-23,retail,True
4152,Taylor Williams II,taylorwilliamsii_4152@example.com,Canada,2024-01-26,retail,False
4153,Jerry Hamilton,jerryhamilton_4153@example.com,United Kingdom,2024-12-12,retail,True
4154,Paul Wolf,paulwolf_4154@example.com,Japan,2022-08-05,retail,True
4155,Bobby Arnold,bobbyarnold_4155@example.com,United Kingdom,2022-09-16,retail,True
4156,William Weber,williamweber_4156@example.com,United States,2023-09-17,retail,True
4157,Alicia James,aliciajames_4157@example.com,United States,2022-07-04,retail,True
4158,Jamie Johnson,jamiejohnson_4158@example.com,India,2022-11-24,retail,True
4159,Melissa Rogers,melissarogers_4159@example.com,Australia,2022-02-19,retail,True
4160,Sarah Mueller,sarahmueller_4160@example.com,Singapore,2024-11-28,retail,True
4161,Gordon Hahn,gordonhahn_4161@example.com,Canada,2023-01-06,business,True
4162,Kristen Burns,kristenburns_4162@example.com,Australia,2023-06-18,retail,True
4163,Thomas Sellers,thomassellers_4163@example.com,France,2024-09-17,retail,True
4164,Melvin Flores,melvinflores_4164@example.com,Brazil,2022-03-08,retail,True
4165,Ashley Cochran,ashleycochran_4165@example.com,Japan,2024-07-17,retail,True
4166,Ashley Jones,ashleyjones_4166@example.com,Germany,2022-07-29,retail,True
4167,Christian Solis,christiansolis_4167@example.com,Canada,2024-06-19,premium,True
4168,Sharon Smith,sharonsmith_4168@example.com,Canada,2022-05-10,retail,True
4169,Robert Berg,robertberg_4169@example.com,India,2023-03-21,business,True
4170,Brooke Sims,brookesims_4170@example.com,Canada,2022-03-01,retail,True
4171,Julia Marks,juliamarks_4171@example.com,Brazil,2023-03-15,retail,True
4172,Ashley Martinez,ashleymartinez_4172@example.com,United Kingdom,2024-05-24,retail,True
4173,Christina Reese,christinareese_4173@example.com,Brazil,2022-06-04,retail,True
4174,Brandon Bean,brandonbean_4174@example.com,Japan,2022-10-22,retail,True
4175,Rickey Hall,rickeyhall_4175@example.com,Australia,2023-05-16,retail,True
4176,Bobby Flores,bobbyflores_4176@example.com,Japan,2023-02-21,retail,False
4177,Karen Gonzalez,karengonzalez_4177@example.com,France,2024-05-05,retail,True
4178,Lisa Lopez MD,lisalopezmd_4178@example.com,India,2024-10-06,retail,True
4179,Sharon Brown,sharonbrown_4179@example.com,France,2023-05-22,business,True
4180,Aaron Thompson,aaronthompson_4180@example.com,France,2023-06-04,retail,False
4181,Charles Weaver,charlesweaver_4181@example.com,India,2022-08-27,retail,True
4182,Melissa Warner,melissawarner_4182@example.com,Brazil,2024-06-17,retail,True
4183,Cody Morris,codymorris_4183@example.com,India,2022-05-24,retail,True
4184,Carla Reid DDS,carlareiddds_4184@example.com,Brazil,2024-08-17,retail,False
4185,Katie Mitchell,katiemitchell_4185@example.com,United Kingdom,2023-03-15,retail,True
4186,Roger Moss,rogermoss_4186@example.com,Australia,2022-10-11,retail,True
4187,Mary Donaldson,marydonaldson_4187@example.com,Japan,2023-05-13,retail,True
4188,Paul Brown,paulbrown_4188@example.com,United Kingdom,2022-10-03,retail,True
4189,Gregory Quinn,gregoryquinn_4189@example.com,United States,2023-01-21,retail,True
4190,Sabrina Miller,sabrinamiller_4190@example.com,France,2024-09-28,retail,False
4191,Michelle Smith,michellesmith_4191@example.com,India,2024-11-28,retail,True
4192,Anita Chapman,anitachapman_4192@example.com,India,2023-12-17,retail,True
4193,Heather Becker,heatherbecker_4193@example.com,Australia,2024-11-19,retail,True
4194,Andrea Baker,andreabaker_4194@example.com,Japan,2024-03-18,business,True
4195,Joanne Harmon,joanneharmon_4195@example.com,United States,2023-02-18,retail,False
4196,Mr. Phillip Edwards,mrphillipedwards_4196@example.com,Germany,2024-03-05,retail,True
4197,Mrs. Laurie Williams MD,mrslauriewilliamsmd_4197@example.com,Brazil,2023-10-19,retail,True
4198,Joel Mclean,joelmclean_4198@example.com,Canada,2023-03-07,business,True
4199,Valerie Ford,valerieford_4199@example.com,United Kingdom,2022-02-16,retail,True
4200,Jodi Thomas,jodithomas_4200@example.com,Canada,2023-12-15,retail,True
4201,Jennifer Johnson,jenniferjohnson_4201@example.com,Germany,2024-09-05,retail,True
4202,Eugene Fritz,eugenefritz_4202@example.com,Japan,2023-01-30,retail,True
4203,Jennifer Smith,jennifersmith_4203@example.com,United States,2024-05-01,premium,True
4204,Mary Thompson,marythompson_4204@example.com,Brazil,2024-10-20,retail,False
4205,Catherine Davis,catherinedavis_4205@example.com,Canada,2024-03-25,retail,True
4206,Chris Rogers,chrisrogers_4206@example.com,Canada,2022-08-25,retail,True
4207,James Torres,jamestorres_4207@example.com,India,2024-04-19,retail,True
4208,Kirsten Perez,kirstenperez_4208@example.com,United States,2022-08-24,retail,True
4209,Dr. Jeffrey Valentine,drjeffreyvalentine_4209@example.com,United Kingdom,2022-08-26,retail,True
4210,Wayne Brown,waynebrown_4210@example.com,Canada,2023-01-06,retail,True
4211,Andrea Morris,andreamorris_4211@example.com,United States,2024-07-03,retail,True
4212,Dylan Young,dylanyoung_4212@example.com,Japan,2024-06-15,business,True
4213,Regina Butler,reginabutler_4213@example.com,Brazil,2023-03-15,retail,True
4214,Eric Moore,ericmoore_4214@example.com,Singapore,2024-02-18,retail,True
4215,Melinda Patterson,melindapatterson_4215@example.com,Canada,2024-07-21,retail,True
4216,Carl Campbell,carlcampbell_4216@example.com,France,2024-12-02,retail,True
4217,Renee Shields,reneeshields_4217@example.com,France,2022-12-27,retail,True
4218,Wesley Brown,wesleybrown_4218@example.com,Japan,2024-03-19,retail,True
4219,Jason Clark,jasonclark_4219@example.com,Australia,2022-01-18,retail,True
4220,David Wiggins,davidwiggins_4220@example.com,Canada,2022-11-04,retail,True
4221,Thomas Kaufman,thomaskaufman_4221@example.com,United States,2023-02-01,retail,True
4222,Kristen Ray,kristenray_4222@example.com,Australia,2024-02-19,business,True
4223,Cory Martinez,corymartinez_4223@example.com,United States,2023-03-16,retail,True
4224,Mark Maddox,markmaddox_4224@example.com,Australia,2022-09-20,retail,True
4225,Kevin Young,kevinyoung_4225@example.com,United States,2022-07-19,retail,True
4226,Katherine Harrison,katherineharrison_4226@example.com,Canada,2023-07-19,retail,False
4227,Jorge Davis,jorgedavis_4227@example.com,Japan,2023-10-31,retail,True
4228,Loretta Miller,lorettamiller_4228@example.com,Canada,2023-03-11,business,True
4229,Lance Macdonald DVM,lancemacdonalddvm_4229@example.com,United Kingdom,2022-11-16,retail,False
4230,Jerry Waters,jerrywaters_4230@example.com,United States,2024-05-15,retail,True
4231,Desiree Thomas,desireethomas_4231@example.com,India,2023-04-18,retail,True
4232,Amy Wright,amywright_4232@example.com,Canada,2022-05-06,retail,True
4233,Erin Summers,erinsummers_4233@example.com,United Kingdom,2024-06-02,retail,True
4234,Mr. Don Flores,mrdonflores_4234@example.com,Singapore,2023-04-13,retail,True
4235,Miss Kimberly Holloway,misskimberlyholloway_4235@example.com,Japan,2022-08-08,retail,True
4236,Tina Harper,tinaharper_4236@example.com,Canada,2022-01-16,retail,True
4237,Nicholas Moss,nicholasmoss_4237@example.com,France,2022-03-08,retail,True
4238,Robert Campbell,robertcampbell_4238@example.com,Brazil,2024-01-14,business,True
4239,Jenny Cardenas,jennycardenas_4239@example.com,India,2024-07-13,retail,True
4240,Dean Thomas,deanthomas_4240@example.com,France,2022-05-13,retail,True
4241,Matthew Farmer,matthewfarmer_4241@example.com,Australia,2024-02-01,retail,True
4242,John Browning,johnbrowning_4242@example.com,Germany,2023-05-30,retail,True
4243,Mario Peters,mariopeters_4243@example.com,France,2024-08-03,retail,True
4244,Olivia Rodriguez,oliviarodriguez_4244@example.com,Japan,2022-05-02,retail,True
4245,Donald Mccarthy,donaldmccarthy_4245@example.com,Japan,2022-09-09,retail,True
4246,Christopher Anderson,christopheranderson_4246@example.com,Singapore,2023-04-16,retail,True
4247,Becky Parrish,beckyparrish_4247@example.com,United Kingdom,2024-09-28,retail,True
4248,Jackie Stewart,jackiestewart_4248@example.com,Japan,2022-01-27,retail,True
4249,Krista Fuller,kristafuller_4249@example.com,Australia,2024-07-06,retail,True
4250,Jennifer Nguyen,jennifernguyen_4250@example.com,United Kingdom,2023-12-03,retail,True
4251,Amanda Campbell,amandacampbell_4251@example.com,Germany,2024-11-07,retail,True
4252,Laura Ware,lauraware_4252@example.com,Germany,2022-04-21,retail,True
4253,Mitchell Anderson,mitchellanderson_4253@example.com,United Kingdom,2022-04-08,business,True
4254,Barry Hernandez,barryhernandez_4254@example.com,Japan,2023-07-19,retail,True
4255,Teresa Young,teresayoung_4255@example.com,Singapore,2022-12-25,retail,True
4256,Valerie Morgan,valeriemorgan_4256@example.com,United States,2024-06-10,retail,True
4257,Paul Vasquez,paulvasquez_4257@example.com,Japan,2023-12-29,retail,True
4258,Kelly May,kellymay_4258@example.com,Brazil,2023-06-04,retail,True
4259,Christopher Carson,christophercarson_4259@example.com,Japan,2022-01-12,retail,False
4260,Joan Wilson,joanwilson_4260@example.com,Germany,2024-04-04,retail,True
4261,Debbie Allen,debbieallen_4261@example.com,India,2023-06-05,business,True
4262,Kristin Williams,kristinwilliams_4262@example.com,Singapore,2022-11-01,retail,True
4263,Courtney Williams,courtneywilliams_4263@example.com,Japan,2023-05-08,business,True
4264,David Hernandez,davidhernandez_4264@example.com,India,2022-02-08,retail,False
4265,Kathryn Morris,kathrynmorris_4265@example.com,Singapore,2024-04-29,retail,True
4266,Meagan Smith,meagansmith_4266@example.com,Australia,2022-02-21,retail,True
4267,Katherine Caldwell,katherinecaldwell_4267@example.com,United States,2024-07-04,retail,True
4268,Krista Williams,kristawilliams_4268@example.com,United Kingdom,2023-06-01,retail,True
4269,Christine Aguilar,christineaguilar_4269@example.com,France,2023-04-29,retail,False
4270,Michael Perkins,michaelperkins_4270@example.com,United Kingdom,2023-07-07,retail,True
4271,Steven Martin,stevenmartin_4271@example.com,United Kingdom,2023-10-11,retail,True
4272,Joshua Herman,joshuaherman_4272@example.com,Brazil,2024-10-24,retail,True
4273,Diana Hawkins,dianahawkins_4273@example.com,Brazil,2024-10-14,business,True
4274,Caitlin Harris,caitlinharris_4274@example.com,Brazil,2024-12-19,premium,True
4275,Felicia Murphy,feliciamurphy_4275@example.com,United Kingdom,2023-02-11,retail,True
4276,Bryan Mitchell,bryanmitchell_4276@example.com,United Kingdom,2024-04-29,retail,True
4277,Larry Curtis,larrycurtis_4277@example.com,France,2022-07-29,retail,True
4278,Jennifer Lopez,jenniferlopez_4278@example.com,United Kingdom,2022-11-01,retail,True
4279,Robert Newton,robertnewton_4279@example.com,United States,2024-09-20,retail,True
4280,Christina Hudson,christinahudson_4280@example.com,Germany,2022-12-23,retail,True
4281,Sandra Craig,sandracraig_4281@example.com,Germany,2024-11-21,retail,True
4282,Sabrina Ward,sabrinaward_4282@example.com,Brazil,2022-08-22,premium,True
4283,Mark Knight,markknight_4283@example.com,United States,2022-05-18,retail,False
4284,Darlene Dixon,darlenedixon_4284@example.com,Canada,2024-06-01,business,False
4285,Daniel White,danielwhite_4285@example.com,Canada,2022-02-23,retail,True
4286,Jonathan Cortez,jonathancortez_4286@example.com,India,2022-12-18,retail,True
4287,Judith Myers,judithmyers_4287@example.com,Canada,2022-02-26,retail,True
4288,Tammie Castillo,tammiecastillo_4288@example.com,France,2022-07-14,business,False
4289,Rebecca Estrada,rebeccaestrada_4289@example.com,Japan,2022-06-21,retail,True
4290,Angela Rodriguez,angelarodriguez_4290@example.com,Brazil,2024-11-16,retail,True
4291,Andre Williams,andrewilliams_4291@example.com,Brazil,2024-07-07,business,True
4292,Donald Smith,donaldsmith_4292@example.com,United Kingdom,2024-06-29,premium,True
4293,Nicholas Ali,nicholasali_4293@example.com,Japan,2024-10-28,retail,False
4294,Jacob Brewer,jacobbrewer_4294@example.com,Japan,2022-03-04,business,True
4295,Natalie Watson,nataliewatson_4295@example.com,Japan,2024-03-28,business,True
4296,Matthew Evans,matthewevans_4296@example.com,Canada,2022-11-26,retail,True
4297,Bryan Thomas,bryanthomas_4297@example.com,Australia,2024-12-04,retail,False
4298,Timothy Lucero,timothylucero_4298@example.com,Brazil,2024-06-20,premium,True
4299,Barbara Fields,barbarafields_4299@example.com,United States,2022-12-20,retail,True
4300,Rebecca Beard,rebeccabeard_4300@example.com,Japan,2022-04-06,retail,True
4301,Carrie Rodriguez,carrierodriguez_4301@example.com,United Kingdom,2023-01-04,business,True
4302,Jordan Tanner,jordantanner_4302@example.com,United Kingdom,2023-09-06,retail,True
4303,Denise Johnson,denisejohnson_4303@example.com,United Kingdom,2022-11-20,retail,True
4304,Amy Holt,amyholt_4304@example.com,Brazil,2023-07-08,retail,True
4305,James Bennett,jamesbennett_4305@example.com,Singapore,2024-10-30,retail,True
4306,Jeffrey Owens,jeffreyowens_4306@example.com,Singapore,2024-09-04,retail,True
4307,Adam Merritt,adammerritt_4307@example.com,United States,2023-12-28,retail,True
4308,Tina Walter,tinawalter_4308@example.com,United Kingdom,2024-05-17,retail,True
4309,Michelle Harris,michelleharris_4309@example.com,India,2023-05-24,retail,True
4310,Michael Richmond,michaelrichmond_4310@example.com,Japan,2023-04-05,retail,True
4311,Michael Patrick,michaelpatrick_4311@example.com,United Kingdom,2024-07-31,retail,True
4312,Amanda Hart DVM,amandahartdvm_4312@example.com,Singapore,2023-01-08,retail,True
4313,Michele Conner,micheleconner_4313@example.com,Brazil,2024-05-13,retail,True
4314,Natalie Mitchell,nataliemitchell_4314@example.com,Brazil,2024-02-10,retail,True
4315,Jacob Hoover,jacobhoover_4315@example.com,France,2024-05-29,retail,True
4316,Jacqueline Winters,jacquelinewinters_4316@example.com,France,2022-11-07,retail,True
4317,Kimberly Flores,kimberlyflores_4317@example.com,Japan,2023-11-24,retail,True
4318,Jennifer Carpenter,jennifercarpenter_4318@example.com,Australia,2023-05-13,business,True
4319,William Saunders,williamsaunders_4319@example.com,Japan,2022-09-14,retail,False
4320,Michael Preston,michaelpreston_4320@example.com,Germany,2023-06-29,retail,True
4321,Jennifer Ali,jenniferali_4321@example.com,Japan,2023-04-12,retail,True
4322,David Taylor,davidtaylor_4322@example.com,Canada,2023-06-14,retail,True
4323,Maria Hayes,mariahayes_4323@example.com,Japan,2024-06-30,retail,True
4324,Melanie Preston,melaniepreston_4324@example.com,United States,2022-05-10,retail,True
4325,Thomas Mcgrath,thomasmcgrath_4325@example.com,United Kingdom,2023-05-24,retail,True
4326,Glenn Chen,glennchen_4326@example.com,Brazil,2022-12-01,premium,True
4327,Sarah Berry,sarahberry_4327@example.com,Singapore,2022-08-10,retail,True
4328,Rebecca Summers,rebeccasummers_4328@example.com,Singapore,2022-01-01,retail,False
4329,Rodney Gilmore,rodneygilmore_4329@example.com,United States,2023-06-06,retail,True
4330,Kimberly Stone DDS,kimberlystonedds_4330@example.com,Singapore,2023-11-12,retail,True
4331,Joshua Dunlap,joshuadunlap_4331@example.com,Canada,2024-01-08,business,True
4332,Melinda French,melindafrench_4332@example.com,France,2024-10-11,retail,True
4333,Gabriel Copeland MD,gabrielcopelandmd_4333@example.com,United Kingdom,2024-05-28,retail,True
4334,Kelly Weiss,kellyweiss_4334@example.com,Germany,2023-08-16,retail,True
4335,Gregory Russell,gregoryrussell_4335@example.com,Singapore,2024-04-03,business,True
4336,Ashley Bowman,ashleybowman_4336@example.com,India,2022-05-14,retail,True
4337,Ruben Woodard,rubenwoodard_4337@example.com,France,2022-03-27,retail,False
4338,Aaron Leon,aaronleon_4338@example.com,United States,2024-03-31,retail,True
4339,Ashley Thomas,ashleythomas_4339@example.com,United Kingdom,2023-07-11,retail,True
4340,Travis Allen,travisallen_4340@example.com,Japan,2022-08-03,retail,True
4341,Roger Weaver,rogerweaver_4341@example.com,Brazil,2023-01-14,business,True
4342,Robert Johnson,robertjohnson_4342@example.com,France,2024-05-14,retail,True
4343,Bryan Lopez,bryanlopez_4343@example.com,Germany,2024-03-21,retail,True
4344,Andrea King,andreaking_4344@example.com,France,2024-11-03,retail,True
4345,Jennifer Howard,jenniferhoward_4345@example.com,United Kingdom,2023-11-02,retail,True
4346,Michael Evans,michaelevans_4346@example.com,Australia,2022-04-11,retail,True
4347,Daniel Patterson,danielpatterson_4347@example.com,Brazil,2023-01-05,retail,True
4348,Karen Mendez,karenmendez_4348@example.com,India,2024-01-10,retail,False
4349,John Johnson,johnjohnson_4349@example.com,United States,2023-12-21,retail,True
4350,Andre Haynes,andrehaynes_4350@example.com,Singapore,2022-05-07,retail,True
4351,Janet Ryan,janetryan_4351@example.com,Japan,2024-03-19,retail,True
4352,Michael Oliver,michaeloliver_4352@example.com,Singapore,2022-09-15,retail,True
4353,Wesley Henry,wesleyhenry_4353@example.com,Australia,2024-02-02,retail,True
4354,Andrew Freeman,andrewfreeman_4354@example.com,United States,2022-04-11,retail,True
4355,Karen Stephens,karenstephens_4355@example.com,Brazil,2023-09-09,business,True
4356,Nathaniel Baldwin,nathanielbaldwin_4356@example.com,Brazil,2023-05-28,retail,True
4357,Jordan Curry,jordancurry_4357@example.com,Singapore,2024-02-08,retail,True
4358,William Johnson,williamjohnson_4358@example.com,Japan,2024-06-09,retail,True
4359,Richard Bond,richardbond_4359@example.com,Australia,2024-06-11,retail,True
4360,Jason Smith,jasonsmith_4360@example.com,France,2023-10-07,retail,True
4361,Scott Norman,scottnorman_4361@example.com,India,2023-11-28,retail,True
4362,Jill Shaw,jillshaw_4362@example.com,India,2023-09-24,retail,False
4363,Michael Price,michaelprice_4363@example.com,Germany,2024-11-03,business,True
4364,Martha Williams,marthawilliams_4364@example.com,Canada,2023-05-12,business,True
4365,Melissa Henry,melissahenry_4365@example.com,Singapore,2024-02-20,retail,True
4366,Elaine Martin,elainemartin_4366@example.com,Canada,2024-05-07,retail,True
4367,Gary Rodriguez,garyrodriguez_4367@example.com,United Kingdom,2024-03-23,retail,True
4368,Ryan Gonzalez,ryangonzalez_4368@example.com,Australia,2023-04-14,business,True
4369,Mr. Reginald Roman,mrreginaldroman_4369@example.com,Singapore,2022-11-25,business,True
4370,Patricia Williams,patriciawilliams_4370@example.com,Canada,2023-08-26,retail,True
4371,Gerald Vega,geraldvega_4371@example.com,India,2024-05-26,premium,True
4372,Crystal Wallace,crystalwallace_4372@example.com,India,2023-09-29,retail,True
4373,Susan Garcia,susangarcia_4373@example.com,Brazil,2022-05-18,retail,True
4374,Patrick Potts,patrickpotts_4374@example.com,Canada,2023-07-30,retail,True
4375,Jessica Richardson,jessicarichardson_4375@example.com,Australia,2024-10-27,business,True
4376,Alicia Warren,aliciawarren_4376@example.com,Japan,2024-03-06,premium,True
4377,Madison Rodriguez,madisonrodriguez_4377@example.com,Japan,2022-01-31,retail,True
4378,Douglas Grant,douglasgrant_4378@example.com,Singapore,2024-09-12,retail,False
4379,Austin Baker,austinbaker_4379@example.com,Canada,2023-02-06,business,True
4380,Heather Morales,heathermorales_4380@example.com,Brazil,2024-01-04,retail,True
4381,Susan Hutchinson,susanhutchinson_4381@example.com,United States,2023-07-14,retail,False
4382,Christopher Hudson,christopherhudson_4382@example.com,Singapore,2023-06-23,business,True
4383,Jill Barajas,jillbarajas_4383@example.com,Singapore,2022-06-05,retail,True
4384,Dennis Jones,dennisjones_4384@example.com,Canada,2022-04-20,retail,True
4385,Charlene Gutierrez,charlenegutierrez_4385@example.com,India,2023-12-02,retail,True
4386,Crystal Hernandez,crystalhernandez_4386@example.com,Brazil,2024-03-01,business,True
4387,Michael Smith,michaelsmith_4387@example.com,India,2023-12-19,premium,True
4388,Richard Rodriguez,richardrodriguez_4388@example.com,Australia,2023-06-27,business,True
4389,Lauren Smith,laurensmith_4389@example.com,Canada,2022-09-10,retail,True
4390,Breanna Mccall,breannamccall_4390@example.com,Germany,2024-10-28,retail,True
4391,Rebecca Lopez,rebeccalopez_4391@example.com,France,2022-04-07,retail,False
4392,John Garcia,johngarcia_4392@example.com,France,2023-09-18,retail,True
4393,Mark Weaver,markweaver_4393@example.com,India,2023-11-25,retail,True
4394,Brianna Martinez,briannamartinez_4394@example.com,United Kingdom,2022-08-17,retail,True
4395,Shannon Jones,shannonjones_4395@example.com,India,2023-08-08,retail,True
4396,Victoria Knight,victoriaknight_4396@example.com,India,2022-06-23,retail,False
4397,Paul Franco,paulfranco_4397@example.com,Singapore,2023-02-27,retail,True
4398,Darin Baker,darinbaker_4398@example.com,Canada,2024-09-29,retail,True
4399,Jeffrey Harrell,jeffreyharrell_4399@example.com,Japan,2024-02-17,retail,True
4400,Alyssa Powers,alyssapowers_4400@example.com,India,2023-12-26,retail,True
4401,Jeanette Obrien,jeanetteobrien_4401@example.com,United States,2022-05-18,retail,True
4402,Nicole Anderson,nicoleanderson_4402@example.com,Germany,2022-03-27,retail,True
4403,Rachel Oneal,racheloneal_4403@example.com,Germany,2022-03-09,retail,False
4404,Nicole Moore,nicolemoore_4404@example.com,Germany,2023-10-28,retail,True
4405,Donna Mejia,donnamejia_4405@example.com,Canada,2023-07-01,retail,True
4406,Andre Jones,andrejones_4406@example.com,Germany,2023-09-18,retail,True
4407,Steven Thomas,steventhomas_4407@example.com,United Kingdom,2024-11-20,retail,True
4408,Jaclyn Long,jaclynlong_4408@example.com,India,2024-08-29,retail,True
4409,Robert Stark,robertstark_4409@example.com,United Kingdom,2024-05-20,retail,True
4410,Joseph Murphy,josephmurphy_4410@example.com,France,2023-06-05,business,False
4411,Travis Dixon,travisdixon_4411@example.com,France,2023-06-21,retail,True
4412,Seth Barker,sethbarker_4412@example.com,Germany,2024-12-31,business,True
4413,Tammy Jacobs,tammyjacobs_4413@example.com,India,2023-03-22,retail,True
4414,Laura Harrison,lauraharrison_4414@example.com,United Kingdom,2022-02-01,retail,True
4415,John Peterson,johnpeterson_4415@example.com,Australia,2023-05-09,retail,True
4416,Lynn King,lynnking_4416@example.com,Japan,2024-07-23,premium,True
4417,Devon Roberts,devonroberts_4417@example.com,France,2024-03-01,business,True
4418,Emily Bullock,emilybullock_4418@example.com,Singapore,2024-12-16,retail,True
4419,Kylie Bailey,kyliebailey_4419@example.com,Brazil,2022-05-05,retail,False
4420,Roger Holmes,rogerholmes_4420@example.com,India,2022-09-30,business,True
4421,Dennis Coleman,denniscoleman_4421@example.com,India,2022-10-09,retail,True
4422,Patricia Zamora,patriciazamora_4422@example.com,United Kingdom,2024-02-20,retail,True
4423,Randy Phillips,randyphillips_4423@example.com,Canada,2023-02-22,business,True
4424,Heather Daniels,heatherdaniels_4424@example.com,Brazil,2024-07-09,retail,True
4425,Robert Perkins,robertperkins_4425@example.com,Brazil,2022-07-31,retail,True
4426,Nathaniel Walter,nathanielwalter_4426@example.com,Japan,2024-10-20,retail,False
4427,Christine Tyler,christinetyler_4427@example.com,Canada,2023-03-07,premium,True
4428,Catherine Holland,catherineholland_4428@example.com,Japan,2022-04-12,retail,True
4429,David Washington III,davidwashingtoniii_4429@example.com,Germany,2022-12-10,retail,True
4430,Kimberly Thomas,kimberlythomas_4430@example.com,United Kingdom,2022-01-31,retail,True
4431,Dawn Levy,dawnlevy_4431@example.com,United States,2022-02-03,retail,True
4432,Victoria Smith,victoriasmith_4432@example.com,India,2024-06-07,retail,True
4433,Timothy Reilly,timothyreilly_4433@example.com,United States,2024-11-06,business,True
4434,William Silva,williamsilva_4434@example.com,Japan,2024-09-11,retail,True
4435,Keith Gonzalez,keithgonzalez_4435@example.com,Japan,2022-06-21,business,True
4436,Jeffrey Holden,jeffreyholden_4436@example.com,Singapore,2022-07-10,retail,False
4437,Karen Hughes,karenhughes_4437@example.com,Germany,2023-08-16,business,True
4438,Christopher Ward,christopherward_4438@example.com,United Kingdom,2024-11-11,retail,True
4439,Amy Boone,amyboone_4439@example.com,France,2024-05-12,retail,True
4440,Joshua Adams,joshuaadams_4440@example.com,Japan,2022-10-11,retail,True
4441,Tammy Mcdaniel,tammymcdaniel_4441@example.com,Brazil,2023-10-10,business,True
4442,Steven Knight,stevenknight_4442@example.com,United States,2022-01-08,retail,True
4443,George Weber,georgeweber_4443@example.com,United States,2024-07-25,business,True
4444,Jeffrey Hall,jeffreyhall_4444@example.com,Canada,2022-01-08,retail,True
4445,Laura Adams,lauraadams_4445@example.com,Australia,2024-02-16,retail,True
4446,Sara Hernandez,sarahernandez_4446@example.com,United States,2022-04-05,retail,False
4447,Emily Robinson,emilyrobinson_4447@example.com,Singapore,2024-05-14,retail,True
4448,Samantha Harris,samanthaharris_4448@example.com,Singapore,2024-01-30,retail,True
4449,Tiffany Davis,tiffanydavis_4449@example.com,United Kingdom,2023-04-06,premium,True
4450,Veronica Nelson,veronicanelson_4450@example.com,India,2023-10-26,retail,True
4451,Mr. Ryan Walker,mrryanwalker_4451@example.com,Brazil,2023-07-05,retail,True
4452,Christopher Thompson,christopherthompson_4452@example.com,Japan,2022-01-31,retail,True
4453,Brian Allen,brianallen_4453@example.com,Germany,2024-05-30,retail,True
4454,Kevin Greene,kevingreene_4454@example.com,Japan,2022-10-16,retail,True
4455,Daniel Garcia,danielgarcia_4455@example.com,Brazil,2024-04-09,retail,True
4456,Micheal Ramos,michealramos_4456@example.com,United States,2024-12-17,retail,True
4457,Janice Gilbert,janicegilbert_4457@example.com,Japan,2024-12-01,business,True
4458,Joshua Nelson,joshuanelson_4458@example.com,India,2024-12-19,premium,True
4459,Katherine Clarke,katherineclarke_4459@example.com,India,2022-05-29,retail,True
4460,Erica Porter,ericaporter_4460@example.com,Brazil,2024-05-28,retail,True
4461,Sara Obrien,saraobrien_4461@example.com,United Kingdom,2024-07-19,business,True
4462,Michael Burke,michaelburke_4462@example.com,Brazil,2023-04-30,retail,False
4463,Jamie French,jamiefrench_4463@example.com,Canada,2024-06-02,business,True
4464,Ernest Sullivan,ernestsullivan_4464@example.com,Australia,2024-07-19,business,True
4465,Earl Hall,earlhall_4465@example.com,Brazil,2023-01-18,retail,True
4466,Julie Johnson,juliejohnson_4466@example.com,United Kingdom,2022-01-12,retail,False
4467,Dana Wolfe,danawolfe_4467@example.com,Brazil,2024-01-25,business,False
4468,Robert Price,robertprice_4468@example.com,India,2024-01-10,retail,True
4469,James Henry,jameshenry_4469@example.com,United Kingdom,2024-08-01,retail,True
4470,Susan Davis,susandavis_4470@example.com,United Kingdom,2022-10-10,retail,True
4471,Darryl Richardson,darrylrichardson_4471@example.com,Canada,2022-06-02,retail,True
4472,Karen Jackson DVM,karenjacksondvm_4472@example.com,Japan,2022-10-24,retail,True
4473,Linda Patrick,lindapatrick_4473@example.com,Brazil,2024-04-04,business,True
4474,Veronica Diaz,veronicadiaz_4474@example.com,Canada,2022-11-30,retail,False
4475,Ann Moon,annmoon_4475@example.com,Australia,2024-11-15,retail,True
4476,Michael Williams,michaelwilliams_4476@example.com,France,2024-01-21,retail,True
4477,Timothy Chavez,timothychavez_4477@example.com,Japan,2023-12-11,retail,True
4478,Scott Ramirez,scottramirez_4478@example.com,United States,2023-10-16,retail,True
4479,Crystal Collins,crystalcollins_4479@example.com,United States,2022-10-17,retail,True
4480,Crystal Davis,crystaldavis_4480@example.com,India,2022-01-01,retail,True
4481,Matthew Mueller,matthewmueller_4481@example.com,United States,2022-05-10,retail,True
4482,Teresa Thompson,teresathompson_4482@example.com,Australia,2024-04-19,retail,True
4483,Teresa Jacobson,teresajacobson_4483@example.com,Canada,2023-03-09,business,True
4484,Robert Gonzalez,robertgonzalez_4484@example.com,India,2022-12-30,retail,False
4485,Andrea Garcia,andreagarcia_4485@example.com,Brazil,2023-11-03,business,True
4486,Cassandra Martinez,cassandramartinez_4486@example.com,France,2022-01-11,retail,True
4487,Philip Cummings,philipcummings_4487@example.com,Japan,2023-01-10,retail,True
4488,Timothy Sanchez,timothysanchez_4488@example.com,India,2023-05-08,retail,False
4489,Scott Miranda,scottmiranda_4489@example.com,United Kingdom,2024-03-08,business,True
4490,Alicia Wagner,aliciawagner_4490@example.com,Australia,2022-01-13,retail,True
4491,Chad Williams,chadwilliams_4491@example.com,Australia,2022-05-01,retail,True
4492,Carlos Hensley,carloshensley_4492@example.com,United States,2022-12-31,business,True
4493,Laura Ramirez,lauraramirez_4493@example.com,United Kingdom,2022-06-26,retail,True
4494,Christopher Rodriguez,christopherrodriguez_4494@example.com,United States,2024-01-13,retail,True
4495,Mark Webster,markwebster_4495@example.com,India,2022-04-20,business,True
4496,James Smith,jamessmith_4496@example.com,United States,2022-03-09,retail,True
4497,Robert Byrd,robertbyrd_4497@example.com,Brazil,2023-10-05,retail,True
4498,Joshua Powell,joshuapowell_4498@example.com,India,2023-06-10,business,True
4499,Tonya Harding,tonyaharding_4499@example.com,United Kingdom,2024-10-29,retail,True
4500,Larry Higgins,larryhiggins_4500@example.com,Australia,2023-08-24,retail,True
4501,Nicole Mills,nicolemills_4501@example.com,Brazil,2024-12-04,retail,True
4502,Jonathan Porter,jonathanporter_4502@example.com,Brazil,2023-03-13,business,True
4503,Christine Greene,christinegreene_4503@example.com,Canada,2023-06-11,retail,True
4504,Edwin Munoz,edwinmunoz_4504@example.com,United Kingdom,2024-04-26,business,True
4505,James Brooks,jamesbrooks_4505@example.com,Brazil,2024-11-20,business,False
4506,Craig Smith,craigsmith_4506@example.com,Germany,2023-09-29,business,True
4507,Mark Thomas,markthomas_4507@example.com,United Kingdom,2022-03-14,retail,True
4508,Rachel Curry,rachelcurry_4508@example.com,Australia,2024-04-05,retail,True
4509,Elizabeth Sanchez,elizabethsanchez_4509@example.com,India,2023-08-31,retail,True
4510,Darren Gonzales,darrengonzales_4510@example.com,Australia,2024-06-15,retail,True
4511,Mr. John Khan,mrjohnkhan_4511@example.com,Germany,2023-11-22,business,True
4512,Jason Williams,jasonwilliams_4512@example.com,Japan,2022-05-04,retail,True
4513,Stephanie Livingston,stephanielivingston_4513@example.com,Japan,2024-06-10,retail,True
4514,Anthony Marshall,anthonymarshall_4514@example.com,Germany,2023-03-25,premium,False
4515,Matthew Hamilton,matthewhamilton_4515@example.com,France,2024-10-27,retail,True
4516,Heather Hunt,heatherhunt_4516@example.com,Canada,2023-10-14,business,True
4517,Timothy Melton,timothymelton_4517@example.com,France,2024-04-11,business,True
4518,Harold Lee,haroldlee_4518@example.com,Australia,2023-11-16,retail,True
4519,Carol Gay,carolgay_4519@example.com,France,2022-04-13,retail,True
4520,Michael Nelson,michaelnelson_4520@example.com,Australia,2023-12-23,retail,False
4521,Daniel Meyer,danielmeyer_4521@example.com,Canada,2023-02-26,retail,True
4522,Jamie Lindsey,jamielindsey_4522@example.com,United States,2022-03-11,retail,True
4523,Marc Mitchell,marcmitchell_4523@example.com,Australia,2022-08-08,retail,True
4524,Jose Martinez,josemartinez_4524@example.com,France,2022-02-26,retail,True
4525,John Gallagher,johngallagher_4525@example.com,Germany,2022-07-24,premium,False
4526,Richard Chandler,richardchandler_4526@example.com,India,2024-11-05,business,True
4527,Andrea Donaldson,andreadonaldson_4527@example.com,United States,2022-10-19,retail,True
4528,Jamie Guerrero,jamieguerrero_4528@example.com,India,2024-03-07,retail,True
4529,Nathan Adams,nathanadams_4529@example.com,Canada,2022-02-18,retail,True
4530,Thomas Davis,thomasdavis_4530@example.com,Germany,2023-10-08,business,False
4531,James Williams,jameswilliams_4531@example.com,United Kingdom,2022-12-29,premium,True
4532,Troy Lee,troylee_4532@example.com,Canada,2023-01-09,retail,True
4533,Jennifer Mckenzie,jennifermckenzie_4533@example.com,Brazil,2024-01-02,business,True
4534,Joshua Scott,joshuascott_4534@example.com,Canada,2024-05-05,retail,True
4535,April Jones,apriljones_4535@example.com,United States,2022-06-11,retail,True
4536,Deborah Webb,deborahwebb_4536@example.com,Canada,2023-12-12,premium,True
4537,John Zavala,johnzavala_4537@example.com,Brazil,2023-06-16,retail,True
4538,Katherine Miller,katherinemiller_4538@example.com,Australia,2022-03-07,retail,True
4539,Steven Jensen,stevenjensen_4539@example.com,India,2022-07-24,retail,True
4540,Sarah Sosa,sarahsosa_4540@example.com,Canada,2024-08-07,retail,True
4541,Justin Small,justinsmall_4541@example.com,Australia,2024-01-20,retail,False
4542,Erin Ortega,erinortega_4542@example.com,United Kingdom,2022-04-09,retail,True
4543,Mary Conley,maryconley_4543@example.com,Brazil,2023-03-19,premium,True
4544,Melanie Drake,melaniedrake_4544@example.com,United States,2023-02-21,retail,True
4545,Danielle Briggs,daniellebriggs_4545@example.com,United States,2023-07-23,retail,False
4546,Dillon Case,dilloncase_4546@example.com,Germany,2024-05-27,retail,True
4547,William Esparza,williamesparza_4547@example.com,France,2022-05-12,retail,True
4548,Kevin Solis,kevinsolis_4548@example.com,Brazil,2022-07-12,premium,False
4549,Roger Peters,rogerpeters_4549@example.com,Australia,2022-12-23,premium,True
4550,Colleen Blanchard,colleenblanchard_4550@example.com,Germany,2024-02-05,retail,True
4551,Christian Garcia,christiangarcia_4551@example.com,United States,2024-01-11,retail,True
4552,Heidi Newton,heidinewton_4552@example.com,Singapore,2024-09-24,retail,True
4553,Gary Miller,garymiller_4553@example.com,United States,2024-03-25,retail,False
4554,John Hebert,johnhebert_4554@example.com,Japan,2022-05-01,retail,True
4555,Erik Small,eriksmall_4555@example.com,India,2024-09-04,retail,True
4556,Robert Moore,robertmoore_4556@example.com,Germany,2024-09-07,retail,True
4557,Andre Pace,andrepace_4557@example.com,Canada,2023-03-23,retail,True
4558,David Koch,davidkoch_4558@example.com,France,2023-09-21,retail,False
4559,Tyler Chapman MD,tylerchapmanmd_4559@example.com,Australia,2023-04-06,retail,True
4560,Donna Bishop,donnabishop_4560@example.com,India,2024-02-12,retail,True
4561,Christopher Murphy,christophermurphy_4561@example.com,Australia,2023-11-03,retail,True
4562,Bradley Miller,bradleymiller_4562@example.com,Australia,2022-01-23,retail,True
4563,Alejandra Fernandez,alejandrafernandez_4563@example.com,Singapore,2023-10-04,retail,True
4564,Brandon Cordova PhD,brandoncordovaphd_4564@example.com,Canada,2023-08-09,retail,True
4565,Wendy Smith,wendysmith_4565@example.com,Canada,2022-05-06,retail,True
4566,Casey Terrell,caseyterrell_4566@example.com,Brazil,2022-11-03,retail,True
4567,Michael Serrano,michaelserrano_4567@example.com,Australia,2022-07-15,retail,True
4568,Kenneth Williams,kennethwilliams_4568@example.com,United States,2022-03-23,retail,True
4569,Erin Williams,erinwilliams_4569@example.com,United States,2023-12-31,retail,True
4570,Virginia Mendez,virginiamendez_4570@example.com,Japan,2024-04-27,retail,True
4571,Cheryl Jackson,cheryljackson_4571@example.com,Canada,2022-08-27,retail,True
4572,Wyatt Rodriguez,wyattrodriguez_4572@example.com,Germany,2022-10-06,retail,True
4573,Lisa Fox,lisafox_4573@example.com,Australia,2024-07-23,retail,True
4574,Diane Brown,dianebrown_4574@example.com,Brazil,2024-07-12,retail,True
4575,Debbie Schneider,debbieschneider_4575@example.com,Canada,2022-06-29,retail,True
4576,Anne Obrien,anneobrien_4576@example.com,Singapore,2023-10-01,retail,True
4577,Amanda Phelps,amandaphelps_4577@example.com,Germany,2024-05-08,retail,True
4578,Melissa Patrick,melissapatrick_4578@example.com,United States,2022-10-17,retail,True
4579,Jordan Carter,jordancarter_4579@example.com,Canada,2022-06-09,retail,False
4580,Jennifer Roman,jenniferroman_4580@example.com,United States,2022-09-16,retail,True
4581,William Parker,williamparker_4581@example.com,United Kingdom,2023-12-07,business,True
4582,David Hernandez,davidhernandez_4582@example.com,Japan,2022-01-13,retail,True
4583,Bobby Matthews,bobbymatthews_4583@example.com,Canada,2022-07-22,retail,True
4584,Brian Cole,briancole_4584@example.com,Canada,2022-05-19,retail,False
4585,Benjamin Townsend,benjamintownsend_4585@example.com,United Kingdom,2024-12-05,retail,True
4586,Lauren Higgins,laurenhiggins_4586@example.com,United States,2024-01-20,retail,True
4587,Bryan Newman,bryannewman_4587@example.com,United Kingdom,2024-10-27,retail,True
4588,Kristen Matthews,kristenmatthews_4588@example.com,Australia,2022-06-17,retail,True
4589,Christine Kennedy,christinekennedy_4589@example.com,Brazil,2024-08-07,retail,True
4590,Christopher Lee,christopherlee_4590@example.com,United Kingdom,2024-02-21,retail,True
4591,Andre Farrell,andrefarrell_4591@example.com,United States,2023-11-27,business,True
4592,Cody Jimenez,codyjimenez_4592@example.com,Brazil,2023-03-19,retail,False
4593,Jennifer Fletcher,jenniferfletcher_4593@example.com,Brazil,2022-11-13,retail,True
4594,Casey Murphy,caseymurphy_4594@example.com,Canada,2024-11-08,retail,False
4595,Jennifer Edwards,jenniferedwards_4595@example.com,France,2022-04-20,retail,False
4596,Lacey Graves,laceygraves_4596@example.com,Canada,2022-12-11,retail,True
4597,Richard Best,richardbest_4597@example.com,United States,2022-04-21,retail,True
4598,John Mcneil,johnmcneil_4598@example.com,France,2022-09-19,retail,True
4599,Stephen Allen,stephenallen_4599@example.com,Germany,2022-10-05,retail,True
4600,Tina Solomon,tinasolomon_4600@example.com,France,2022-07-01,retail,True
4601,Jennifer Townsend,jennifertownsend_4601@example.com,France,2023-03-09,retail,False
4602,Michelle Mcbride,michellemcbride_4602@example.com,Japan,2022-08-13,retail,False
4603,Aaron Webb,aaronwebb_4603@example.com,Australia,2023-02-06,retail,True
4604,Kathryn Clark,kathrynclark_4604@example.com,United States,2022-09-19,retail,True
4605,Matthew Doyle,matthewdoyle_4605@example.com,United States,2023-07-22,business,True
4606,Kiara Preston,kiarapreston_4606@example.com,Germany,2022-09-26,retail,True
4607,Lisa Salazar MD,lisasalazarmd_4607@example.com,Australia,2022-09-18,retail,True
4608,Rebecca Gibson,rebeccagibson_4608@example.com,Australia,2023-02-02,retail,True
4609,Kimberly Ryan,kimberlyryan_4609@example.com,Canada,2024-10-27,retail,True
4610,Amanda Cook,amandacook_4610@example.com,United States,2024-04-13,retail,True
4611,Mark Conner,markconner_4611@example.com,United States,2023-12-07,retail,True
4612,Shawn Hickman,shawnhickman_4612@example.com,India,2024-07-24,retail,True
4613,Lisa Hall,lisahall_4613@example.com,Brazil,2022-07-16,retail,True
4614,Kevin Cole,kevincole_4614@example.com,United Kingdom,2022-02-16,retail,False
4615,Matthew Williams,matthewwilliams_4615@example.com,United Kingdom,2024-05-01,retail,True
4616,Tanner King,tannerking_4616@example.com,United Kingdom,2024-08-19,retail,True
4617,Joseph Williams,josephwilliams_4617@example.com,United States,2022-11-22,retail,False
4618,Joann Sanders,joannsanders_4618@example.com,Germany,2022-09-02,business,True
4619,Tyler Lang,tylerlang_4619@example.com,Germany,2023-07-20,retail,True
4620,Robert Payne,robertpayne_4620@example.com,Canada,2022-11-05,retail,True
4621,Jonathan Cisneros,jonathancisneros_4621@example.com,Germany,2022-08-31,retail,True
4622,Margaret Torres,margarettorres_4622@example.com,United States,2024-01-22,retail,True
4623,Amber Zhang,amberzhang_4623@example.com,Singapore,2024-03-16,retail,True
4624,Matthew Roberts,matthewroberts_4624@example.com,United States,2024-02-24,retail,True
4625,David Hays,davidhays_4625@example.com,Canada,2022-06-22,retail,True
4626,Erin Gardner,eringardner_4626@example.com,Australia,2024-01-11,retail,True
4627,Michael Miller,michaelmiller_4627@example.com,France,2023-09-08,retail,True
4628,Theresa Smith,theresasmith_4628@example.com,Singapore,2024-03-12,premium,True
4629,Paul Scott,paulscott_4629@example.com,Brazil,2023-01-22,retail,True
4630,Megan Perry,meganperry_4630@example.com,Australia,2022-01-18,retail,True
4631,Christina Martin,christinamartin_4631@example.com,Canada,2024-07-18,retail,True
4632,Timothy Collins,timothycollins_4632@example.com,Singapore,2022-10-03,retail,True
4633,Kimberly Jones,kimberlyjones_4633@example.com,United Kingdom,2023-08-29,premium,True
4634,Dr. Sarah Smith,drsarahsmith_4634@example.com,Singapore,2022-10-09,business,True
4635,Richard Bauer,richardbauer_4635@example.com,Japan,2023-10-19,retail,True
4636,Traci Wilson,traciwilson_4636@example.com,Japan,2024-11-17,retail,False
4637,Bryan Miranda,bryanmiranda_4637@example.com,Japan,2024-10-06,business,True
4638,Julie Martinez,juliemartinez_4638@example.com,Brazil,2022-07-20,retail,False
4639,Diana Miller,dianamiller_4639@example.com,Canada,2023-05-07,retail,False
4640,Heather Hughes,heatherhughes_4640@example.com,United Kingdom,2024-02-18,retail,True
4641,Tony Swanson,tonyswanson_4641@example.com,Australia,2023-05-06,business,True
4642,Lisa Montes,lisamontes_4642@example.com,France,2024-08-01,premium,True
4643,Wendy Martin,wendymartin_4643@example.com,Australia,2022-04-28,retail,True
4644,Joseph Norris,josephnorris_4644@example.com,Germany,2023-06-18,business,False
4645,William Todd,williamtodd_4645@example.com,United States,2023-05-09,retail,True
4646,Gerald Price,geraldprice_4646@example.com,Australia,2024-12-19,retail,True
4647,Ashley Hunt,ashleyhunt_4647@example.com,France,2024-01-28,business,True
4648,Christy Lee,christylee_4648@example.com,Singapore,2023-07-05,retail,True
4649,Patricia Adkins,patriciaadkins_4649@example.com,Singapore,2023-07-04,retail,False
4650,Willie Perez,willieperez_4650@example.com,Australia,2023-02-13,retail,True
4651,Susan Snyder,susansnyder_4651@example.com,Australia,2024-08-25,premium,True
4652,Jasmine Day,jasmineday_4652@example.com,Singapore,2024-10-26,retail,True
4653,Andrew Chavez,andrewchavez_4653@example.com,Singapore,2023-03-04,business,True
4654,Henry Huerta,henryhuerta_4654@example.com,Canada,2023-12-04,retail,True
4655,Mariah Perry,mariahperry_4655@example.com,United States,2023-11-12,business,False
4656,Tracy Atkins,tracyatkins_4656@example.com,France,2024-11-06,retail,True
4657,Ryan Wheeler,ryanwheeler_4657@example.com,Singapore,2022-10-20,retail,False
4658,Audrey Taylor,audreytaylor_4658@example.com,Brazil,2024-02-20,retail,True
4659,Zachary Swanson MD,zacharyswansonmd_4659@example.com,Canada,2022-08-20,business,True
4660,Amanda Conley,amandaconley_4660@example.com,India,2023-07-20,retail,True
4661,Eric Short,ericshort_4661@example.com,Brazil,2022-09-01,retail,True
4662,Scott Brown,scottbrown_4662@example.com,France,2022-04-18,premium,False
4663,Victor Taylor,victortaylor_4663@example.com,Japan,2023-02-05,retail,True
4664,James Hernandez,jameshernandez_4664@example.com,Singapore,2022-08-27,retail,True
4665,Jason Jones,jasonjones_4665@example.com,France,2023-03-14,retail,True
4666,Angela Parker,angelaparker_4666@example.com,Brazil,2024-04-25,retail,True
4667,Alexander Zavala,alexanderzavala_4667@example.com,Germany,2022-08-02,premium,True
4668,Michael Kane,michaelkane_4668@example.com,United States,2022-03-03,retail,True
4669,Lindsey York,lindseyyork_4669@example.com,United Kingdom,2024-10-12,business,True
4670,Brandon Baker,brandonbaker_4670@example.com,Canada,2022-10-18,business,True
4671,Stephen White,stephenwhite_4671@example.com,Japan,2024-07-03,retail,False
4672,Robert Hall,roberthall_4672@example.com,France,2023-10-14,retail,True
4673,Ryan Pierce,ryanpierce_4673@example.com,France,2022-12-27,retail,False
4674,Shannon Cain,shannoncain_4674@example.com,India,2023-06-16,retail,True
4675,Laura Vaughn,lauravaughn_4675@example.com,India,2022-04-10,retail,True
4676,Juan Evans,juanevans_4676@example.com,Canada,2022-02-21,retail,True
4677,Nicole Williams,nicolewilliams_4677@example.com,Australia,2022-10-30,retail,True
4678,Jennifer Barrett,jenniferbarrett_4678@example.com,India,2022-09-28,retail,True
4679,Anthony Jones,anthonyjones_4679@example.com,Australia,2024-04-12,retail,True
4680,Leah Rodriguez,leahrodriguez_4680@example.com,United Kingdom,2023-07-25,business,True
4681,John Ward,johnward_4681@example.com,United States,2024-01-02,business,True
4682,Deborah Garza,deborahgarza_4682@example.com,Japan,2022-05-09,retail,False
4683,Rebecca Miller,rebeccamiller_4683@example.com,Australia,2024-11-29,retail,True
4684,Matthew Carroll,matthewcarroll_4684@example.com,United States,2022-11-08,retail,True
4685,Lynn Smith,lynnsmith_4685@example.com,Canada,2022-05-15,retail,True
4686,Michael Jackson,michaeljackson_4686@example.com,Germany,2022-09-03,retail,True
4687,Sharon Hicks,sharonhicks_4687@example.com,Germany,2022-09-10,retail,True
4688,Abigail Mills MD,abigailmillsmd_4688@example.com,Singapore,2024-12-19,business,True
4689,Paula Lopez,paulalopez_4689@example.com,India,2022-12-03,business,True
4690,Amy Clark,amyclark_4690@example.com,Germany,2024-02-14,retail,True
4691,Cheryl Rose,cherylrose_4691@example.com,Canada,2024-11-27,retail,True
4692,Jared Garza,jaredgarza_4692@example.com,United States,2023-01-17,retail,True
4693,Donna Wright,donnawright_4693@example.com,India,2023-05-20,retail,True
4694,Belinda Fisher,belindafisher_4694@example.com,Brazil,2023-12-23,business,True
4695,Kathleen Levine,kathleenlevine_4695@example.com,Germany,2023-04-26,retail,True
4696,Corey King,coreyking_4696@example.com,India,2023-04-10,retail,True
4697,Cody Davidson,codydavidson_4697@example.com,Japan,2022-12-23,retail,True
4698,Michael Anderson,michaelanderson_4698@example.com,India,2023-03-31,retail,True
4699,Zachary Mcgee,zacharymcgee_4699@example.com,Germany,2024-05-16,retail,True
4700,Melinda Anderson,melindaanderson_4700@example.com,United States,2024-08-19,retail,False
4701,Tyler Andrews,tylerandrews_4701@example.com,Japan,2024-07-29,retail,True
4702,Michelle Greer,michellegreer_4702@example.com,Brazil,2024-10-16,retail,True
4703,Brian Clark,brianclark_4703@example.com,Japan,2022-11-21,business,True
4704,Nathaniel Floyd,nathanielfloyd_4704@example.com,United States,2022-07-22,retail,True
4705,Erika Jenkins,erikajenkins_4705@example.com,Singapore,2022-07-24,retail,True
4706,Melanie Ramos,melanieramos_4706@example.com,Japan,2023-04-01,business,True
4707,Mark Clark,markclark_4707@example.com,Japan,2023-01-10,retail,False
4708,Sergio Hodge,sergiohodge_4708@example.com,India,2024-06-09,business,True
4709,Katherine Avery,katherineavery_4709@example.com,Japan,2023-06-13,retail,True
4710,David Hamilton,davidhamilton_4710@example.com,Australia,2024-06-25,retail,True
4711,Richard Bass,richardbass_4711@example.com,Germany,2023-03-20,premium,False
4712,Kelly Harris,kellyharris_4712@example.com,Canada,2022-11-27,business,True
4713,Dustin Campbell,dustincampbell_4713@example.com,United Kingdom,2023-08-22,retail,True
4714,Randy Kennedy,randykennedy_4714@example.com,Japan,2022-11-12,retail,True
4715,Ana Gibson,anagibson_4715@example.com,Canada,2023-01-01,retail,True
4716,Danny Harris,dannyharris_4716@example.com,United States,2024-02-12,retail,True
4717,Sara Stuart,sarastuart_4717@example.com,Australia,2023-03-09,retail,True
4718,John Kim,johnkim_4718@example.com,Singapore,2023-05-12,business,True
4719,Richard Brewer,richardbrewer_4719@example.com,India,2023-05-17,retail,True
4720,William Arnold,williamarnold_4720@example.com,Japan,2022-04-24,retail,True
4721,Brianna Adams,briannaadams_4721@example.com,India,2023-07-19,retail,True
4722,David Garcia,davidgarcia_4722@example.com,India,2023-10-08,retail,True
4723,Kelli Collins,kellicollins_4723@example.com,France,2022-09-07,retail,True
4724,Arthur Krueger,arthurkrueger_4724@example.com,United States,2022-05-27,retail,True
4725,Steven King,stevenking_4725@example.com,Singapore,2022-04-28,retail,True
4726,Tyler Velazquez,tylervelazquez_4726@example.com,Singapore,2023-04-15,retail,True
4727,Laura Middleton,lauramiddleton_4727@example.com,Australia,2024-03-01,retail,True
4728,Lori Madden,lorimadden_4728@example.com,India,2022-04-03,retail,True
4729,Tyler Murphy,tylermurphy_4729@example.com,United Kingdom,2022-12-23,business,True
4730,Kristen Bradley,kristenbradley_4730@example.com,Australia,2022-06-27,retail,True
4731,Corey Rodriguez,coreyrodriguez_4731@example.com,United Kingdom,2022-06-08,retail,False
4732,Phillip King,phillipking_4732@example.com,Australia,2023-11-07,retail,True
4733,Laurie Fuller,lauriefuller_4733@example.com,United Kingdom,2024-02-09,retail,True
4734,Toni Cunningham,tonicunningham_4734@example.com,Australia,2024-07-12,retail,True
4735,James Weber,jamesweber_4735@example.com,Canada,2022-05-04,retail,True
4736,Erika Hodge,erikahodge_4736@example.com,Canada,2022-02-07,retail,True
4737,Peter Patel,peterpatel_4737@example.com,Canada,2022-01-31,retail,True
4738,Jeffrey Hart DDS,jeffreyhartdds_4738@example.com,India,2022-07-16,retail,True
4739,Steven Hall,stevenhall_4739@example.com,Canada,2023-09-22,retail,True
4740,Christine Gutierrez,christinegutierrez_4740@example.com,Germany,2024-05-30,business,True
4741,Angel Becker DVM,angelbeckerdvm_4741@example.com,India,2024-12-25,retail,True
4742,Chad Rojas,chadrojas_4742@example.com,United States,2024-12-07,retail,True
4743,Brent Scott,brentscott_4743@example.com,Singapore,2024-10-01,business,True
4744,Jennifer Esparza,jenniferesparza_4744@example.com,Brazil,2023-01-15,retail,True
4745,Stacy Orozco,stacyorozco_4745@example.com,United States,2024-07-31,premium,True
4746,Thomas Carr,thomascarr_4746@example.com,Japan,2024-12-31,retail,True
4747,David George,davidgeorge_4747@example.com,Singapore,2023-12-23,retail,True
4748,Teresa Allen,teresaallen_4748@example.com,Germany,2023-09-25,retail,True
4749,Donald Jackson,donaldjackson_4749@example.com,Singapore,2023-11-05,retail,True
4750,Monica Howe,monicahowe_4750@example.com,Japan,2023-11-17,retail,True
4751,Willie Flynn PhD,willieflynnphd_4751@example.com,United States,2022-11-21,retail,True
4752,Jonathan Perez,jonathanperez_4752@example.com,United States,2023-12-16,retail,True
4753,April Horton,aprilhorton_4753@example.com,France,2024-07-23,retail,True
4754,Nicole Hawkins,nicolehawkins_4754@example.com,United States,2022-04-13,retail,True
4755,Patrick Hooper,patrickhooper_4755@example.com,Japan,2024-08-08,retail,True
4756,Mary Lee,marylee_4756@example.com,Singapore,2024-10-13,retail,True
4757,Cynthia Williams,cynthiawilliams_4757@example.com,Brazil,2024-07-10,business,True
4758,Ronald Gonzalez,ronaldgonzalez_4758@example.com,United Kingdom,2024-05-09,business,True
4759,Antonio Cole,antoniocole_4759@example.com,Australia,2024-05-23,retail,True
4760,Amanda Swanson,amandaswanson_4760@example.com,Australia,2022-03-09,retail,True
4761,Holly Sherman,hollysherman_4761@example.com,Australia,2023-03-28,retail,True
4762,Sandy Reynolds,sandyreynolds_4762@example.com,Singapore,2023-07-12,retail,True
4763,Sandra Moore,sandramoore_4763@example.com,India,2024-06-22,retail,True
4764,Christopher Johnson,christopherjohnson_4764@example.com,Brazil,2024-01-04,retail,True
4765,Ryan Fisher,ryanfisher_4765@example.com,Germany,2023-10-20,retail,True
4766,Christopher Jones,christopherjones_4766@example.com,Brazil,2024-08-12,retail,True
4767,Jeffrey Lyons,jeffreylyons_4767@example.com,Australia,2022-08-14,retail,True
4768,Miguel Reeves,miguelreeves_4768@example.com,Singapore,2023-02-27,retail,True
4769,Kiara Santana,kiarasantana_4769@example.com,United Kingdom,2023-10-06,retail,False
4770,Tonya Richards,tonyarichards_4770@example.com,Brazil,2023-11-18,retail,True
4771,Jesse Poole,jessepoole_4771@example.com,France,2024-04-27,retail,True
4772,Mary Lewis,marylewis_4772@example.com,Australia,2023-06-21,business,False
4773,Christopher Copeland,christophercopeland_4773@example.com,France,2023-03-30,retail,True
4774,Ethan Obrien,ethanobrien_4774@example.com,United Kingdom,2023-09-18,retail,True
4775,Rebecca Houston,rebeccahouston_4775@example.com,Brazil,2023-05-16,retail,True
4776,Edward Barton,edwardbarton_4776@example.com,France,2023-07-19,retail,True
4777,Brandon Perkins,brandonperkins_4777@example.com,Brazil,2023-07-07,business,True
4778,Beth Brown,bethbrown_4778@example.com,Japan,2022-12-17,retail,True
4779,Kim Vincent,kimvincent_4779@example.com,Australia,2024-10-22,retail,True
4780,Jennifer Banks,jenniferbanks_4780@example.com,India,2023-03-24,premium,True
4781,Ruth Brown,ruthbrown_4781@example.com,Japan,2024-12-05,retail,False
4782,Shawn Lindsey,shawnlindsey_4782@example.com,United Kingdom,2023-05-26,retail,False
4783,Anthony Garrison,anthonygarrison_4783@example.com,Brazil,2024-07-01,retail,True
4784,Angela Ryan,angelaryan_4784@example.com,United Kingdom,2024-09-07,retail,True
4785,Joseph Davis,josephdavis_4785@example.com,France,2024-11-28,retail,True
4786,Joshua Clayton,joshuaclayton_4786@example.com,Singapore,2024-01-29,retail,True
4787,John Massey,johnmassey_4787@example.com,Canada,2022-09-15,retail,True
4788,Richard Hale,richardhale_4788@example.com,France,2023-07-24,retail,True
4789,Charles Ramos,charlesramos_4789@example.com,Singapore,2022-05-12,retail,True
4790,Mark Miller,markmiller_4790@example.com,Brazil,2022-04-22,business,True
4791,Julia Maldonado,juliamaldonado_4791@example.com,Australia,2022-08-07,retail,True
4792,Gail Johnson MD,gailjohnsonmd_4792@example.com,India,2023-11-14,business,True
4793,Maurice Johnson,mauricejohnson_4793@example.com,Japan,2024-03-13,retail,True
4794,Amanda Morris,amandamorris_4794@example.com,India,2022-01-05,retail,True
4795,Rhonda Willis,rhondawillis_4795@example.com,United Kingdom,2023-03-24,business,True
4796,Connor Benton,connorbenton_4796@example.com,Australia,2023-09-04,retail,True
4797,Richard Ryan,richardryan_4797@example.com,Singapore,2024-03-05,retail,True
4798,Richard Goodman,richardgoodman_4798@example.com,Japan,2024-01-30,retail,True
4799,Michelle Mcneil,michellemcneil_4799@example.com,Canada,2023-01-26,business,True
4800,Michael Norton,michaelnorton_4800@example.com,Canada,2022-03-10,business,True
4801,Donna Carter,donnacarter_4801@example.com,India,2023-08-23,retail,True
4802,Joshua Hernandez,joshuahernandez_4802@example.com,United Kingdom,2022-02-08,retail,True
4803,Kimberly Mitchell,kimberlymitchell_4803@example.com,Brazil,2024-05-01,retail,True
4804,Patricia Hernandez,patriciahernandez_4804@example.com,Singapore,2022-02-27,retail,True
4805,Donna Howell,donnahowell_4805@example.com,Australia,2022-10-16,retail,True
4806,James Williams,jameswilliams_4806@example.com,Brazil,2022-04-13,retail,True
4807,Alexander Greene,alexandergreene_4807@example.com,United Kingdom,2024-09-24,retail,True
4808,Dean Sanchez,deansanchez_4808@example.com,India,2023-06-24,retail,True
4809,Glenn Ward,glennward_4809@example.com,Germany,2023-10-15,retail,True
4810,Kendra Sullivan,kendrasullivan_4810@example.com,Australia,2022-04-07,retail,True
4811,Cynthia Hernandez,cynthiahernandez_4811@example.com,Brazil,2023-07-29,retail,True
4812,Darren Morris,darrenmorris_4812@example.com,India,2023-11-21,retail,True
4813,Holly Underwood,hollyunderwood_4813@example.com,Canada,2023-02-12,retail,True
4814,Jaime Williams,jaimewilliams_4814@example.com,Canada,2023-04-24,retail,True
4815,Lori Brown,loribrown_4815@example.com,Australia,2024-04-01,retail,True
4816,Jason Chase,jasonchase_4816@example.com,Germany,2022-01-21,retail,True
4817,Lisa Buchanan,lisabuchanan_4817@example.com,France,2024-04-16,retail,True
4818,Marcus Fields,marcusfields_4818@example.com,United Kingdom,2024-05-26,retail,True
4819,Tammy Lopez,tammylopez_4819@example.com,United States,2024-06-15,business,True
4820,Derek Williams,derekwilliams_4820@example.com,India,2023-12-13,retail,True
4821,James Davenport,jamesdavenport_4821@example.com,United States,2022-12-22,retail,True
4822,Justin Moreno,justinmoreno_4822@example.com,United States,2022-06-10,business,True
4823,Mario Green,mariogreen_4823@example.com,Germany,2023-06-14,business,True
4824,Cassandra Fry,cassandrafry_4824@example.com,United States,2023-03-20,retail,False
4825,Dr. Jose Gray DDS,drjosegraydds_4825@example.com,Canada,2022-04-06,retail,True
4826,Amy Adams,amyadams_4826@example.com,United Kingdom,2022-02-03,retail,True
4827,Austin Horton,austinhorton_4827@example.com,Canada,2022-09-29,retail,True
4828,Elizabeth Jackson,elizabethjackson_4828@example.com,United States,2024-06-18,business,True
4829,Maureen Cross,maureencross_4829@example.com,France,2024-08-05,retail,False
4830,Christopher Sanchez,christophersanchez_4830@example.com,India,2024-10-11,retail,True
4831,Mitchell Richardson,mitchellrichardson_4831@example.com,United Kingdom,2023-01-10,business,True
4832,Kelsey Lewis,kelseylewis_4832@example.com,Australia,2023-04-11,retail,False
4833,Richard Miller,richardmiller_4833@example.com,Canada,2024-08-18,retail,True
4834,Samantha Carter,samanthacarter_4834@example.com,United Kingdom,2023-01-04,retail,True
4835,Mrs. Heather Christensen,mrsheatherchristensen_4835@example.com,Brazil,2023-12-04,retail,True
4836,Sharon Williams,sharonwilliams_4836@example.com,France,2023-06-06,business,True
4837,Daryl Lowe,daryllowe_4837@example.com,Canada,2023-05-22,retail,True
4838,Michael Carter,michaelcarter_4838@example.com,India,2022-06-06,retail,True
4839,Susan Johnson,susanjohnson_4839@example.com,United Kingdom,2022-06-26,premium,True
4840,James Jenkins,jamesjenkins_4840@example.com,India,2024-11-17,retail,True
4841,Dylan Johnston,dylanjohnston_4841@example.com,Japan,2024-05-01,business,True
4842,Kathy Hull,kathyhull_4842@example.com,United States,2022-06-01,retail,True
4843,Monica Richardson,monicarichardson_4843@example.com,India,2023-08-20,retail,True
4844,Kathryn White,kathrynwhite_4844@example.com,Germany,2022-11-06,retail,True
4845,Mrs. Valerie Owens,mrsvalerieowens_4845@example.com,Brazil,2023-05-31,retail,True
4846,Amy Watts,amywatts_4846@example.com,Australia,2022-08-13,retail,True
4847,Michael Brown,michaelbrown_4847@example.com,Canada,2024-10-05,business,True
4848,Cynthia Hendricks,cynthiahendricks_4848@example.com,Germany,2023-03-28,retail,True
4849,Phillip Kelly,phillipkelly_4849@example.com,United States,2024-01-09,business,True
4850,Deanna Edwards,deannaedwards_4850@example.com,United Kingdom,2024-02-09,retail,True
4851,Jennifer Walker,jenniferwalker_4851@example.com,France,2024-02-23,business,True
4852,Brian Davis,briandavis_4852@example.com,Germany,2022-01-04,retail,True
4853,Kelsey Griffith,kelseygriffith_4853@example.com,Germany,2023-08-17,retail,True
4854,Kimberly Obrien,kimberlyobrien_4854@example.com,United States,2023-09-17,retail,True
4855,Kevin Mccoy,kevinmccoy_4855@example.com,Japan,2023-11-09,retail,True
4856,Daniel Sullivan,danielsullivan_4856@example.com,Canada,2022-01-22,business,True
4857,Darius Khan,dariuskhan_4857@example.com,Singapore,2024-11-05,retail,True
4858,Miranda Huber,mirandahuber_4858@example.com,Australia,2023-01-24,retail,True
4859,Lisa Wagner,lisawagner_4859@example.com,France,2023-01-08,retail,True
4860,Erin Price,erinprice_4860@example.com,Germany,2022-11-24,business,True
4861,Jonathan Russell,jonathanrussell_4861@example.com,Australia,2024-04-28,retail,True
4862,Sharon Snow,sharonsnow_4862@example.com,India,2024-08-29,retail,True
4863,Cody Hoover,codyhoover_4863@example.com,Australia,2022-11-11,retail,True
4864,Alyssa Rodriguez PhD,alyssarodriguezphd_4864@example.com,Singapore,2023-12-17,retail,True
4865,Carl Harper,carlharper_4865@example.com,Brazil,2022-10-02,retail,True
4866,Dana Bennett,danabennett_4866@example.com,Canada,2022-11-06,retail,True
4867,Michael Baker,michaelbaker_4867@example.com,Australia,2024-04-20,retail,True
4868,William Wilson,williamwilson_4868@example.com,Australia,2023-10-09,retail,True
4869,Jennifer Smith,jennifersmith_4869@example.com,Singapore,2023-04-22,retail,True
4870,Cindy Richardson,cindyrichardson_4870@example.com,Canada,2024-04-16,retail,True
4871,Brandi Brown,brandibrown_4871@example.com,France,2023-01-04,retail,True
4872,Benjamin Martinez,benjaminmartinez_4872@example.com,Australia,2023-06-15,retail,True
4873,Patricia Mitchell,patriciamitchell_4873@example.com,Japan,2023-11-27,retail,True
4874,Courtney Sanders,courtneysanders_4874@example.com,United Kingdom,2023-04-02,retail,True
4875,Ryan Willis,ryanwillis_4875@example.com,United States,2022-03-31,retail,True
4876,Jennifer Jackson,jenniferjackson_4876@example.com,Germany,2022-11-18,retail,True
4877,Teresa Obrien,teresaobrien_4877@example.com,Canada,2022-11-07,retail,True
4878,Angel Hayes,angelhayes_4878@example.com,United Kingdom,2024-02-02,retail,True
4879,Jason Davis,jasondavis_4879@example.com,United Kingdom,2024-02-02,retail,True
4880,Melissa Mathews,melissamathews_4880@example.com,Japan,2024-05-04,retail,False
4881,Joseph Russell,josephrussell_4881@example.com,France,2022-01-18,retail,True
4882,Sandra Mccoy,sandramccoy_4882@example.com,Japan,2023-11-01,retail,True
4883,Gail Vasquez,gailvasquez_4883@example.com,Singapore,2023-09-26,premium,True
4884,Jeffrey Gibbs,jeffreygibbs_4884@example.com,United States,2022-03-29,retail,True
4885,Michael Wilson,michaelwilson_4885@example.com,Japan,2024-10-16,retail,True
4886,Richard Smith,richardsmith_4886@example.com,Germany,2023-10-05,retail,True
4887,Corey Mooney,coreymooney_4887@example.com,Singapore,2024-04-02,retail,True
4888,Christina Myers,christinamyers_4888@example.com,France,2022-09-01,retail,True
4889,Anita Pitts,anitapitts_4889@example.com,Germany,2023-08-30,retail,True
4890,Christian Bryant,christianbryant_4890@example.com,Canada,2024-06-12,business,True
4891,Patrick Garcia,patrickgarcia_4891@example.com,Germany,2023-01-10,retail,True
4892,Daniel Merritt,danielmerritt_4892@example.com,United States,2023-08-06,retail,True
4893,Robert Hicks,roberthicks_4893@example.com,Germany,2022-08-19,retail,True
4894,Kenneth Washington,kennethwashington_4894@example.com,Japan,2022-08-18,retail,True
4895,Jessica Hoffman,jessicahoffman_4895@example.com,India,2022-11-11,business,True
4896,Lisa Riggs,lisariggs_4896@example.com,Brazil,2023-07-23,retail,True
4897,Donna Mccarty,donnamccarty_4897@example.com,Canada,2024-11-18,retail,True
4898,Eric Spencer,ericspencer_4898@example.com,Japan,2022-02-10,retail,True
4899,Victoria Deleon,victoriadeleon_4899@example.com,Singapore,2024-04-19,retail,True
4900,David Roy,davidroy_4900@example.com,Canada,2022-01-05,retail,True
4901,Nancy Rice,nancyrice_4901@example.com,Germany,2022-11-27,retail,True
4902,Daniel Brewer,danielbrewer_4902@example.com,Singapore,2023-01-22,business,True
4903,Becky Garcia,beckygarcia_4903@example.com,United States,2023-10-31,business,True
4904,Michael Smith,michaelsmith_4904@example.com,Japan,2023-04-27,retail,True
4905,Katie Kaiser,katiekaiser_4905@example.com,Australia,2022-11-28,business,True
4906,Amy Roberts,amyroberts_4906@example.com,Brazil,2022-12-17,retail,True
4907,Taylor Espinoza,taylorespinoza_4907@example.com,Brazil,2022-05-08,retail,True
4908,David Aguirre,davidaguirre_4908@example.com,Singapore,2022-12-02,business,True
4909,Kyle Armstrong,kylearmstrong_4909@example.com,Germany,2023-04-11,retail,True
4910,Jennifer Weber,jenniferweber_4910@example.com,Germany,2024-10-24,retail,True
4911,Sheila Douglas,sheiladouglas_4911@example.com,Germany,2023-03-16,business,True
4912,Maria Malone,mariamalone_4912@example.com,United Kingdom,2024-11-01,retail,True
4913,Megan Juarez,meganjuarez_4913@example.com,Japan,2024-04-04,retail,True
4914,Ann Boyd,annboyd_4914@example.com,Germany,2024-06-07,retail,False
4915,Richard Riley,richardriley_4915@example.com,United Kingdom,2022-01-02,premium,True
4916,Laura Thomas,laurathomas_4916@example.com,Japan,2022-11-18,retail,True
4917,Elizabeth Barton,elizabethbarton_4917@example.com,Brazil,2022-11-09,retail,True
4918,Laura Sparks,laurasparks_4918@example.com,Japan,2023-04-04,retail,True
4919,Tiffany Zamora,tiffanyzamora_4919@example.com,Brazil,2022-05-10,retail,True
4920,Ryan Roman,ryanroman_4920@example.com,United States,2024-04-11,premium,True
4921,Richard Parsons,richardparsons_4921@example.com,Singapore,2022-07-14,retail,True
4922,Justin Yu,justinyu_4922@example.com,Australia,2022-12-09,retail,True
4923,Marcus Johnson,marcusjohnson_4923@example.com,Japan,2024-12-06,retail,True
4924,Brittney Bowman,brittneybowman_4924@example.com,France,2023-05-22,retail,True
4925,Jason Snow,jasonsnow_4925@example.com,India,2024-06-29,premium,True
4926,Carrie Lewis,carrielewis_4926@example.com,Japan,2022-08-15,retail,True
4927,Wendy Perez,wendyperez_4927@example.com,Brazil,2024-12-28,retail,True
4928,Erika Bates,erikabates_4928@example.com,France,2023-12-18,retail,True
4929,Marie Roach,marieroach_4929@example.com,United States,2022-11-05,retail,True
4930,Mary Hoffman,maryhoffman_4930@example.com,Singapore,2024-12-29,retail,True
4931,Robert Mitchell,robertmitchell_4931@example.com,Australia,2022-07-12,retail,True
4932,Gregory Russell,gregoryrussell_4932@example.com,France,2024-11-04,retail,True
4933,Vicki Barrera,vickibarrera_4933@example.com,Canada,2023-12-05,retail,True
4934,Jessica Johnson,jessicajohnson_4934@example.com,Singapore,2022-01-19,retail,True
4935,Rachel Sullivan,rachelsullivan_4935@example.com,Canada,2022-02-16,retail,True
4936,Kimberly Thomas,kimberlythomas_4936@example.com,Canada,2024-04-23,retail,False
4937,Anna Pierce,annapierce_4937@example.com,France,2022-05-09,retail,True
4938,Haley Mccoy,haleymccoy_4938@example.com,Singapore,2024-09-19,retail,True
4939,Claire Hoffman,clairehoffman_4939@example.com,Brazil,2024-07-25,retail,True
4940,Annette Rivas,annetterivas_4940@example.com,France,2023-12-22,retail,True
4941,Pamela Aguirre,pamelaaguirre_4941@example.com,France,2024-04-10,retail,False
4942,George Bradshaw,georgebradshaw_4942@example.com,Germany,2024-10-29,business,True
4943,Ryan Waters,ryanwaters_4943@example.com,India,2023-05-12,retail,True
4944,Chase Matthews,chasematthews_4944@example.com,Australia,2023-02-27,retail,True
4945,Sarah Nelson,sarahnelson_4945@example.com,Japan,2022-08-07,premium,True
4946,Sarah Wall,sarahwall_4946@example.com,Brazil,2024-12-29,retail,True
4947,Paul Smith,paulsmith_4947@example.com,United States,2022-12-08,retail,True
4948,Kayla Burke,kaylaburke_4948@example.com,Singapore,2022-01-21,retail,True
4949,Jean Murillo,jeanmurillo_4949@example.com,United States,2022-12-02,retail,False
4950,William Hughes,williamhughes_4950@example.com,United States,2024-03-23,retail,True
4951,Brad Lee,bradlee_4951@example.com,United States,2022-02-07,business,True
4952,Samantha Morrow,samanthamorrow_4952@example.com,Japan,2023-06-02,retail,True
4953,Tony Brooks,tonybrooks_4953@example.com,Germany,2022-01-02,retail,True
4954,Matthew Miller,matthewmiller_4954@example.com,Japan,2023-01-25,business,True
4955,Angel Rojas,angelrojas_4955@example.com,Australia,2024-09-15,retail,True
4956,Jason Thompson,jasonthompson_4956@example.com,Japan,2023-05-01,retail,True
4957,Christina Aguilar,christinaaguilar_4957@example.com,France,2022-08-06,retail,True
4958,Jason Thomas,jasonthomas_4958@example.com,Germany,2022-01-30,retail,False
4959,Connie Ramirez,connieramirez_4959@example.com,Australia,2022-01-27,retail,True
4960,Jon Ramos,jonramos_4960@example.com,Australia,2024-03-10,retail,True
4961,Christopher Klein,christopherklein_4961@example.com,Brazil,2023-12-30,retail,True
4962,Charles Powell,charlespowell_4962@example.com,Australia,2024-03-04,retail,True
4963,Megan Carlson,megancarlson_4963@example.com,Brazil,2023-01-28,business,False
4964,Justin Davis,justindavis_4964@example.com,France,2024-06-03,retail,True
4965,Molly Mckenzie,mollymckenzie_4965@example.com,India,2022-02-09,retail,True
4966,Tammy Hendrix,tammyhendrix_4966@example.com,Canada,2024-04-28,business,True
4967,Tara Jones,tarajones_4967@example.com,United States,2022-08-20,retail,True
4968,Alison Zuniga,alisonzuniga_4968@example.com,Australia,2022-09-09,retail,True
4969,Deborah Waller,deborahwaller_4969@example.com,France,2023-09-13,business,True
4970,Jesse Davis,jessedavis_4970@example.com,Brazil,2022-03-30,retail,True
4971,Timothy Howard,timothyhoward_4971@example.com,Australia,2024-05-14,retail,False
4972,Christina Moon,christinamoon_4972@example.com,Australia,2022-12-04,retail,True
4973,John Ho,johnho_4973@example.com,Canada,2022-09-16,retail,False
4974,Daniel Ferrell,danielferrell_4974@example.com,Brazil,2024-06-12,business,True
4975,Megan Miller,meganmiller_4975@example.com,Singapore,2023-01-01,retail,True
4976,James Robinson,jamesrobinson_4976@example.com,United Kingdom,2022-01-17,retail,True
4977,Roger Petty,rogerpetty_4977@example.com,France,2024-06-19,retail,True
4978,John Payne,johnpayne_4978@example.com,France,2024-09-10,business,True
4979,Jamie Lee,jamielee_4979@example.com,France,2023-10-29,retail,True
4980,Steven Gardner,stevengardner_4980@example.com,Singapore,2023-10-31,retail,True
4981,Kevin Barber,kevinbarber_4981@example.com,Germany,2024-12-30,retail,True
4982,Kenneth Williams,kennethwilliams_4982@example.com,United Kingdom,2022-10-08,retail,True
4983,Elizabeth Williams,elizabethwilliams_4983@example.com,Germany,2022-07-28,retail,True
4984,Jessica Mitchell,jessicamitchell_4984@example.com,Brazil,2022-04-26,retail,True
4985,Jesse Fleming,jessefleming_4985@example.com,Canada,2023-01-14,business,False
4986,Jennifer Ferguson,jenniferferguson_4986@example.com,United Kingdom,2024-08-25,retail,True
4987,Susan Figueroa,susanfigueroa_4987@example.com,Canada,2024-08-06,retail,True
4988,Mr. Thomas Jones PhD,mrthomasjonesphd_4988@example.com,France,2023-05-20,retail,True
4989,Sherry Shannon,sherryshannon_4989@example.com,Australia,2023-10-28,retail,True
4990,Samantha Garcia,samanthagarcia_4990@example.com,France,2022-12-15,retail,True
4991,Joseph Beltran,josephbeltran_4991@example.com,Australia,2022-07-27,retail,False
4992,Joshua Navarro,joshuanavarro_4992@example.com,Australia,2024-09-28,retail,True
4993,Nicholas Obrien II,nicholasobrienii_4993@example.com,United Kingdom,2022-04-23,retail,True
4994,Ronald Baxter,ronaldbaxter_4994@example.com,United States,2024-01-14,retail,True
4995,Sherri Charles,sherricharles_4995@example.com,India,2024-07-19,retail,True
4996,Michael Flores,michaelflores_4996@example.com,Australia,2023-03-16,retail,True
4997,Darryl Christensen,darrylchristensen_4997@example.com,India,2024-12-19,retail,True
4998,Allison Floyd,allisonfloyd_4998@example.com,France,2022-08-18,business,True
4999,Michelle Patterson,michellepatterson_4999@example.com,United Kingdom,2023-12-31,retail,True
5000,Wendy Chavez,wendychavez_5000@example.com,Brazil,2024-07-29,retail,True
