flag_id,transaction_id,flagged_date,flag_reason,is_resolved,resolved_date
1,87,2022-01-03 00:06:59,Suspicious Amount Spike,True,2022-01-04 08:06:59
2,90,2022-01-03 03:04:17,Suspicious Amount Spike,True,2022-01-04 03:04:17
3,130,2022-01-04 10:40:51,Suspicious Amount Spike,True,2022-01-05 18:40:51
4,148,2022-01-04 16:03:39,Suspicious Amount Spike,True,2022-01-05 17:03:39
5,179,2022-01-05 11:48:35,Suspicious Amount Spike,True,2022-01-06 16:48:35
6,249,2022-01-06 22:33:43,Suspicious Amount Spike,True,2022-01-08 03:33:43
7,252,2022-01-06 22:49:00,Suspicious Amount Spike,True,2022-01-08 01:49:00
8,424,2022-01-10 19:04:46,Suspicious Amount Spike,True,2022-01-14 02:04:46
9,530,2022-01-13 11:29:26,Suspicious Amount Spike,True,2022-01-14 15:29:26
10,541,2022-01-13 15:31:22,Suspicious Amount Spike,True,2022-02-01 23:31:22
11,547,2022-01-13 19:07:37,Suspicious Amount Spike,True,2022-01-18 01:07:37
12,572,2022-01-13 23:11:07,Suspicious Amount Spike,True,2022-01-16 01:11:07
13,569,2022-01-14 00:34:25,Suspicious Amount Spike,True,2022-01-17 08:34:25
14,588,2022-01-14 13:56:04,Suspicious Amount Spike,True,2022-01-21 13:56:04
15,637,2022-01-15 17:20:40,Suspicious Amount Spike,True,2022-01-21 23:20:40
16,657,2022-01-16 09:02:19,Suspicious Amount Spike,True,2022-01-22 14:02:19
17,658,2022-01-16 09:39:21,Suspicious Amount Spike,True,2022-01-20 14:39:21
18,659,2022-01-16 12:54:21,Suspicious Amount Spike,True,2022-01-17 15:54:21
19,769,2022-01-18 19:39:54,Suspicious Amount Spike,True,2022-01-19 19:39:54
20,764,2022-01-18 20:10:11,Suspicious Amount Spike,True,2022-01-26 02:10:11
21,799,2022-01-19 17:33:05,Suspicious Amount Spike,True,2022-01-21 01:33:05
22,807,2022-01-19 20:45:17,Suspicious Amount Spike,True,2022-01-21 23:45:17
23,822,2022-01-20 00:11:15,Suspicious Amount Spike,True,2022-01-21 08:11:15
24,863,2022-01-21 06:26:08,Suspicious Amount Spike,True,2022-01-22 12:26:08
25,884,2022-01-21 15:52:11,Suspicious Amount Spike,True,2022-01-23 23:52:11
26,904,2022-01-21 23:05:19,Suspicious Amount Spike,True,2022-01-23 23:05:19
27,905,2022-01-22 00:24:14,Suspicious Amount Spike,True,2022-01-24 04:24:14
28,982,2022-01-23 20:07:41,Suspicious Amount Spike,True,2022-01-27 02:07:41
29,990,2022-01-23 21:14:58,Suspicious Amount Spike,True,2022-01-27 05:14:58
30,1055,2022-01-25 16:37:25,Suspicious Amount Spike,False,
31,1074,2022-01-25 23:48:45,Suspicious Amount Spike,True,2022-01-28 07:48:45
32,1084,2022-01-26 14:14:37,Suspicious Amount Spike,True,2022-01-29 20:14:37
33,1121,2022-01-27 16:46:48,Suspicious Amount Spike,True,2022-01-29 17:46:48
34,1147,2022-01-28 13:21:33,Suspicious Amount Spike,True,2022-02-01 18:21:33
35,1202,2022-01-29 10:29:15,Suspicious Amount Spike,True,2022-02-07 13:29:15
36,1203,2022-01-29 12:48:49,Suspicious Amount Spike,True,2022-01-31 14:48:49
37,1223,2022-01-29 18:36:33,Suspicious Amount Spike,True,2022-02-05 02:36:33
38,1258,2022-01-30 14:27:33,Suspicious Amount Spike,True,2022-02-01 21:27:33
39,1257,2022-01-30 15:17:52,Suspicious Amount Spike,True,2022-02-03 19:17:52
40,1279,2022-01-31 00:20:56,Suspicious Amount Spike,True,2022-02-02 05:20:56
41,1313,2022-01-31 22:21:22,Suspicious Amount Spike,True,2022-02-04 00:21:22
42,1385,2022-02-02 09:14:33,Suspicious Amount Spike,True,2022-02-04 15:14:33
43,1470,2022-02-04 11:23:45,Suspicious Amount Spike,True,2022-02-09 13:23:45
44,1492,2022-02-04 14:50:21,Suspicious Amount Spike,True,2022-02-06 21:50:21
45,1500,2022-02-04 19:07:05,Suspicious Amount Spike,True,2022-02-07 20:07:05
46,1524,2022-02-04 23:12:06,Suspicious Amount Spike,True,2022-02-07 01:12:06
47,1559,2022-02-05 17:53:25,Suspicious Amount Spike,True,2022-02-08 01:53:25
48,1580,2022-02-06 00:12:31,Suspicious Amount Spike,True,2022-02-11 02:12:31
49,1598,2022-02-06 15:51:23,Suspicious Amount Spike,True,2022-02-15 21:51:23
50,1621,2022-02-06 23:48:06,Suspicious Amount Spike,True,2022-02-09 03:48:06
51,1630,2022-02-07 11:27:31,Suspicious Amount Spike,True,2022-02-18 18:27:31
52,1679,2022-02-08 12:11:49,Suspicious Amount Spike,True,2022-02-10 20:11:49
53,1714,2022-02-09 14:39:37,Suspicious Amount Spike,True,2022-02-11 16:39:37
54,1768,2022-02-10 18:06:17,Suspicious Amount Spike,True,2022-02-12 01:06:17
55,1795,2022-02-11 13:48:45,Suspicious Amount Spike,True,2022-02-12 19:48:45
56,1800,2022-02-11 16:04:28,Suspicious Amount Spike,True,2022-02-19 17:04:28
57,1828,2022-02-12 10:34:55,Suspicious Amount Spike,True,2022-02-16 17:34:55
58,1869,2022-02-12 21:12:45,Suspicious Amount Spike,True,2022-02-14 04:12:45
59,1905,2022-02-13 23:28:49,Suspicious Amount Spike,True,2022-02-17 03:28:49
60,1925,2022-02-14 14:26:30,Suspicious Amount Spike,True,2022-02-15 21:26:30
61,1939,2022-02-14 19:42:44,Suspicious Amount Spike,True,2022-02-19 03:42:44
62,1968,2022-02-15 18:42:53,Suspicious Amount Spike,True,2022-02-16 20:42:53
63,1976,2022-02-15 21:37:10,Suspicious Amount Spike,True,2022-02-17 02:37:10
64,1985,2022-02-16 11:08:31,Suspicious Amount Spike,True,2022-02-17 13:08:31
65,2013,2022-02-16 19:13:02,Suspicious Amount Spike,True,2022-02-20 02:13:02
66,2017,2022-02-16 21:53:50,Suspicious Amount Spike,True,2022-02-18 22:53:50
67,2133,2022-02-19 14:24:32,Suspicious Amount Spike,True,2022-02-20 19:24:32
68,2182,2022-02-20 13:59:10,Suspicious Amount Spike,True,2022-02-21 16:59:10
69,2243,2022-02-21 19:00:00,Suspicious Amount Spike,True,2022-02-23 02:00:00
70,2246,2022-02-21 19:18:58,Suspicious Amount Spike,True,2022-02-23 22:18:58
71,2258,2022-02-22 01:05:14,Suspicious Amount Spike,True,2022-02-26 05:05:14
72,2288,2022-02-22 22:43:27,Suspicious Amount Spike,True,2022-02-24 00:43:27
73,2318,2022-02-23 17:18:23,Suspicious Amount Spike,True,2022-02-24 23:18:23
74,2324,2022-02-23 20:18:12,Suspicious Amount Spike,True,2022-03-02 03:18:12
75,2357,2022-02-24 15:54:51,Suspicious Amount Spike,True,2022-02-25 21:54:51
76,2356,2022-02-24 16:08:26,Suspicious Amount Spike,True,2022-03-07 20:08:26
77,2362,2022-02-24 16:47:08,Suspicious Amount Spike,True,2022-02-28 20:47:08
78,2360,2022-02-24 17:17:49,Suspicious Amount Spike,True,2022-02-27 22:17:49
79,2384,2022-02-25 00:57:28,Suspicious Amount Spike,True,2022-02-26 03:57:28
80,2399,2022-02-25 13:04:13,Suspicious Amount Spike,True,2022-02-27 20:04:13
81,2402,2022-02-25 15:51:33,Suspicious Amount Spike,True,2022-03-06 23:51:33
82,2482,2022-02-27 12:39:43,Suspicious Amount Spike,False,
83,2500,2022-02-27 20:58:00,Suspicious Amount Spike,True,2022-02-28 20:58:00
84,2545,2022-02-28 20:35:20,Suspicious Amount Spike,True,2022-03-03 03:35:20
85,2570,2022-03-01 15:19:11,Suspicious Amount Spike,True,2022-03-03 23:19:11
86,2575,2022-03-01 16:13:00,Suspicious Amount Spike,True,2022-03-02 17:13:00
87,2597,2022-03-01 21:17:57,Suspicious Amount Spike,True,2022-03-02 22:17:57
88,2611,2022-03-02 11:56:28,Suspicious Amount Spike,True,2022-03-03 13:56:28
89,2663,2022-03-03 09:35:09,Suspicious Amount Spike,True,2022-03-10 09:35:09
90,2682,2022-03-03 15:08:49,Suspicious Amount Spike,True,2022-03-07 19:08:49
91,2711,2022-03-03 20:35:11,Suspicious Amount Spike,False,
92,2737,2022-03-04 12:42:50,Suspicious Amount Spike,True,2022-03-07 16:42:50
93,2763,2022-03-04 19:18:39,Suspicious Amount Spike,True,2022-03-06 22:18:39
94,2810,2022-03-05 19:23:20,Suspicious Amount Spike,True,2022-03-07 03:23:20
95,2838,2022-03-06 11:02:03,Suspicious Amount Spike,True,2022-03-09 19:02:03
96,2859,2022-03-06 21:53:46,Suspicious Amount Spike,True,2022-03-12 21:53:46
97,2887,2022-03-07 14:05:18,Suspicious Amount Spike,True,2022-03-09 15:05:18
98,2925,2022-03-08 08:18:10,Suspicious Amount Spike,True,2022-03-14 09:18:10
99,2927,2022-03-08 11:19:59,Suspicious Amount Spike,True,2022-03-11 15:19:59
100,2940,2022-03-08 14:48:32,Suspicious Amount Spike,True,2022-03-11 15:48:32
101,2946,2022-03-08 16:18:21,Suspicious Amount Spike,True,2022-03-09 20:18:21
102,2959,2022-03-08 22:10:47,Suspicious Amount Spike,True,2022-03-13 04:10:47
103,3025,2022-03-10 02:06:13,Suspicious Amount Spike,True,2022-03-24 09:06:13
104,3029,2022-03-10 11:30:36,Suspicious Amount Spike,True,2022-03-11 17:30:36
105,3092,2022-03-11 15:27:42,Suspicious Amount Spike,True,2022-03-13 22:27:42
106,3100,2022-03-11 18:31:09,Suspicious Amount Spike,True,2022-03-12 20:31:09
107,3136,2022-03-12 00:45:22,Suspicious Amount Spike,True,2022-03-14 04:45:22
108,3149,2022-03-12 13:01:57,Suspicious Amount Spike,False,
109,3204,2022-03-13 16:01:48,Suspicious Amount Spike,True,2022-03-16 20:01:48
110,3211,2022-03-13 18:37:32,Suspicious Amount Spike,True,2022-03-20 18:37:32
111,3281,2022-03-15 09:26:11,Suspicious Amount Spike,True,2022-03-20 12:26:11
112,3288,2022-03-15 11:14:55,Suspicious Amount Spike,True,2022-03-16 18:14:55
113,3328,2022-03-16 01:06:43,Suspicious Amount Spike,True,2022-03-17 02:06:43
114,3375,2022-03-17 13:13:22,Suspicious Amount Spike,True,2022-03-24 13:13:22
115,3399,2022-03-17 20:21:31,Suspicious Amount Spike,True,2022-03-21 04:21:31
116,3412,2022-03-18 05:53:34,Suspicious Amount Spike,True,2022-03-26 09:53:34
117,3565,2022-03-20 19:23:37,Suspicious Amount Spike,True,2022-03-25 20:23:37
118,3575,2022-03-20 21:11:27,Suspicious Amount Spike,True,2022-03-26 03:11:27
119,3577,2022-03-20 23:57:17,Suspicious Amount Spike,True,2022-03-24 23:57:17
120,3582,2022-03-21 10:45:50,Suspicious Amount Spike,True,2022-03-27 11:45:50
121,3607,2022-03-21 15:49:24,Suspicious Amount Spike,True,2022-03-24 23:49:24
122,3610,2022-03-21 20:11:04,Suspicious Amount Spike,True,2022-03-24 22:11:04
123,3655,2022-03-22 14:54:08,Suspicious Amount Spike,True,2022-03-23 15:54:08
124,3683,2022-03-23 02:00:18,Suspicious Amount Spike,True,2022-03-24 03:00:18
125,3706,2022-03-23 18:40:00,Suspicious Amount Spike,True,2022-03-26 19:40:00
126,3753,2022-03-24 13:15:29,Suspicious Amount Spike,True,2022-03-26 16:15:29
127,3765,2022-03-24 18:31:44,Suspicious Amount Spike,True,2022-03-25 22:31:44
128,3799,2022-03-25 12:32:58,Suspicious Amount Spike,True,2022-03-26 12:32:58
129,3806,2022-03-25 14:18:05,Suspicious Amount Spike,True,2022-03-27 18:18:05
130,3830,2022-03-25 17:59:28,Suspicious Amount Spike,True,2022-03-28 18:59:28
131,3841,2022-03-25 23:11:53,Suspicious Amount Spike,True,2022-03-28 00:11:53
132,3843,2022-03-26 00:07:05,Suspicious Amount Spike,True,2022-03-27 02:07:05
133,3873,2022-03-26 13:58:50,Suspicious Amount Spike,True,2022-03-28 14:58:50
134,3871,2022-03-26 14:06:10,Suspicious Amount Spike,True,2022-03-28 19:06:10
135,3910,2022-03-26 22:57:44,Suspicious Amount Spike,True,2022-04-04 05:57:44
136,3921,2022-03-27 13:04:17,Suspicious Amount Spike,True,2022-03-30 18:04:17
137,4026,2022-03-29 21:16:57,Suspicious Amount Spike,True,2022-03-31 00:16:57
138,4046,2022-03-30 12:15:18,Suspicious Amount Spike,True,2022-03-31 20:15:18
139,4101,2022-03-31 17:49:27,Suspicious Amount Spike,True,2022-04-05 19:49:27
140,4121,2022-03-31 22:54:19,Suspicious Amount Spike,True,2022-04-15 22:54:19
141,4142,2022-04-01 13:50:33,Suspicious Amount Spike,True,2022-04-03 15:50:33
142,4170,2022-04-01 22:09:32,Suspicious Amount Spike,True,2022-04-07 00:09:32
143,4180,2022-04-02 00:11:19,Suspicious Amount Spike,True,2022-04-05 07:11:19
144,4235,2022-04-02 23:47:01,Suspicious Amount Spike,True,2022-04-04 23:47:01
145,4245,2022-04-03 08:12:47,Suspicious Amount Spike,True,2022-04-06 12:12:47
146,4314,2022-04-04 14:53:40,Suspicious Amount Spike,True,2022-04-07 14:53:40
147,4341,2022-04-04 22:55:28,Suspicious Amount Spike,True,2022-04-07 04:55:28
148,4355,2022-04-05 09:55:55,Suspicious Amount Spike,True,2022-04-06 14:55:55
149,4351,2022-04-05 10:07:16,Suspicious Amount Spike,False,
150,4428,2022-04-06 22:19:48,Suspicious Amount Spike,True,2022-04-14 04:19:48
151,4445,2022-04-07 12:02:26,Suspicious Amount Spike,True,2022-04-09 20:02:26
152,4449,2022-04-07 13:46:39,Suspicious Amount Spike,True,2022-04-16 19:46:39
153,4480,2022-04-07 19:36:14,Suspicious Amount Spike,True,2022-04-15 21:36:14
154,4482,2022-04-07 22:18:22,Suspicious Amount Spike,True,2022-04-09 22:18:22
155,4596,2022-04-09 23:22:50,Suspicious Amount Spike,True,2022-04-19 02:22:50
156,4647,2022-04-10 21:37:17,Suspicious Amount Spike,True,2022-04-13 22:37:17
157,4691,2022-04-11 20:25:01,Suspicious Amount Spike,True,2022-04-30 02:25:01
158,4697,2022-04-11 23:45:07,Suspicious Amount Spike,True,2022-04-14 02:45:07
159,4854,2022-04-15 06:14:31,Card-Not-Present Anomaly,True,2022-04-17 14:14:31
160,4871,2022-04-15 16:46:30,Suspicious Amount Spike,True,2022-04-21 21:46:30
161,4889,2022-04-15 19:27:06,Suspicious Amount Spike,True,2022-04-16 23:27:06
162,4901,2022-04-15 23:30:00,Suspicious Amount Spike,True,2022-04-19 02:30:00
163,4910,2022-04-16 08:50:45,Suspicious Amount Spike,True,2022-04-18 16:50:45
164,4991,2022-04-17 19:02:15,Suspicious Amount Spike,True,2022-04-19 19:02:15
165,5028,2022-04-18 14:59:59,Suspicious Amount Spike,True,2022-04-22 16:59:59
166,5057,2022-04-19 08:54:03,Suspicious Amount Spike,True,2022-04-28 15:54:03
167,5134,2022-04-20 18:26:15,Suspicious Amount Spike,True,2022-04-27 01:26:15
168,5143,2022-04-21 00:27:56,Suspicious Amount Spike,True,2022-04-24 01:27:56
169,5172,2022-04-21 16:23:38,Suspicious Amount Spike,True,2022-04-22 20:23:38
170,5197,2022-04-21 23:15:05,Suspicious Amount Spike,True,2022-04-24 01:15:05
171,5293,2022-04-23 21:07:33,Suspicious Amount Spike,True,2022-04-29 05:07:33
172,5417,2022-04-26 13:07:48,Suspicious Amount Spike,True,2022-04-29 21:07:48
173,5425,2022-04-26 16:20:49,Suspicious Amount Spike,True,2022-04-28 18:20:49
174,5484,2022-04-27 19:35:38,Suspicious Amount Spike,True,2022-04-29 19:35:38
175,5503,2022-04-28 11:36:33,Suspicious Amount Spike,True,2022-04-30 18:36:33
176,5522,2022-04-28 16:08:27,Suspicious Amount Spike,True,2022-04-30 00:08:27
177,5523,2022-04-28 17:00:03,Suspicious Amount Spike,True,2022-04-30 22:00:03
178,5549,2022-04-28 23:54:17,Suspicious Amount Spike,True,2022-04-30 23:54:17
179,5554,2022-04-29 00:03:05,Suspicious Amount Spike,True,2022-05-03 05:03:05
180,5703,2022-05-01 17:24:38,Suspicious Amount Spike,True,2022-05-06 23:24:38
181,5782,2022-05-02 21:52:26,Suspicious Amount Spike,True,2022-05-06 23:52:26
182,5787,2022-05-03 00:14:14,Suspicious Amount Spike,True,2022-05-05 04:14:14
183,5835,2022-05-03 18:28:52,Suspicious Amount Spike,True,2022-05-12 21:28:52
184,5847,2022-05-03 20:53:04,Suspicious Amount Spike,True,2022-05-07 22:53:04
185,5884,2022-05-04 20:07:54,Suspicious Amount Spike,True,2022-05-06 21:07:54
186,5892,2022-05-04 21:11:59,Suspicious Amount Spike,True,2022-05-08 05:11:59
187,5902,2022-05-05 09:15:43,Card-Not-Present Anomaly,True,2022-05-06 14:15:43
188,5910,2022-05-05 10:05:32,Suspicious Amount Spike,True,2022-05-06 10:05:32
189,5936,2022-05-05 18:59:44,Suspicious Amount Spike,True,2022-05-12 00:59:44
190,5954,2022-05-06 00:50:09,Suspicious Amount Spike,True,2022-05-12 07:50:09
191,5972,2022-05-06 13:03:40,Suspicious Amount Spike,True,2022-05-09 19:03:40
192,5988,2022-05-06 17:45:38,Suspicious Amount Spike,True,2022-05-08 18:45:38
193,6051,2022-05-07 15:25:33,Suspicious Amount Spike,True,2022-05-08 23:25:33
194,6080,2022-05-07 22:19:33,Suspicious Amount Spike,True,2022-05-14 22:19:33
195,6086,2022-05-08 03:57:15,Suspicious Amount Spike,True,2022-05-09 07:57:15
196,6113,2022-05-08 18:20:38,Suspicious Amount Spike,True,2022-05-09 18:20:38
197,6109,2022-05-08 18:38:52,Suspicious Amount Spike,True,2022-05-18 20:38:52
198,6126,2022-05-08 21:36:16,Suspicious Amount Spike,True,2022-05-12 02:36:16
199,6186,2022-05-10 10:53:21,Suspicious Amount Spike,True,2022-05-13 10:53:21
200,6229,2022-05-10 23:09:30,Suspicious Amount Spike,True,2022-05-12 03:09:30
201,6257,2022-05-11 15:26:25,Suspicious Amount Spike,True,2022-05-13 20:26:25
202,6299,2022-05-12 09:31:42,Suspicious Amount Spike,True,2022-05-14 14:31:42
203,6362,2022-05-13 05:36:22,Suspicious Amount Spike,True,2022-05-15 11:36:22
204,6410,2022-05-13 20:16:17,Suspicious Amount Spike,True,2022-05-20 04:16:17
205,6418,2022-05-13 20:20:03,Suspicious Amount Spike,True,2022-05-17 22:20:03
206,6417,2022-05-13 20:35:19,Suspicious Amount Spike,True,2022-05-16 00:35:19
207,6433,2022-05-14 02:24:53,Suspicious Amount Spike,True,2022-05-17 08:24:53
208,6451,2022-05-14 14:06:47,Suspicious Amount Spike,True,2022-05-22 20:06:47
209,6456,2022-05-14 15:57:36,Suspicious Amount Spike,True,2022-05-17 22:57:36
210,6461,2022-05-14 17:17:09,Suspicious Amount Spike,False,
211,6463,2022-05-14 17:59:26,Suspicious Amount Spike,True,2022-05-16 18:59:26
212,6485,2022-05-14 23:39:00,Suspicious Amount Spike,True,2022-05-17 00:39:00
213,6488,2022-05-14 23:59:52,Card-Not-Present Anomaly,True,2022-05-17 03:59:52
214,6520,2022-05-15 19:59:17,Suspicious Amount Spike,True,2022-05-18 02:59:17
215,6543,2022-05-16 15:23:19,Suspicious Amount Spike,True,2022-05-24 21:23:19
216,6572,2022-05-17 02:05:02,Suspicious Amount Spike,True,2022-05-20 04:05:02
217,6590,2022-05-17 13:03:17,Suspicious Amount Spike,True,2022-05-21 19:03:17
218,6597,2022-05-17 14:01:24,Suspicious Amount Spike,True,2022-05-22 19:01:24
219,6678,2022-05-18 20:58:31,Suspicious Amount Spike,True,2022-05-22 00:58:31
220,6671,2022-05-18 21:59:17,Suspicious Amount Spike,True,2022-05-20 05:59:17
221,6690,2022-05-19 08:48:03,Suspicious Amount Spike,True,2022-05-20 13:48:03
222,6692,2022-05-19 10:37:36,Suspicious Amount Spike,True,2022-05-20 16:37:36
223,6696,2022-05-19 11:22:11,Suspicious Amount Spike,True,2022-05-22 11:22:11
224,6795,2022-05-20 21:16:15,Suspicious Amount Spike,True,2022-05-23 00:16:15
225,6862,2022-05-21 19:27:13,Suspicious Amount Spike,True,2022-05-25 01:27:13
226,6873,2022-05-21 23:38:38,Suspicious Amount Spike,True,2022-05-27 00:38:38
227,6898,2022-05-22 14:35:53,Suspicious Amount Spike,True,2022-05-26 20:35:53
228,6907,2022-05-22 15:44:37,Suspicious Amount Spike,True,2022-05-26 21:44:37
229,7013,2022-05-24 21:51:33,Suspicious Amount Spike,True,2022-05-25 21:51:33
230,7200,2022-05-28 11:43:57,Card-Not-Present Anomaly,True,2022-05-29 15:43:57
231,7260,2022-05-29 12:11:31,Suspicious Amount Spike,True,2022-05-30 18:11:31
232,7273,2022-05-29 16:44:43,Suspicious Amount Spike,True,2022-06-03 00:44:43
233,7276,2022-05-29 20:23:53,Suspicious Amount Spike,True,2022-06-01 00:23:53
234,7331,2022-05-30 21:13:44,Suspicious Amount Spike,True,2022-06-01 03:13:44
235,7341,2022-05-31 03:57:54,Suspicious Amount Spike,True,2022-06-03 04:57:54
236,7356,2022-05-31 14:48:16,Suspicious Amount Spike,True,2022-06-10 22:48:16
237,7372,2022-05-31 18:21:36,Suspicious Amount Spike,True,2022-06-02 21:21:36
238,7380,2022-05-31 21:19:28,Suspicious Amount Spike,True,2022-06-11 02:19:28
239,7392,2022-06-01 00:53:43,Suspicious Amount Spike,True,2022-06-03 04:53:43
240,7413,2022-06-01 17:47:10,Suspicious Amount Spike,True,2022-06-11 19:47:10
241,7429,2022-06-01 20:53:40,Suspicious Amount Spike,True,2022-06-05 04:53:40
242,7488,2022-06-02 23:59:18,Suspicious Amount Spike,True,2022-06-05 06:59:18
243,7494,2022-06-03 00:59:48,Suspicious Amount Spike,True,2022-06-05 02:59:48
244,7504,2022-06-03 10:06:09,Suspicious Amount Spike,True,2022-06-06 12:06:09
245,7544,2022-06-03 20:09:40,Suspicious Amount Spike,True,2022-06-13 22:09:40
246,7559,2022-06-04 01:24:55,Suspicious Amount Spike,True,2022-06-05 01:24:55
247,7631,2022-06-05 11:13:40,Suspicious Amount Spike,True,2022-06-08 13:13:40
248,7683,2022-06-06 00:32:51,Suspicious Amount Spike,True,2022-06-09 02:32:51
249,7684,2022-06-06 03:29:11,Suspicious Amount Spike,True,2022-06-09 11:29:11
250,7720,2022-06-06 22:12:06,Suspicious Amount Spike,True,2022-06-08 05:12:06
251,7769,2022-06-07 22:31:09,Suspicious Amount Spike,True,2022-06-10 05:31:09
252,7828,2022-06-08 20:18:06,Suspicious Amount Spike,True,2022-06-15 01:18:06
253,7909,2022-06-10 03:45:06,Suspicious Amount Spike,True,2022-06-13 08:45:06
254,7912,2022-06-10 08:22:24,Suspicious Amount Spike,True,2022-06-11 13:22:24
255,7961,2022-06-11 00:02:27,Suspicious Amount Spike,True,2022-06-14 07:02:27
256,7982,2022-06-11 10:08:45,Suspicious Amount Spike,True,2022-06-15 10:08:45
257,7994,2022-06-11 14:20:08,Suspicious Amount Spike,True,2022-06-14 17:20:08
258,8038,2022-06-12 13:29:04,Suspicious Amount Spike,True,2022-06-25 20:29:04
259,8092,2022-06-13 14:40:13,Suspicious Amount Spike,True,2022-06-15 21:40:13
260,8189,2022-06-15 07:39:11,Suspicious Amount Spike,True,2022-06-22 15:39:11
261,8199,2022-06-15 13:18:35,Suspicious Amount Spike,True,2022-06-17 13:18:35
262,8224,2022-06-15 19:23:13,Suspicious Amount Spike,False,
263,8219,2022-06-15 19:28:34,Suspicious Amount Spike,True,2022-06-19 20:28:34
264,8234,2022-06-15 21:14:13,Suspicious Amount Spike,True,2022-06-26 01:14:13
265,8309,2022-06-17 12:48:48,Suspicious Amount Spike,True,2022-06-18 13:48:48
266,8379,2022-06-18 19:11:39,Suspicious Amount Spike,True,2022-06-19 22:11:39
267,8486,2022-06-20 17:52:20,Suspicious Amount Spike,True,2022-06-23 18:52:20
268,8532,2022-06-21 16:38:12,Suspicious Amount Spike,True,2022-06-26 18:38:12
269,8539,2022-06-21 19:18:24,Suspicious Amount Spike,True,2022-06-26 01:18:24
270,8613,2022-06-23 10:39:06,Suspicious Amount Spike,True,2022-06-26 10:39:06
271,8625,2022-06-23 13:09:50,Suspicious Amount Spike,True,2022-06-25 19:09:50
272,8645,2022-06-23 20:19:20,Suspicious Amount Spike,True,2022-07-01 01:19:20
273,8654,2022-06-23 21:55:26,Suspicious Amount Spike,True,2022-06-27 02:55:26
274,8666,2022-06-24 11:03:52,Suspicious Amount Spike,True,2022-06-25 18:03:52
275,8669,2022-06-24 13:41:40,Suspicious Amount Spike,True,2022-06-26 21:41:40
276,8675,2022-06-24 14:57:30,Suspicious Amount Spike,True,2022-06-26 22:57:30
277,8756,2022-06-25 23:45:31,Suspicious Amount Spike,False,
278,8785,2022-06-26 14:37:46,Suspicious Amount Spike,True,2022-06-29 19:37:46
279,8864,2022-06-28 01:14:07,Suspicious Amount Spike,True,2022-07-03 02:14:07
280,8929,2022-06-29 12:10:00,Suspicious Amount Spike,True,2022-07-02 13:10:00
281,8973,2022-06-29 23:13:48,Suspicious Amount Spike,True,2022-07-04 06:13:48
282,9030,2022-07-01 07:09:44,Suspicious Amount Spike,True,2022-07-07 13:09:44
283,9037,2022-07-01 08:41:20,Suspicious Amount Spike,True,2022-07-10 11:41:20
284,9040,2022-07-01 10:22:33,Suspicious Amount Spike,True,2022-07-06 11:22:33
285,9041,2022-07-01 11:04:35,Suspicious Amount Spike,True,2022-07-04 15:04:35
286,9164,2022-07-02 23:16:01,Suspicious Amount Spike,True,2022-07-03 23:16:01
287,9165,2022-07-03 00:59:46,Suspicious Amount Spike,True,2022-07-04 07:59:46
288,9199,2022-07-03 17:54:56,Suspicious Amount Spike,True,2022-07-05 00:54:56
289,9341,2022-07-06 11:13:56,Suspicious Amount Spike,True,2022-07-11 19:13:56
290,9345,2022-07-06 13:08:44,Suspicious Amount Spike,True,2022-07-08 15:08:44
291,9363,2022-07-06 18:31:19,Suspicious Amount Spike,True,2022-07-11 19:31:19
292,9366,2022-07-06 19:50:14,Suspicious Amount Spike,True,2022-07-07 19:50:14
293,9472,2022-07-08 21:05:26,Suspicious Amount Spike,True,2022-07-11 05:05:26
294,9622,2022-07-11 15:20:36,Suspicious Amount Spike,True,2022-07-13 20:20:36
295,9631,2022-07-11 18:32:15,Suspicious Amount Spike,True,2022-07-16 18:32:15
296,9687,2022-07-13 10:30:39,Suspicious Amount Spike,True,2022-07-14 15:30:39
297,9716,2022-07-13 18:58:15,Suspicious Amount Spike,True,2022-07-18 21:58:15
298,9744,2022-07-14 11:29:23,Card-Not-Present Anomaly,True,2022-07-20 16:29:23
299,9820,2022-07-15 22:06:38,Suspicious Amount Spike,True,2022-07-20 23:06:38
300,9895,2022-07-17 15:22:18,Suspicious Amount Spike,True,2022-07-19 19:22:18
301,9978,2022-07-19 15:40:00,Suspicious Amount Spike,True,2022-07-20 16:40:00
302,9993,2022-07-19 18:13:16,Suspicious Amount Spike,True,2022-07-20 20:13:16
303,10062,2022-07-20 22:05:02,Suspicious Amount Spike,True,2022-07-24 22:05:02
304,10067,2022-07-20 22:42:54,Suspicious Amount Spike,False,
305,10084,2022-07-21 07:51:20,Suspicious Amount Spike,True,2022-07-23 07:51:20
306,10093,2022-07-21 12:18:59,Suspicious Amount Spike,True,2022-07-24 13:18:59
307,10098,2022-07-21 13:15:36,Suspicious Amount Spike,True,2022-07-22 13:15:36
308,10110,2022-07-21 14:16:30,Suspicious Amount Spike,True,2022-07-22 14:16:30
309,10150,2022-07-22 04:36:43,Suspicious Amount Spike,True,2022-07-30 08:36:43
310,10157,2022-07-22 11:52:08,Suspicious Amount Spike,True,2022-07-24 16:52:08
311,10162,2022-07-22 12:54:27,Suspicious Amount Spike,True,2022-07-23 12:54:27
312,10194,2022-07-22 20:34:23,Suspicious Amount Spike,True,2022-08-02 00:34:23
313,10207,2022-07-23 01:29:00,Suspicious Amount Spike,True,2022-07-26 04:29:00
314,10214,2022-07-23 08:08:22,Suspicious Amount Spike,True,2022-08-01 14:08:22
315,10225,2022-07-23 13:12:29,Suspicious Amount Spike,True,2022-07-24 17:12:29
316,10236,2022-07-23 17:15:11,Suspicious Amount Spike,True,2022-07-26 20:15:11
317,10264,2022-07-23 22:27:14,Suspicious Amount Spike,True,2022-07-26 04:27:14
318,10269,2022-07-23 23:49:51,Suspicious Amount Spike,True,2022-07-27 01:49:51
319,10310,2022-07-24 22:37:11,Suspicious Amount Spike,True,2022-07-26 00:37:11
320,10395,2022-07-26 12:51:58,Suspicious Amount Spike,True,2022-07-27 16:51:58
321,10431,2022-07-27 00:48:49,Suspicious Amount Spike,True,2022-07-30 06:48:49
322,10440,2022-07-27 11:51:17,Suspicious Amount Spike,True,2022-07-28 15:51:17
323,10455,2022-07-27 13:13:56,Suspicious Amount Spike,True,2022-07-28 20:13:56
324,10457,2022-07-27 13:37:27,Suspicious Amount Spike,True,2022-08-03 20:37:27
325,10502,2022-07-27 22:33:45,Suspicious Amount Spike,True,2022-08-03 23:33:45
326,10549,2022-07-28 20:14:22,Suspicious Amount Spike,True,2022-07-29 20:14:22
327,10567,2022-07-28 22:05:42,Suspicious Amount Spike,True,2022-08-01 05:05:42
328,10636,2022-07-30 00:11:32,Suspicious Amount Spike,True,2022-08-01 08:11:32
329,10661,2022-07-30 16:57:53,Suspicious Amount Spike,True,2022-08-02 23:57:53
330,10673,2022-07-30 18:42:38,Suspicious Amount Spike,True,2022-08-03 19:42:38
331,10781,2022-08-01 19:39:52,Suspicious Amount Spike,True,2022-08-04 03:39:52
332,10831,2022-08-02 23:08:26,Suspicious Amount Spike,True,2022-08-10 00:08:26
333,10954,2022-08-04 20:40:44,Suspicious Amount Spike,True,2022-08-09 04:40:44
334,10961,2022-08-04 23:31:09,Suspicious Amount Spike,True,2022-08-09 02:31:09
335,11034,2022-08-06 02:26:26,Suspicious Amount Spike,True,2022-08-10 04:26:26
336,11040,2022-08-06 11:44:39,Suspicious Amount Spike,True,2022-08-10 14:44:39
337,11115,2022-08-07 14:51:30,Suspicious Amount Spike,True,2022-08-08 22:51:30
338,11125,2022-08-07 20:15:03,Suspicious Amount Spike,True,2022-08-21 03:15:03
339,11148,2022-08-08 09:08:22,Suspicious Amount Spike,True,2022-08-09 12:08:22
340,11146,2022-08-08 09:45:48,Suspicious Amount Spike,True,2022-08-09 13:45:48
341,11186,2022-08-08 21:37:32,Suspicious Amount Spike,True,2022-08-11 01:37:32
342,11217,2022-08-09 15:53:23,Suspicious Amount Spike,True,2022-08-10 15:53:23
343,11267,2022-08-10 14:34:38,Suspicious Amount Spike,True,2022-08-12 14:34:38
344,11287,2022-08-10 20:36:03,Suspicious Amount Spike,True,2022-08-15 01:36:03
345,11297,2022-08-10 20:56:00,Suspicious Amount Spike,False,
346,11304,2022-08-10 23:32:04,Suspicious Amount Spike,True,2022-08-12 23:32:04
347,11314,2022-08-11 08:42:05,Suspicious Amount Spike,True,2022-08-15 15:42:05
348,11319,2022-08-11 12:25:14,Suspicious Amount Spike,True,2022-08-16 18:25:14
349,11338,2022-08-11 16:06:05,Suspicious Amount Spike,True,2022-08-12 17:06:05
350,11339,2022-08-11 18:10:11,Suspicious Amount Spike,False,
351,11357,2022-08-11 22:03:14,Suspicious Amount Spike,True,2022-08-12 22:03:14
352,11403,2022-08-12 16:53:47,Suspicious Amount Spike,True,2022-08-14 18:53:47
353,11402,2022-08-12 18:32:04,Suspicious Amount Spike,False,
354,11422,2022-08-12 19:34:06,Suspicious Amount Spike,True,2022-08-13 19:34:06
355,11414,2022-08-12 20:14:39,Suspicious Amount Spike,True,2022-08-13 20:14:39
356,11544,2022-08-15 00:22:09,Suspicious Amount Spike,True,2022-08-16 00:22:09
357,11551,2022-08-15 00:51:31,Suspicious Amount Spike,True,2022-08-17 06:51:31
358,11609,2022-08-16 14:03:11,Suspicious Amount Spike,True,2022-08-17 18:03:11
359,11665,2022-08-17 14:16:12,Suspicious Amount Spike,True,2022-08-18 14:16:12
360,11667,2022-08-17 15:03:21,Suspicious Amount Spike,True,2022-08-19 18:03:21
361,11680,2022-08-17 17:54:39,Suspicious Amount Spike,True,2022-08-21 19:54:39
362,11698,2022-08-18 09:55:49,Suspicious Amount Spike,True,2022-08-21 12:55:49
363,11713,2022-08-18 13:43:41,Suspicious Amount Spike,True,2022-08-21 15:43:41
364,11787,2022-08-19 17:18:49,Suspicious Amount Spike,True,2022-08-20 22:18:49
365,11798,2022-08-19 21:25:24,Suspicious Amount Spike,True,2022-08-23 05:25:24
366,11850,2022-08-20 17:24:03,Suspicious Amount Spike,True,2022-08-21 19:24:03
367,11871,2022-08-21 00:13:27,Suspicious Amount Spike,True,2022-08-24 06:13:27
368,11975,2022-08-22 21:17:55,Suspicious Amount Spike,True,2022-08-28 05:17:55
369,11986,2022-08-23 02:09:07,Suspicious Amount Spike,True,2022-08-30 10:09:07
370,12078,2022-08-24 21:16:37,Suspicious Amount Spike,True,2022-08-25 22:16:37
371,12099,2022-08-24 23:38:23,Suspicious Amount Spike,True,2022-09-02 05:38:23
372,12118,2022-08-25 16:29:36,Suspicious Amount Spike,True,2022-08-28 00:29:36
373,12135,2022-08-25 19:24:30,Suspicious Amount Spike,True,2022-08-26 21:24:30
374,12160,2022-08-26 01:03:57,Suspicious Amount Spike,True,2022-08-27 07:03:57
375,12171,2022-08-26 12:02:36,Suspicious Amount Spike,True,2022-08-30 14:02:36
376,12193,2022-08-26 18:22:52,Suspicious Amount Spike,True,2022-08-27 18:22:52
377,12195,2022-08-26 18:54:35,Suspicious Amount Spike,True,2022-08-28 19:54:35
378,12204,2022-08-26 19:35:27,Suspicious Amount Spike,False,
379,12202,2022-08-26 19:52:47,Suspicious Amount Spike,True,2022-08-27 22:52:47
380,12229,2022-08-27 11:08:50,Suspicious Amount Spike,False,
381,12241,2022-08-27 12:20:02,Suspicious Amount Spike,True,2022-08-28 18:20:02
382,12244,2022-08-27 13:52:03,Suspicious Amount Spike,True,2022-08-29 21:52:03
383,12263,2022-08-27 22:11:45,Suspicious Amount Spike,False,
384,12292,2022-08-28 14:22:00,Suspicious Amount Spike,True,2022-08-31 20:22:00
385,12295,2022-08-28 16:24:32,Suspicious Amount Spike,True,2022-08-29 23:24:32
386,12307,2022-08-28 17:30:04,Suspicious Amount Spike,True,2022-08-29 21:30:04
387,12332,2022-08-29 02:15:32,Suspicious Amount Spike,True,2022-09-03 07:15:32
388,12333,2022-08-29 02:42:01,Suspicious Amount Spike,True,2022-09-01 10:42:01
389,12355,2022-08-29 14:52:17,Suspicious Amount Spike,True,2022-09-01 17:52:17
390,12386,2022-08-30 11:23:45,Suspicious Amount Spike,True,2022-09-01 16:23:45
391,12408,2022-08-30 17:39:26,Suspicious Amount Spike,True,2022-09-02 18:39:26
392,12436,2022-08-31 00:31:54,Suspicious Amount Spike,True,2022-09-02 04:31:54
393,12485,2022-08-31 20:57:24,Suspicious Amount Spike,True,2022-09-11 00:57:24
394,12507,2022-09-01 10:35:57,Suspicious Amount Spike,True,2022-09-02 18:35:57
395,12510,2022-09-01 12:22:12,Suspicious Amount Spike,True,2022-09-03 13:22:12
396,12552,2022-09-02 01:04:40,Suspicious Amount Spike,True,2022-09-04 08:04:40
397,12576,2022-09-02 14:37:22,Suspicious Amount Spike,False,
398,12579,2022-09-02 15:17:45,Suspicious Amount Spike,True,2022-09-03 22:17:45
399,12616,2022-09-03 00:00:30,Suspicious Amount Spike,True,2022-09-04 02:00:30
400,12648,2022-09-03 15:39:11,Suspicious Amount Spike,True,2022-09-09 19:39:11
401,12793,2022-09-06 14:44:16,Suspicious Amount Spike,True,2022-09-11 21:44:16
402,12810,2022-09-06 17:54:11,Suspicious Amount Spike,True,2022-09-08 00:54:11
403,12803,2022-09-06 18:11:47,Suspicious Amount Spike,True,2022-09-09 01:11:47
404,12819,2022-09-06 20:39:19,Suspicious Amount Spike,True,2022-09-10 02:39:19
405,12850,2022-09-07 13:12:57,Suspicious Amount Spike,False,
406,12858,2022-09-07 16:27:46,Suspicious Amount Spike,True,2022-09-10 23:27:46
407,12907,2022-09-08 14:59:31,Suspicious Amount Spike,True,2022-09-15 14:59:31
408,12970,2022-09-09 17:56:14,Suspicious Amount Spike,True,2022-09-13 22:56:14
409,12973,2022-09-09 19:49:03,Suspicious Amount Spike,True,2022-09-11 23:49:03
410,13132,2022-09-13 11:58:18,Suspicious Amount Spike,True,2022-09-20 16:58:18
411,13170,2022-09-13 20:33:32,Suspicious Amount Spike,True,2022-09-17 01:33:32
412,13176,2022-09-13 21:51:21,Suspicious Amount Spike,True,2022-09-19 05:51:21
413,13211,2022-09-14 19:59:41,Suspicious Amount Spike,True,2022-09-18 21:59:41
414,13268,2022-09-15 21:04:43,Suspicious Amount Spike,True,2022-09-16 21:04:43
415,13308,2022-09-16 12:45:09,Suspicious Amount Spike,True,2022-09-20 16:45:09
416,13350,2022-09-16 23:15:16,Suspicious Amount Spike,True,2022-09-19 05:15:16
417,13359,2022-09-17 03:53:34,Suspicious Amount Spike,True,2022-09-28 09:53:34
418,13417,2022-09-18 09:15:56,Suspicious Amount Spike,True,2022-09-26 14:15:56
419,13458,2022-09-19 05:54:36,Suspicious Amount Spike,True,2022-09-20 11:54:36
420,13497,2022-09-19 21:50:20,Suspicious Amount Spike,True,2022-09-26 05:50:20
421,13514,2022-09-20 14:16:23,Suspicious Amount Spike,True,2022-10-12 20:16:23
422,13528,2022-09-20 19:17:09,Suspicious Amount Spike,True,2022-09-22 20:17:09
423,13580,2022-09-21 17:56:14,Suspicious Amount Spike,True,2022-09-23 00:56:14
424,13599,2022-09-22 00:06:31,Suspicious Amount Spike,True,2022-09-28 01:06:31
425,13610,2022-09-22 12:38:17,Suspicious Amount Spike,True,2022-09-26 20:38:17
426,13662,2022-09-23 02:55:07,Suspicious Amount Spike,True,2022-09-27 03:55:07
427,13715,2022-09-23 20:17:10,Suspicious Amount Spike,True,2022-09-27 03:17:10
428,13726,2022-09-23 22:22:47,Suspicious Amount Spike,True,2022-09-29 00:22:47
429,13758,2022-09-24 14:27:17,Suspicious Amount Spike,True,2022-09-30 18:27:17
430,13794,2022-09-25 02:35:01,Suspicious Amount Spike,True,2022-09-29 10:35:01
431,13866,2022-09-26 15:31:20,Suspicious Amount Spike,True,2022-10-02 22:31:20
432,13932,2022-09-27 21:54:09,Suspicious Amount Spike,True,2022-09-29 03:54:09
433,13947,2022-09-28 08:01:48,Suspicious Amount Spike,True,2022-10-01 15:01:48
434,13959,2022-09-28 13:08:20,Suspicious Amount Spike,True,2022-09-29 13:08:20
435,13965,2022-09-28 15:33:28,Suspicious Amount Spike,True,2022-10-02 19:33:28
436,14014,2022-09-29 16:33:14,Suspicious Amount Spike,True,2022-10-07 18:33:14
437,14043,2022-09-29 23:05:47,Suspicious Amount Spike,True,2022-10-01 01:05:47
438,14046,2022-09-30 06:55:18,Suspicious Amount Spike,True,2022-10-09 08:55:18
439,14066,2022-09-30 16:53:14,Suspicious Amount Spike,True,2022-10-01 18:53:14
440,14079,2022-09-30 17:49:00,Suspicious Amount Spike,True,2022-10-01 18:49:00
441,14085,2022-09-30 20:35:07,Suspicious Amount Spike,True,2022-10-06 01:35:07
442,14110,2022-10-01 09:08:21,Suspicious Amount Spike,True,2022-10-03 11:08:21
443,14163,2022-10-02 05:24:24,Suspicious Amount Spike,True,2022-10-04 13:24:24
444,14169,2022-10-02 10:52:23,Suspicious Amount Spike,True,2022-10-04 17:52:23
445,14198,2022-10-02 15:40:46,Suspicious Amount Spike,True,2022-10-06 16:40:46
446,14219,2022-10-02 22:54:24,Suspicious Amount Spike,True,2022-10-10 02:54:24
447,14235,2022-10-03 11:31:10,Suspicious Amount Spike,True,2022-10-04 14:31:10
448,14242,2022-10-03 14:18:46,Suspicious Amount Spike,True,2022-10-05 16:18:46
449,14244,2022-10-03 16:41:24,Suspicious Amount Spike,True,2022-10-04 16:41:24
450,14259,2022-10-03 18:50:40,Suspicious Amount Spike,True,2022-10-10 21:50:40
451,14320,2022-10-04 21:13:38,Suspicious Amount Spike,True,2022-10-05 21:13:38
452,14323,2022-10-04 21:50:19,Suspicious Amount Spike,True,2022-10-07 01:50:19
453,14369,2022-10-05 23:06:06,Suspicious Amount Spike,True,2022-10-07 03:06:06
454,14401,2022-10-06 15:57:11,Suspicious Amount Spike,True,2022-10-07 16:57:11
455,14406,2022-10-06 17:43:33,Suspicious Amount Spike,True,2022-10-07 22:43:33
456,14415,2022-10-06 19:13:11,Suspicious Amount Spike,True,2022-10-11 19:13:11
457,14456,2022-10-07 12:27:16,Suspicious Amount Spike,True,2022-10-11 18:27:16
458,14476,2022-10-07 18:05:08,Suspicious Amount Spike,True,2022-10-11 00:05:08
459,14507,2022-10-08 02:43:59,Suspicious Amount Spike,True,2022-10-16 08:43:59
460,14553,2022-10-08 18:20:39,Suspicious Amount Spike,True,2022-10-19 22:20:39
461,14603,2022-10-09 16:03:41,Suspicious Amount Spike,True,2022-10-18 00:03:41
462,14636,2022-10-10 02:33:44,Card-Not-Present Anomaly,True,2022-10-11 06:33:44
463,14676,2022-10-10 20:13:19,Suspicious Amount Spike,True,2022-10-13 03:13:19
464,14751,2022-10-11 21:25:56,Suspicious Amount Spike,True,2022-10-22 03:25:56
465,14783,2022-10-12 15:48:24,Suspicious Amount Spike,True,2022-10-13 18:48:24
466,14791,2022-10-12 18:45:37,Suspicious Amount Spike,False,
467,14802,2022-10-12 19:46:19,Suspicious Amount Spike,True,2022-10-14 20:46:19
468,14806,2022-10-12 21:10:11,Suspicious Amount Spike,False,
469,14827,2022-10-13 11:16:20,Suspicious Amount Spike,True,2022-10-17 14:16:20
470,14834,2022-10-13 14:20:50,Suspicious Amount Spike,True,2022-10-19 21:20:50
471,14851,2022-10-13 18:48:05,Suspicious Amount Spike,True,2022-10-14 23:48:05
472,14893,2022-10-14 14:27:18,Suspicious Amount Spike,True,2022-10-16 20:27:18
473,14927,2022-10-14 19:14:36,Suspicious Amount Spike,False,
474,14937,2022-10-14 23:49:35,Suspicious Amount Spike,True,2022-10-21 02:49:35
475,14968,2022-10-15 15:10:56,Suspicious Amount Spike,True,2022-10-19 19:10:56
476,14977,2022-10-15 18:55:39,Suspicious Amount Spike,True,2022-10-18 02:55:39
477,15014,2022-10-16 14:26:01,Suspicious Amount Spike,True,2022-10-17 14:26:01
478,15023,2022-10-16 16:13:56,Suspicious Amount Spike,True,2022-10-21 23:13:56
479,15046,2022-10-16 22:26:10,Suspicious Amount Spike,True,2022-10-19 04:26:10
480,15051,2022-10-17 04:43:45,Suspicious Amount Spike,True,2022-10-23 06:43:45
481,15086,2022-10-17 18:38:58,Suspicious Amount Spike,True,2022-10-21 22:38:58
482,15112,2022-10-18 09:22:46,Suspicious Amount Spike,True,2022-10-28 12:22:46
483,15145,2022-10-18 18:20:47,Suspicious Amount Spike,True,2022-10-21 02:20:47
484,15230,2022-10-20 11:03:18,Suspicious Amount Spike,True,2022-10-22 11:03:18
485,15251,2022-10-20 16:39:51,Suspicious Amount Spike,True,2022-10-30 00:39:51
486,15289,2022-10-20 22:08:05,Suspicious Amount Spike,True,2022-10-22 01:08:05
487,15282,2022-10-20 22:48:13,Suspicious Amount Spike,True,2022-10-25 04:48:13
488,15333,2022-10-21 17:24:02,Suspicious Amount Spike,True,2022-10-23 17:24:02
489,15380,2022-10-22 13:26:51,Suspicious Amount Spike,True,2022-10-23 17:26:51
490,15425,2022-10-23 09:59:09,Suspicious Amount Spike,True,2022-10-25 09:59:09
491,15471,2022-10-23 23:19:47,Suspicious Amount Spike,True,2022-10-26 05:19:47
492,15552,2022-10-25 12:10:46,Suspicious Amount Spike,True,2022-10-26 12:10:46
493,15558,2022-10-25 16:10:26,Suspicious Amount Spike,True,2022-10-26 18:10:26
494,15567,2022-10-25 17:01:28,Suspicious Amount Spike,True,2022-10-27 19:01:28
495,15627,2022-10-26 20:16:45,Suspicious Amount Spike,True,2022-11-02 03:16:45
496,15639,2022-10-27 00:09:21,Suspicious Amount Spike,True,2022-11-05 04:09:21
497,15649,2022-10-27 09:16:53,Suspicious Amount Spike,True,2022-11-04 14:16:53
498,15688,2022-10-27 20:31:58,Suspicious Amount Spike,True,2022-10-30 21:31:58
499,15710,2022-10-28 14:19:06,Suspicious Amount Spike,True,2022-10-29 15:19:06
500,15727,2022-10-28 18:08:24,Suspicious Amount Spike,True,2022-11-18 00:08:24
501,15779,2022-10-29 15:23:38,Suspicious Amount Spike,True,2022-10-31 16:23:38
502,15812,2022-10-29 22:30:44,Suspicious Amount Spike,True,2022-11-11 05:30:44
503,15835,2022-10-30 12:55:20,Suspicious Amount Spike,True,2022-10-31 18:55:20
504,15888,2022-10-31 11:48:44,Suspicious Amount Spike,True,2022-11-01 18:48:44
505,15897,2022-10-31 12:03:25,Suspicious Amount Spike,True,2022-11-04 13:03:25
506,15902,2022-10-31 14:15:15,Suspicious Amount Spike,True,2022-11-02 18:15:15
507,15898,2022-10-31 14:30:33,Suspicious Amount Spike,True,2022-11-04 21:30:33
508,15952,2022-11-01 11:07:41,Suspicious Amount Spike,True,2022-11-03 15:07:41
509,15961,2022-11-01 12:54:58,Suspicious Amount Spike,True,2022-11-02 19:54:58
510,15998,2022-11-02 01:30:34,Suspicious Amount Spike,True,2022-11-03 09:30:34
511,16003,2022-11-02 09:27:37,Suspicious Amount Spike,True,2022-11-08 10:27:37
512,16028,2022-11-02 15:50:42,Card-Not-Present Anomaly,True,2022-11-04 17:50:42
513,16132,2022-11-04 00:07:26,Suspicious Amount Spike,True,2022-11-07 00:07:26
514,16147,2022-11-04 13:28:21,Suspicious Amount Spike,True,2022-11-07 15:28:21
515,16149,2022-11-04 14:24:22,Suspicious Amount Spike,True,2022-11-05 17:24:22
516,16151,2022-11-04 15:01:16,Suspicious Amount Spike,True,2022-11-08 17:01:16
517,16166,2022-11-04 16:30:49,Suspicious Amount Spike,True,2022-11-07 21:30:49
518,16174,2022-11-04 19:56:29,Suspicious Amount Spike,True,2022-11-06 20:56:29
519,16239,2022-11-05 17:20:34,Card-Not-Present Anomaly,True,2022-11-07 23:20:34
520,16254,2022-11-05 20:24:41,Suspicious Amount Spike,False,
521,16270,2022-11-05 23:23:10,Suspicious Amount Spike,True,2022-11-09 06:23:10
522,16301,2022-11-06 18:43:34,Suspicious Amount Spike,True,2022-11-10 21:43:34
523,16399,2022-11-08 12:27:26,Suspicious Amount Spike,True,2022-11-10 18:27:26
524,16469,2022-11-09 10:48:38,Suspicious Amount Spike,True,2022-11-14 10:48:38
525,16471,2022-11-09 13:02:46,Suspicious Amount Spike,True,2022-11-27 14:02:46
526,16521,2022-11-10 08:39:18,Suspicious Amount Spike,True,2022-11-12 12:39:18
527,16549,2022-11-10 15:43:17,Suspicious Amount Spike,True,2022-11-12 19:43:17
528,16561,2022-11-10 18:21:04,Suspicious Amount Spike,True,2022-11-11 18:21:04
529,16595,2022-11-11 08:02:52,Suspicious Amount Spike,True,2022-11-20 16:02:52
530,16648,2022-11-11 18:58:19,Suspicious Amount Spike,True,2022-11-12 21:58:19
531,16689,2022-11-12 11:53:04,Suspicious Amount Spike,True,2022-11-15 11:53:04
532,16791,2022-11-13 21:32:00,Suspicious Amount Spike,True,2022-11-17 03:32:00
533,16834,2022-11-14 19:55:15,Suspicious Amount Spike,True,2022-11-16 02:55:15
534,16912,2022-11-15 23:05:19,Suspicious Amount Spike,True,2022-11-19 02:05:19
535,17003,2022-11-17 14:48:30,Suspicious Amount Spike,True,2022-11-19 15:48:30
536,17053,2022-11-18 05:07:26,Suspicious Amount Spike,True,2022-11-27 11:07:26
537,17072,2022-11-18 14:24:10,Suspicious Amount Spike,True,2022-11-19 14:24:10
538,17169,2022-11-19 19:45:43,Suspicious Amount Spike,True,2022-11-20 20:45:43
539,17278,2022-11-21 18:34:52,Suspicious Amount Spike,True,2022-11-27 23:34:52
540,17276,2022-11-21 18:55:23,Suspicious Amount Spike,True,2022-11-24 02:55:23
541,17302,2022-11-21 22:59:46,Suspicious Amount Spike,True,2022-12-01 01:59:46
542,17344,2022-11-22 21:51:08,Suspicious Amount Spike,True,2022-11-25 04:51:08
543,17437,2022-11-24 13:41:25,Suspicious Amount Spike,True,2022-11-29 16:41:25
544,17454,2022-11-24 17:23:47,Suspicious Amount Spike,True,2022-11-29 19:23:47
545,17511,2022-11-25 15:14:57,Suspicious Amount Spike,True,2022-11-26 19:14:57
546,17606,2022-11-26 17:59:18,Suspicious Amount Spike,True,2022-12-01 22:59:18
547,17629,2022-11-26 21:53:09,Suspicious Amount Spike,True,2022-11-28 00:53:09
548,17646,2022-11-27 09:55:58,Suspicious Amount Spike,True,2022-12-03 12:55:58
549,17659,2022-11-27 12:39:31,Suspicious Amount Spike,True,2022-11-30 17:39:31
550,17757,2022-11-28 19:58:47,Suspicious Amount Spike,True,2022-12-01 00:58:47
551,17849,2022-11-30 16:07:51,Suspicious Amount Spike,True,2022-12-04 21:07:51
552,17855,2022-11-30 16:30:32,Suspicious Amount Spike,True,2022-12-02 18:30:32
553,17844,2022-11-30 16:33:57,Suspicious Amount Spike,True,2022-12-11 22:33:57
554,17848,2022-11-30 16:35:28,Suspicious Amount Spike,True,2022-12-04 21:35:28
555,17881,2022-11-30 23:30:54,Suspicious Amount Spike,True,2022-12-03 03:30:54
556,17924,2022-12-01 15:42:10,Suspicious Amount Spike,True,2022-12-02 15:42:10
557,17929,2022-12-01 17:38:42,Suspicious Amount Spike,True,2022-12-06 00:38:42
558,17992,2022-12-02 12:59:30,Suspicious Amount Spike,True,2022-12-04 18:59:30
559,18046,2022-12-02 20:22:31,Suspicious Amount Spike,True,2022-12-03 23:22:31
560,18156,2022-12-04 09:41:43,Suspicious Amount Spike,True,2022-12-08 15:41:43
561,18184,2022-12-04 16:04:57,Suspicious Amount Spike,True,2022-12-12 22:04:57
562,18185,2022-12-04 18:28:19,Suspicious Amount Spike,True,2022-12-13 22:28:19
563,18244,2022-12-05 13:56:27,Suspicious Amount Spike,True,2022-12-06 20:56:27
564,18267,2022-12-05 22:04:03,Suspicious Amount Spike,True,2022-12-11 01:04:03
565,18295,2022-12-06 12:46:38,Suspicious Amount Spike,True,2022-12-08 15:46:38
566,18300,2022-12-06 13:12:44,Suspicious Amount Spike,True,2022-12-09 20:12:44
567,18305,2022-12-06 13:52:45,Suspicious Amount Spike,True,2022-12-07 20:52:45
568,18338,2022-12-06 22:29:28,Suspicious Amount Spike,True,2022-12-09 03:29:28
569,18372,2022-12-07 13:00:47,Suspicious Amount Spike,True,2022-12-11 19:00:47
570,18404,2022-12-07 20:11:31,Suspicious Amount Spike,True,2022-12-09 23:11:31
571,18436,2022-12-08 06:57:14,Suspicious Amount Spike,True,2022-12-12 08:57:14
572,18445,2022-12-08 12:49:33,Suspicious Amount Spike,True,2022-12-10 15:49:33
573,18481,2022-12-08 21:42:43,Suspicious Amount Spike,True,2022-12-16 23:42:43
574,18551,2022-12-09 18:21:12,Suspicious Amount Spike,True,2022-12-11 23:21:12
575,18588,2022-12-10 01:14:30,Suspicious Amount Spike,True,2022-12-17 04:14:30
576,18650,2022-12-10 20:34:41,Suspicious Amount Spike,True,2022-12-13 21:34:41
577,18706,2022-12-11 20:03:18,Suspicious Amount Spike,True,2022-12-17 03:03:18
578,18718,2022-12-11 22:57:47,Suspicious Amount Spike,True,2022-12-13 03:57:47
579,18784,2022-12-12 23:25:31,Suspicious Amount Spike,True,2022-12-16 04:25:31
580,18800,2022-12-13 08:16:25,Suspicious Amount Spike,False,
581,18799,2022-12-13 09:35:04,Suspicious Amount Spike,True,2022-12-14 16:35:04
582,18810,2022-12-13 12:37:21,Suspicious Amount Spike,True,2022-12-14 17:37:21
583,18902,2022-12-14 15:33:23,Suspicious Amount Spike,True,2022-12-20 21:33:23
584,18945,2022-12-15 10:46:00,Suspicious Amount Spike,True,2022-12-16 17:46:00
585,18955,2022-12-15 12:14:43,Suspicious Amount Spike,True,2022-12-17 13:14:43
586,19003,2022-12-15 21:41:53,Suspicious Amount Spike,True,2022-12-16 23:41:53
587,19049,2022-12-16 14:40:49,Suspicious Amount Spike,True,2022-12-17 15:40:49
588,19120,2022-12-17 11:49:20,Suspicious Amount Spike,True,2022-12-18 13:49:20
589,19149,2022-12-17 19:32:52,Suspicious Amount Spike,True,2022-12-20 03:32:52
590,19188,2022-12-18 08:58:56,Suspicious Amount Spike,True,2022-12-20 11:58:56
591,19198,2022-12-18 15:03:11,Suspicious Amount Spike,True,2022-12-20 22:03:11
592,19224,2022-12-18 18:54:38,Suspicious Amount Spike,True,2022-12-20 19:54:38
593,19251,2022-12-19 02:41:52,Suspicious Amount Spike,True,2022-12-21 09:41:52
594,19254,2022-12-19 09:12:50,Suspicious Amount Spike,True,2022-12-20 09:12:50
595,19285,2022-12-19 14:48:00,Suspicious Amount Spike,True,2022-12-25 16:48:00
596,19356,2022-12-20 14:28:00,Suspicious Amount Spike,True,2022-12-21 18:28:00
597,19374,2022-12-20 18:01:19,Suspicious Amount Spike,True,2022-12-22 23:01:19
598,19440,2022-12-21 14:48:45,Suspicious Amount Spike,True,2022-12-30 18:48:45
599,19469,2022-12-21 19:01:04,Suspicious Amount Spike,True,2022-12-23 01:01:04
600,19575,2022-12-22 22:08:25,Suspicious Amount Spike,True,2022-12-26 23:08:25
601,19598,2022-12-23 12:17:04,Suspicious Amount Spike,True,2022-12-26 18:17:04
602,19645,2022-12-23 20:22:45,Suspicious Amount Spike,True,2022-12-25 00:22:45
603,19665,2022-12-24 00:31:08,Suspicious Amount Spike,True,2023-01-06 00:31:08
604,19667,2022-12-24 01:40:09,Suspicious Amount Spike,True,2022-12-27 09:40:09
605,19683,2022-12-24 12:56:06,Suspicious Amount Spike,True,2022-12-29 18:56:06
606,19681,2022-12-24 13:22:24,Suspicious Amount Spike,True,2022-12-31 21:22:24
607,19707,2022-12-24 18:52:39,Suspicious Amount Spike,True,2022-12-26 00:52:39
608,19727,2022-12-24 19:47:32,Suspicious Amount Spike,True,2022-12-29 00:47:32
609,19777,2022-12-25 14:52:27,Suspicious Amount Spike,False,
610,19796,2022-12-25 22:58:37,Suspicious Amount Spike,True,2022-12-29 22:58:37
611,19822,2022-12-26 11:33:38,Suspicious Amount Spike,True,2022-12-27 15:33:38
612,19823,2022-12-26 14:07:23,Suspicious Amount Spike,True,2022-12-28 22:07:23
613,19857,2022-12-26 20:13:03,Suspicious Amount Spike,True,2022-12-28 20:13:03
614,19877,2022-12-26 20:21:50,Suspicious Amount Spike,True,2022-12-28 00:21:50
615,19929,2022-12-27 14:24:09,Suspicious Amount Spike,True,2022-12-31 14:24:09
616,19980,2022-12-27 20:52:24,Suspicious Amount Spike,True,2022-12-30 04:52:24
617,19984,2022-12-27 21:31:00,Suspicious Amount Spike,True,2022-12-30 23:31:00
618,20011,2022-12-28 12:27:12,Suspicious Amount Spike,True,2022-12-29 15:27:12
619,20057,2022-12-28 20:40:58,Suspicious Amount Spike,True,2022-12-31 23:40:58
620,20054,2022-12-28 22:04:58,Suspicious Amount Spike,True,2022-12-30 05:04:58
621,20081,2022-12-29 12:11:06,Suspicious Amount Spike,True,2023-01-04 20:11:06
622,20120,2022-12-29 17:31:19,Suspicious Amount Spike,True,2022-12-30 19:31:19
623,20145,2022-12-29 21:54:46,Suspicious Amount Spike,True,2022-12-31 22:54:46
624,20168,2022-12-30 10:24:46,Suspicious Amount Spike,True,2023-01-01 18:24:46
625,20253,2022-12-31 03:35:10,Suspicious Amount Spike,True,2023-01-01 03:35:10
626,20280,2022-12-31 14:16:07,Suspicious Amount Spike,True,2023-01-03 15:16:07
627,20297,2022-12-31 18:01:17,Suspicious Amount Spike,True,2023-01-07 02:01:17
628,20333,2022-12-31 23:11:32,Suspicious Amount Spike,True,2023-01-02 07:11:32
629,20329,2022-12-31 23:35:41,Suspicious Amount Spike,True,2023-01-04 03:35:41
630,20348,2023-01-01 09:09:20,Suspicious Amount Spike,True,2023-01-06 14:09:20
631,20372,2023-01-01 19:38:55,Suspicious Amount Spike,True,2023-01-05 02:38:55
632,20389,2023-01-02 10:49:04,Suspicious Amount Spike,True,2023-01-08 10:49:04
633,20409,2023-01-02 16:24:06,Suspicious Amount Spike,True,2023-01-03 16:24:06
634,20407,2023-01-02 17:41:00,Suspicious Amount Spike,False,
635,20442,2023-01-03 10:52:45,Suspicious Amount Spike,True,2023-01-07 10:52:45
636,20505,2023-01-04 15:16:37,Suspicious Amount Spike,True,2023-01-08 22:16:37
637,20513,2023-01-04 18:17:14,Suspicious Amount Spike,True,2023-01-08 22:17:14
638,20522,2023-01-04 21:04:03,Suspicious Amount Spike,True,2023-01-17 03:04:03
639,20545,2023-01-05 10:45:06,Suspicious Amount Spike,True,2023-01-11 18:45:06
640,20558,2023-01-05 12:24:54,Suspicious Amount Spike,True,2023-01-07 18:24:54
641,20554,2023-01-05 12:29:28,Suspicious Amount Spike,True,2023-01-06 16:29:28
642,20561,2023-01-05 13:17:26,Suspicious Amount Spike,True,2023-01-06 15:17:26
643,20559,2023-01-05 14:00:21,Suspicious Amount Spike,True,2023-01-07 22:00:21
644,20575,2023-01-05 19:30:53,Suspicious Amount Spike,False,
645,20605,2023-01-06 12:23:17,Suspicious Amount Spike,True,2023-01-16 17:23:17
646,20666,2023-01-07 14:38:25,Suspicious Amount Spike,True,2023-01-10 20:38:25
647,20688,2023-01-07 18:59:09,Suspicious Amount Spike,True,2023-01-08 18:59:09
648,20689,2023-01-07 19:03:40,Suspicious Amount Spike,True,2023-01-08 21:03:40
649,20694,2023-01-07 21:54:15,Suspicious Amount Spike,True,2023-01-11 03:54:15
650,20738,2023-01-08 19:03:06,Suspicious Amount Spike,True,2023-01-13 20:03:06
651,20756,2023-01-09 00:45:53,Suspicious Amount Spike,True,2023-01-13 04:45:53
652,20773,2023-01-09 13:01:12,Suspicious Amount Spike,True,2023-01-11 15:01:12
653,20798,2023-01-09 19:20:18,Suspicious Amount Spike,True,2023-01-11 01:20:18
654,20819,2023-01-09 23:49:17,Suspicious Amount Spike,True,2023-01-18 05:49:17
655,20858,2023-01-10 17:08:08,Suspicious Amount Spike,True,2023-01-12 18:08:08
656,20886,2023-01-11 10:24:56,Suspicious Amount Spike,True,2023-01-13 14:24:56
657,20911,2023-01-11 15:18:51,Suspicious Amount Spike,True,2023-01-12 20:18:51
658,20923,2023-01-11 22:59:53,Suspicious Amount Spike,True,2023-01-13 04:59:53
659,20926,2023-01-12 00:03:36,Suspicious Amount Spike,True,2023-01-13 08:03:36
660,20978,2023-01-12 21:06:00,Suspicious Amount Spike,True,2023-01-24 05:06:00
661,21004,2023-01-13 13:04:20,Suspicious Amount Spike,True,2023-01-17 15:04:20
662,21070,2023-01-14 14:53:47,Suspicious Amount Spike,True,2023-01-22 20:53:47
663,21232,2023-01-17 21:26:46,Suspicious Amount Spike,True,2023-01-19 05:26:46
664,21250,2023-01-18 10:43:20,Suspicious Amount Spike,True,2023-01-19 13:43:20
665,21280,2023-01-18 19:54:53,Suspicious Amount Spike,True,2023-01-24 21:54:53
666,21390,2023-01-20 17:31:13,Suspicious Amount Spike,True,2023-01-21 18:31:13
667,21392,2023-01-20 18:14:21,Suspicious Amount Spike,True,2023-01-23 01:14:21
668,21397,2023-01-20 20:03:31,Suspicious Amount Spike,True,2023-01-23 03:03:31
669,21437,2023-01-21 12:59:51,Suspicious Amount Spike,True,2023-01-23 17:59:51
670,21439,2023-01-21 14:07:15,Suspicious Amount Spike,True,2023-01-24 17:07:15
671,21495,2023-01-22 15:43:17,Suspicious Amount Spike,True,2023-01-23 17:43:17
672,21528,2023-01-23 12:50:22,Suspicious Amount Spike,True,2023-01-25 14:50:22
673,21533,2023-01-23 15:56:17,Suspicious Amount Spike,True,2023-02-11 23:56:17
674,21582,2023-01-24 15:11:33,Suspicious Amount Spike,True,2023-01-26 16:11:33
675,21590,2023-01-24 15:33:09,Suspicious Amount Spike,False,
676,21621,2023-01-25 00:23:35,Suspicious Amount Spike,True,2023-01-27 01:23:35
677,21641,2023-01-25 13:26:09,Suspicious Amount Spike,True,2023-01-26 19:26:09
678,21653,2023-01-25 18:23:05,Suspicious Amount Spike,True,2023-01-26 19:23:05
679,21667,2023-01-25 19:05:06,Suspicious Amount Spike,True,2023-01-31 23:05:06
680,21773,2023-01-27 16:48:36,Suspicious Amount Spike,True,2023-02-03 00:48:36
681,21783,2023-01-27 18:40:36,Suspicious Amount Spike,True,2023-02-01 19:40:36
682,21816,2023-01-28 08:39:52,Suspicious Amount Spike,True,2023-02-03 09:39:52
683,21819,2023-01-28 09:57:25,Suspicious Amount Spike,True,2023-02-06 09:57:25
684,21832,2023-01-28 13:46:39,Suspicious Amount Spike,True,2023-01-31 18:46:39
685,21876,2023-01-29 00:43:11,Suspicious Amount Spike,True,2023-02-01 08:43:11
686,21883,2023-01-29 12:31:26,Suspicious Amount Spike,True,2023-01-30 15:31:26
687,21943,2023-01-30 11:56:11,Suspicious Amount Spike,True,2023-02-03 13:56:11
688,21939,2023-01-30 11:56:21,Suspicious Amount Spike,True,2023-02-01 15:56:21
689,21951,2023-01-30 13:39:33,Suspicious Amount Spike,True,2023-02-01 19:39:33
690,22058,2023-02-01 12:06:06,Suspicious Amount Spike,True,2023-02-03 20:06:06
691,22096,2023-02-01 22:03:34,Suspicious Amount Spike,True,2023-02-07 00:03:34
692,22113,2023-02-02 02:09:13,Suspicious Amount Spike,True,2023-02-04 08:09:13
693,22115,2023-02-02 08:14:09,Suspicious Amount Spike,False,
694,22139,2023-02-02 19:00:14,Suspicious Amount Spike,True,2023-02-05 01:00:14
695,22199,2023-02-03 14:20:53,Suspicious Amount Spike,True,2023-02-08 18:20:53
696,22196,2023-02-03 15:21:07,Suspicious Amount Spike,True,2023-02-08 15:21:07
697,22225,2023-02-03 21:37:21,Suspicious Amount Spike,True,2023-02-16 21:37:21
698,22228,2023-02-03 22:07:26,Suspicious Amount Spike,True,2023-02-05 00:07:26
699,22242,2023-02-04 00:30:38,Suspicious Amount Spike,True,2023-02-05 00:30:38
700,22285,2023-02-04 19:41:37,Suspicious Amount Spike,True,2023-02-05 20:41:37
701,22311,2023-02-05 09:24:33,Suspicious Amount Spike,True,2023-02-08 16:24:33
702,22396,2023-02-06 22:19:33,Suspicious Amount Spike,True,2023-02-08 03:19:33
703,22395,2023-02-06 23:06:58,Suspicious Amount Spike,True,2023-02-16 05:06:58
704,22417,2023-02-07 16:28:08,Suspicious Amount Spike,True,2023-02-08 18:28:08
705,22427,2023-02-07 18:07:18,Suspicious Amount Spike,True,2023-02-13 01:07:18
706,22463,2023-02-08 14:10:44,Suspicious Amount Spike,True,2023-02-14 22:10:44
707,22488,2023-02-08 20:03:14,Suspicious Amount Spike,True,2023-02-17 02:03:14
708,22500,2023-02-08 23:26:26,Suspicious Amount Spike,True,2023-02-18 23:26:26
709,22501,2023-02-09 00:27:12,Suspicious Amount Spike,True,2023-02-13 04:27:12
710,22536,2023-02-09 17:55:50,Card-Not-Present Anomaly,True,2023-02-12 22:55:50
711,22562,2023-02-10 03:03:01,Suspicious Amount Spike,True,2023-02-14 03:03:01
712,22568,2023-02-10 09:30:50,Suspicious Amount Spike,True,2023-02-11 11:30:50
713,22569,2023-02-10 09:41:50,Suspicious Amount Spike,True,2023-02-12 11:41:50
714,22586,2023-02-10 13:36:11,Suspicious Amount Spike,True,2023-02-11 14:36:11
715,22608,2023-02-10 20:57:49,Suspicious Amount Spike,True,2023-02-12 21:57:49
716,22619,2023-02-10 21:02:04,Suspicious Amount Spike,True,2023-02-12 22:02:04
717,22617,2023-02-10 21:50:58,Suspicious Amount Spike,True,2023-02-15 05:50:58
718,22652,2023-02-11 17:57:40,Suspicious Amount Spike,True,2023-02-20 23:57:40
719,22725,2023-02-12 23:00:57,Suspicious Amount Spike,True,2023-02-19 01:00:57
720,22764,2023-02-13 20:02:09,Suspicious Amount Spike,True,2023-02-15 03:02:09
721,22766,2023-02-13 20:12:58,Suspicious Amount Spike,True,2023-02-19 23:12:58
722,22825,2023-02-14 18:56:11,Suspicious Amount Spike,True,2023-02-17 23:56:11
723,22889,2023-02-16 04:07:13,Suspicious Amount Spike,True,2023-02-20 12:07:13
724,22907,2023-02-16 15:37:51,Suspicious Amount Spike,True,2023-02-18 20:37:51
725,22958,2023-02-17 11:33:20,Suspicious Amount Spike,True,2023-02-18 14:33:20
726,23000,2023-02-18 01:07:03,Suspicious Amount Spike,True,2023-02-19 08:07:03
727,23015,2023-02-18 13:46:46,Suspicious Amount Spike,True,2023-02-24 19:46:46
728,23061,2023-02-19 11:30:17,Suspicious Amount Spike,True,2023-02-22 11:30:17
729,23084,2023-02-19 17:04:49,Suspicious Amount Spike,True,2023-02-22 18:04:49
730,23110,2023-02-19 22:06:30,Suspicious Amount Spike,True,2023-02-22 22:06:30
731,23118,2023-02-20 09:56:55,Suspicious Amount Spike,True,2023-02-23 17:56:55
732,23119,2023-02-20 10:57:34,Suspicious Amount Spike,True,2023-02-21 18:57:34
733,23167,2023-02-20 21:08:06,Suspicious Amount Spike,True,2023-02-24 00:08:06
734,23168,2023-02-20 23:36:47,Suspicious Amount Spike,True,2023-02-28 03:36:47
735,23177,2023-02-21 06:05:29,Suspicious Amount Spike,True,2023-02-22 14:05:29
736,23224,2023-02-21 21:47:01,Suspicious Amount Spike,True,2023-02-27 03:47:01
737,23232,2023-02-22 08:50:23,Suspicious Amount Spike,True,2023-03-03 09:50:23
738,23274,2023-02-22 22:07:45,Suspicious Amount Spike,True,2023-02-24 23:07:45
739,23281,2023-02-23 03:31:26,Suspicious Amount Spike,True,2023-03-01 07:31:26
740,23294,2023-02-23 14:40:25,Suspicious Amount Spike,True,2023-02-24 18:40:25
741,23350,2023-02-24 15:10:10,Suspicious Amount Spike,True,2023-03-03 18:10:10
742,23387,2023-02-25 11:09:06,Suspicious Amount Spike,True,2023-02-26 16:09:06
743,23410,2023-02-25 18:18:52,Suspicious Amount Spike,True,2023-03-02 21:18:52
744,23408,2023-02-25 19:33:44,Suspicious Amount Spike,True,2023-03-02 01:33:44
745,23433,2023-02-26 08:17:15,Suspicious Amount Spike,True,2023-02-28 10:17:15
746,23434,2023-02-26 10:42:18,Suspicious Amount Spike,True,2023-03-04 16:42:18
747,23480,2023-02-27 03:02:37,Suspicious Amount Spike,True,2023-03-04 09:02:37
748,23488,2023-02-27 11:24:17,Suspicious Amount Spike,True,2023-03-05 18:24:17
749,23568,2023-02-28 18:57:57,Suspicious Amount Spike,True,2023-03-05 19:57:57
750,23633,2023-03-01 17:32:52,Suspicious Amount Spike,True,2023-03-05 21:32:52
751,23640,2023-03-01 18:08:43,Suspicious Amount Spike,True,2023-03-02 22:08:43
752,23654,2023-03-01 19:39:56,Suspicious Amount Spike,True,2023-03-04 01:39:56
753,23660,2023-03-01 20:45:15,Suspicious Amount Spike,True,2023-03-04 04:45:15
754,23676,2023-03-02 08:34:50,Suspicious Amount Spike,True,2023-03-05 09:34:50
755,23687,2023-03-02 12:17:24,Suspicious Amount Spike,True,2023-03-05 20:17:24
756,23708,2023-03-02 17:09:32,Suspicious Amount Spike,True,2023-03-03 17:09:32
757,23710,2023-03-02 17:13:01,Suspicious Amount Spike,True,2023-03-04 01:13:01
758,23733,2023-03-03 07:02:08,Suspicious Amount Spike,True,2023-03-07 15:02:08
759,23768,2023-03-03 16:57:19,Suspicious Amount Spike,True,2023-03-04 23:57:19
760,23795,2023-03-04 09:52:44,Suspicious Amount Spike,True,2023-03-06 16:52:44
761,23866,2023-03-05 10:30:32,Suspicious Amount Spike,True,2023-03-08 15:30:32
762,23887,2023-03-05 20:01:24,Suspicious Amount Spike,True,2023-03-12 20:01:24
763,23900,2023-03-05 21:21:28,Suspicious Amount Spike,True,2023-03-09 00:21:28
764,23938,2023-03-06 13:37:24,Suspicious Amount Spike,True,2023-03-07 17:37:24
765,23944,2023-03-06 14:11:59,Suspicious Amount Spike,True,2023-03-08 15:11:59
766,23972,2023-03-06 20:35:18,Suspicious Amount Spike,True,2023-03-11 04:35:18
767,24017,2023-03-07 15:07:33,Suspicious Amount Spike,True,2023-03-10 19:07:33
768,24034,2023-03-07 21:06:07,Suspicious Amount Spike,True,2023-03-09 02:06:07
769,24097,2023-03-08 18:57:17,Suspicious Amount Spike,True,2023-03-10 01:57:17
770,24104,2023-03-08 19:45:44,Suspicious Amount Spike,True,2023-03-11 03:45:44
771,24127,2023-03-09 11:07:09,Suspicious Amount Spike,True,2023-03-23 16:07:09
772,24179,2023-03-09 23:25:38,Suspicious Amount Spike,True,2023-03-10 23:25:38
773,24188,2023-03-10 01:35:51,Suspicious Amount Spike,True,2023-03-11 09:35:51
774,24210,2023-03-10 13:46:08,Suspicious Amount Spike,True,2023-03-11 15:46:08
775,24218,2023-03-10 14:20:00,Suspicious Amount Spike,True,2023-03-11 17:20:00
776,24225,2023-03-10 15:15:24,Suspicious Amount Spike,True,2023-03-11 23:15:24
777,24213,2023-03-10 15:41:30,Suspicious Amount Spike,True,2023-03-19 20:41:30
778,24223,2023-03-10 17:20:07,Suspicious Amount Spike,True,2023-03-12 18:20:07
779,24296,2023-03-11 15:24:10,Suspicious Amount Spike,True,2023-03-16 17:24:10
780,24342,2023-03-12 11:00:42,Suspicious Amount Spike,True,2023-03-15 11:00:42
781,24364,2023-03-12 17:06:15,Suspicious Amount Spike,True,2023-03-17 23:06:15
782,24392,2023-03-13 03:39:04,Suspicious Amount Spike,True,2023-03-20 05:39:04
783,24408,2023-03-13 12:48:24,Suspicious Amount Spike,True,2023-03-18 16:48:24
784,24433,2023-03-13 21:01:56,Suspicious Amount Spike,True,2023-03-15 02:01:56
785,24486,2023-03-14 16:19:46,Suspicious Amount Spike,True,2023-03-15 19:19:46
786,24495,2023-03-14 18:24:59,Suspicious Amount Spike,True,2023-03-15 20:24:59
787,24489,2023-03-14 19:09:24,Suspicious Amount Spike,True,2023-03-17 00:09:24
788,24577,2023-03-16 15:43:46,Suspicious Amount Spike,True,2023-03-18 21:43:46
789,24676,2023-03-17 20:18:20,Suspicious Amount Spike,True,2023-03-23 21:18:20
790,24730,2023-03-18 16:03:39,Suspicious Amount Spike,True,2023-03-20 20:03:39
791,24911,2023-03-21 20:37:29,Suspicious Amount Spike,True,2023-03-29 02:37:29
792,24909,2023-03-21 21:13:15,Suspicious Amount Spike,True,2023-03-27 04:13:15
793,24964,2023-03-22 15:26:47,Suspicious Amount Spike,True,2023-03-25 21:26:47
794,24970,2023-03-22 16:14:38,Suspicious Amount Spike,True,2023-03-23 18:14:38
795,25060,2023-03-23 22:06:24,Suspicious Amount Spike,True,2023-03-30 05:06:24
796,25055,2023-03-23 22:57:48,Suspicious Amount Spike,True,2023-03-26 05:57:48
797,25091,2023-03-24 16:27:16,Suspicious Amount Spike,True,2023-03-26 22:27:16
798,25121,2023-03-24 19:59:46,Suspicious Amount Spike,True,2023-03-26 22:59:46
799,25146,2023-03-25 00:16:17,Suspicious Amount Spike,True,2023-03-30 08:16:17
800,25178,2023-03-25 16:44:12,Suspicious Amount Spike,True,2023-03-26 19:44:12
801,25299,2023-03-27 13:31:32,Suspicious Amount Spike,True,2023-03-29 18:31:32
802,25320,2023-03-27 20:33:32,Suspicious Amount Spike,True,2023-03-29 21:33:32
803,25335,2023-03-28 05:10:02,Suspicious Amount Spike,True,2023-03-30 09:10:02
804,25353,2023-03-28 14:06:07,Suspicious Amount Spike,True,2023-03-29 21:06:07
805,25384,2023-03-29 00:52:44,Suspicious Amount Spike,True,2023-03-30 05:52:44
806,25503,2023-03-30 19:51:47,Suspicious Amount Spike,True,2023-03-31 20:51:47
807,25637,2023-04-01 16:59:44,Suspicious Amount Spike,True,2023-04-02 21:59:44
808,25643,2023-04-01 19:36:06,Suspicious Amount Spike,True,2023-04-04 01:36:06
809,25655,2023-04-01 19:43:09,Suspicious Amount Spike,True,2023-04-03 22:43:09
810,25664,2023-04-01 23:12:00,Suspicious Amount Spike,True,2023-04-03 05:12:00
811,25670,2023-04-01 23:28:24,Suspicious Amount Spike,True,2023-04-05 01:28:24
812,25786,2023-04-03 17:50:43,Suspicious Amount Spike,True,2023-04-08 20:50:43
813,25809,2023-04-04 10:40:52,Suspicious Amount Spike,True,2023-04-07 13:40:52
814,25823,2023-04-04 15:23:18,Suspicious Amount Spike,True,2023-04-07 17:23:18
815,25827,2023-04-04 15:41:47,Suspicious Amount Spike,True,2023-04-09 17:41:47
816,25840,2023-04-04 18:49:53,Suspicious Amount Spike,True,2023-04-09 01:49:53
817,25931,2023-04-06 15:37:24,Suspicious Amount Spike,True,2023-04-11 17:37:24
818,25967,2023-04-07 03:19:32,Suspicious Amount Spike,True,2023-04-11 09:19:32
819,25977,2023-04-07 10:33:03,Suspicious Amount Spike,True,2023-04-09 10:33:03
820,26072,2023-04-08 16:06:45,Suspicious Amount Spike,True,2023-04-09 22:06:45
821,26105,2023-04-08 21:00:24,Suspicious Amount Spike,True,2023-04-09 23:00:24
822,26165,2023-04-09 22:00:58,Suspicious Amount Spike,True,2023-04-13 00:00:58
823,26209,2023-04-10 19:45:07,Suspicious Amount Spike,True,2023-04-13 23:45:07
824,26217,2023-04-10 22:02:43,Suspicious Amount Spike,True,2023-04-12 04:02:43
825,26228,2023-04-11 04:26:52,Suspicious Amount Spike,True,2023-04-13 05:26:52
826,26242,2023-04-11 16:19:21,Suspicious Amount Spike,True,2023-04-14 20:19:21
827,26248,2023-04-11 17:51:30,Suspicious Amount Spike,True,2023-04-13 21:51:30
828,26285,2023-04-12 10:36:37,Suspicious Amount Spike,True,2023-04-17 18:36:37
829,26405,2023-04-14 11:04:37,Suspicious Amount Spike,True,2023-04-18 16:04:37
830,26422,2023-04-14 14:30:07,Suspicious Amount Spike,True,2023-04-21 22:30:07
831,26435,2023-04-14 17:55:00,Suspicious Amount Spike,True,2023-04-16 22:55:00
832,26455,2023-04-14 22:25:28,Suspicious Amount Spike,True,2023-04-17 06:25:28
833,26460,2023-04-14 23:54:19,Suspicious Amount Spike,True,2023-04-17 23:54:19
834,26471,2023-04-15 09:01:29,Suspicious Amount Spike,True,2023-04-19 13:01:29
835,26485,2023-04-15 14:19:35,Suspicious Amount Spike,True,2023-04-16 19:19:35
836,26535,2023-04-16 10:51:54,Suspicious Amount Spike,True,2023-04-19 10:51:54
837,26635,2023-04-17 20:51:51,Suspicious Amount Spike,True,2023-04-19 20:51:51
838,26641,2023-04-18 00:11:31,Suspicious Amount Spike,True,2023-04-29 04:11:31
839,26665,2023-04-18 13:24:21,Suspicious Amount Spike,True,2023-04-23 21:24:21
840,26685,2023-04-18 19:03:37,Suspicious Amount Spike,True,2023-04-20 20:03:37
841,26706,2023-04-19 12:20:15,Suspicious Amount Spike,True,2023-04-20 19:20:15
842,26720,2023-04-19 13:39:12,Suspicious Amount Spike,True,2023-04-21 21:39:12
843,26742,2023-04-19 18:15:20,Suspicious Amount Spike,True,2023-04-23 18:15:20
844,26754,2023-04-19 22:03:54,Suspicious Amount Spike,True,2023-04-20 22:03:54
845,26762,2023-04-19 23:46:38,Suspicious Amount Spike,True,2023-04-22 06:46:38
846,26806,2023-04-20 19:00:22,Suspicious Amount Spike,True,2023-04-27 22:00:22
847,26837,2023-04-21 13:37:02,Suspicious Amount Spike,True,2023-04-25 21:37:02
848,26844,2023-04-21 14:28:43,Suspicious Amount Spike,True,2023-04-22 15:28:43
849,26881,2023-04-21 19:54:00,Suspicious Amount Spike,True,2023-04-23 23:54:00
850,26888,2023-04-21 20:19:30,Suspicious Amount Spike,True,2023-04-24 22:19:30
851,26911,2023-04-22 11:40:29,Suspicious Amount Spike,True,2023-04-27 13:40:29
852,26927,2023-04-22 16:03:24,Suspicious Amount Spike,True,2023-04-26 16:03:24
853,26973,2023-04-23 13:19:46,Suspicious Amount Spike,True,2023-04-26 14:19:46
854,26992,2023-04-23 17:52:38,Suspicious Amount Spike,True,2023-04-28 17:52:38
855,27016,2023-04-23 22:52:55,Suspicious Amount Spike,True,2023-04-27 02:52:55
856,27032,2023-04-24 10:52:59,Suspicious Amount Spike,True,2023-04-25 13:52:59
857,27083,2023-04-24 23:13:42,Suspicious Amount Spike,True,2023-04-27 03:13:42
858,27187,2023-04-26 20:40:59,Suspicious Amount Spike,True,2023-05-03 22:40:59
859,27209,2023-04-27 14:01:05,Suspicious Amount Spike,True,2023-05-07 20:01:05
860,27280,2023-04-28 13:43:03,Suspicious Amount Spike,True,2023-05-01 19:43:03
861,27318,2023-04-28 20:43:04,Suspicious Amount Spike,True,2023-05-01 01:43:04
862,27344,2023-04-29 08:38:18,Suspicious Amount Spike,True,2023-05-09 10:38:18
863,27375,2023-04-29 16:27:53,Suspicious Amount Spike,True,2023-05-03 17:27:53
864,27450,2023-04-30 20:17:18,Suspicious Amount Spike,False,
865,27461,2023-04-30 22:29:57,Suspicious Amount Spike,True,2023-05-04 03:29:57
866,27482,2023-05-01 12:54:45,Suspicious Amount Spike,True,2023-05-02 15:54:45
867,27490,2023-05-01 15:20:39,Suspicious Amount Spike,True,2023-05-02 21:20:39
868,27491,2023-05-01 16:48:28,Suspicious Amount Spike,True,2023-05-03 18:48:28
869,27499,2023-05-01 17:40:23,Suspicious Amount Spike,True,2023-05-04 23:40:23
870,27574,2023-05-02 19:48:16,Suspicious Amount Spike,True,2023-05-03 21:48:16
871,27577,2023-05-02 20:55:34,Suspicious Amount Spike,True,2023-05-04 23:55:34
872,27598,2023-05-03 01:26:54,Suspicious Amount Spike,True,2023-05-05 06:26:54
873,27599,2023-05-03 03:26:03,Suspicious Amount Spike,True,2023-05-06 07:26:03
874,27634,2023-05-03 17:10:23,Suspicious Amount Spike,True,2023-05-07 21:10:23
875,27855,2023-05-06 19:23:05,Suspicious Amount Spike,True,2023-05-08 01:23:05
876,27859,2023-05-06 19:54:45,Suspicious Amount Spike,True,2023-05-11 01:54:45
877,27920,2023-05-08 01:59:49,Suspicious Amount Spike,True,2023-05-10 08:59:49
878,27958,2023-05-08 18:31:55,Suspicious Amount Spike,True,2023-05-10 22:31:55
879,27975,2023-05-08 18:45:05,Suspicious Amount Spike,True,2023-05-11 22:45:05
880,28019,2023-05-09 12:48:15,Suspicious Amount Spike,True,2023-05-10 13:48:15
881,28011,2023-05-09 13:09:49,Suspicious Amount Spike,True,2023-05-10 21:09:49
882,28066,2023-05-10 08:44:46,Suspicious Amount Spike,True,2023-05-14 11:44:46
883,28105,2023-05-10 18:10:41,Suspicious Amount Spike,True,2023-05-12 01:10:41
884,28129,2023-05-10 23:36:28,Suspicious Amount Spike,True,2023-05-14 00:36:28
885,28173,2023-05-11 18:43:10,Suspicious Amount Spike,True,2023-05-15 19:43:10
886,28188,2023-05-11 21:09:39,Suspicious Amount Spike,True,2023-05-17 21:09:39
887,28203,2023-05-12 06:31:33,Suspicious Amount Spike,True,2023-05-13 13:31:33
888,28212,2023-05-12 12:31:38,Suspicious Amount Spike,True,2023-05-17 20:31:38
889,28244,2023-05-12 16:24:22,Suspicious Amount Spike,True,2023-05-13 21:24:22
890,28283,2023-05-13 03:01:28,Suspicious Amount Spike,True,2023-05-22 03:01:28
891,28312,2023-05-13 18:40:45,Suspicious Amount Spike,True,2023-05-14 22:40:45
892,28317,2023-05-13 18:41:13,Suspicious Amount Spike,True,2023-05-14 21:41:13
893,28321,2023-05-13 20:45:35,Suspicious Amount Spike,True,2023-05-17 00:45:35
894,28476,2023-05-16 17:46:25,Suspicious Amount Spike,True,2023-05-17 19:46:25
895,28487,2023-05-16 20:11:58,Suspicious Amount Spike,True,2023-05-17 21:11:58
896,28494,2023-05-16 22:01:56,Suspicious Amount Spike,True,2023-05-18 05:01:56
897,28504,2023-05-16 23:34:06,Suspicious Amount Spike,True,2023-05-19 02:34:06
898,28523,2023-05-17 13:36:00,Suspicious Amount Spike,True,2023-05-31 21:36:00
899,28588,2023-05-18 16:23:35,Suspicious Amount Spike,True,2023-05-21 18:23:35
900,28601,2023-05-18 20:12:59,Suspicious Amount Spike,True,2023-05-19 20:12:59
901,28645,2023-05-19 15:49:59,Suspicious Amount Spike,True,2023-05-25 23:49:59
902,28675,2023-05-19 22:07:38,Suspicious Amount Spike,True,2023-05-21 01:07:38
903,28685,2023-05-19 23:45:11,Suspicious Amount Spike,True,2023-05-22 00:45:11
904,28738,2023-05-20 21:55:15,Card-Not-Present Anomaly,True,2023-05-26 04:55:15
905,28777,2023-05-21 15:42:27,Suspicious Amount Spike,True,2023-05-30 16:42:27
906,28846,2023-05-22 17:17:49,Suspicious Amount Spike,True,2023-05-23 21:17:49
907,28869,2023-05-22 20:16:13,Suspicious Amount Spike,True,2023-05-25 22:16:13
908,28900,2023-05-23 13:16:11,Suspicious Amount Spike,True,2023-05-24 16:16:11
909,28954,2023-05-24 08:35:11,Suspicious Amount Spike,True,2023-05-25 14:35:11
910,28955,2023-05-24 11:32:16,Suspicious Amount Spike,True,2023-05-28 16:32:16
911,28976,2023-05-24 15:01:16,Suspicious Amount Spike,True,2023-05-25 20:01:16
912,28974,2023-05-24 15:26:33,Suspicious Amount Spike,True,2023-05-26 23:26:33
913,29182,2023-05-27 11:25:02,Suspicious Amount Spike,True,2023-05-30 13:25:02
914,29257,2023-05-28 11:53:22,Suspicious Amount Spike,True,2023-05-31 16:53:22
915,29303,2023-05-28 22:57:55,Suspicious Amount Spike,True,2023-06-01 22:57:55
916,29320,2023-05-29 14:24:14,Suspicious Amount Spike,True,2023-06-01 16:24:14
917,29383,2023-05-30 12:01:52,Suspicious Amount Spike,True,2023-05-31 15:01:52
918,29444,2023-05-31 15:27:16,Suspicious Amount Spike,True,2023-06-01 19:27:16
919,29528,2023-06-01 19:11:08,Suspicious Amount Spike,True,2023-06-07 01:11:08
920,29534,2023-06-01 19:47:03,Suspicious Amount Spike,True,2023-06-03 22:47:03
921,29593,2023-06-02 17:38:34,Suspicious Amount Spike,True,2023-06-08 20:38:34
922,29608,2023-06-02 20:14:27,Suspicious Amount Spike,True,2023-06-05 02:14:27
923,29632,2023-06-03 08:09:31,Suspicious Amount Spike,True,2023-06-06 13:09:31
924,29633,2023-06-03 09:00:08,Suspicious Amount Spike,True,2023-06-05 10:00:08
925,29715,2023-06-04 11:43:22,Suspicious Amount Spike,True,2023-06-06 13:43:22
926,29781,2023-06-05 10:15:32,Suspicious Amount Spike,True,2023-06-07 17:15:32
927,29803,2023-06-05 16:18:20,Suspicious Amount Spike,True,2023-06-06 20:18:20
928,29820,2023-06-05 18:03:11,Suspicious Amount Spike,True,2023-06-14 02:03:11
929,29866,2023-06-06 13:41:47,Suspicious Amount Spike,True,2023-06-10 15:41:47
930,29905,2023-06-06 18:12:09,Suspicious Amount Spike,True,2023-06-10 00:12:09
931,30018,2023-06-08 10:30:15,Suspicious Amount Spike,True,2023-06-15 13:30:15
932,30089,2023-06-09 01:12:53,Suspicious Amount Spike,True,2023-06-14 09:12:53
933,30136,2023-06-09 19:02:56,Suspicious Amount Spike,True,2023-06-14 00:02:56
934,30219,2023-06-10 20:01:29,Suspicious Amount Spike,True,2023-06-13 02:01:29
935,30264,2023-06-11 12:09:43,Suspicious Amount Spike,True,2023-06-18 13:09:43
936,30287,2023-06-11 14:29:14,Suspicious Amount Spike,True,2023-06-15 17:29:14
937,30326,2023-06-12 12:09:48,Suspicious Amount Spike,True,2023-06-14 14:09:48
938,30334,2023-06-12 14:24:32,Suspicious Amount Spike,True,2023-06-17 17:24:32
939,30343,2023-06-12 17:36:50,Suspicious Amount Spike,True,2023-06-16 19:36:50
940,30352,2023-06-12 19:04:55,Suspicious Amount Spike,True,2023-06-14 20:04:55
941,30363,2023-06-12 22:06:14,Suspicious Amount Spike,True,2023-06-15 06:06:14
942,30404,2023-06-13 17:18:34,Suspicious Amount Spike,True,2023-06-14 17:18:34
943,30445,2023-06-14 09:06:59,Suspicious Amount Spike,True,2023-06-17 10:06:59
944,30496,2023-06-14 20:59:17,Suspicious Amount Spike,True,2023-06-19 02:59:17
945,30522,2023-06-15 03:00:21,Suspicious Amount Spike,True,2023-06-18 04:00:21
946,30545,2023-06-15 13:49:29,Suspicious Amount Spike,True,2023-06-17 19:49:29
947,30571,2023-06-15 17:55:03,Suspicious Amount Spike,True,2023-06-16 23:55:03
948,30590,2023-06-15 21:53:23,Suspicious Amount Spike,True,2023-06-17 05:53:23
949,30596,2023-06-15 23:24:04,Suspicious Amount Spike,False,
950,30607,2023-06-15 23:56:04,Suspicious Amount Spike,True,2023-06-18 02:56:04
951,30635,2023-06-16 14:15:12,Suspicious Amount Spike,True,2023-06-18 21:15:12
952,30685,2023-06-17 03:11:14,Suspicious Amount Spike,True,2023-06-18 07:11:14
953,30707,2023-06-17 14:08:43,Suspicious Amount Spike,True,2023-06-22 14:08:43
954,30743,2023-06-17 19:30:41,Card-Not-Present Anomaly,True,2023-06-19 02:30:41
955,30740,2023-06-17 21:08:27,Suspicious Amount Spike,True,2023-06-18 23:08:27
956,30753,2023-06-18 00:23:57,Suspicious Amount Spike,True,2023-06-19 06:23:57
957,30788,2023-06-18 15:29:35,Suspicious Amount Spike,True,2023-06-22 23:29:35
958,30796,2023-06-18 18:32:31,Suspicious Amount Spike,True,2023-06-22 01:32:31
959,30858,2023-06-19 17:29:55,Suspicious Amount Spike,True,2023-06-20 18:29:55
960,30890,2023-06-19 22:20:41,Suspicious Amount Spike,True,2023-06-22 05:20:41
961,30898,2023-06-20 12:39:02,Suspicious Amount Spike,True,2023-06-24 13:39:02
962,30934,2023-06-20 17:07:25,Suspicious Amount Spike,True,2023-06-29 21:07:25
963,30946,2023-06-20 21:27:55,Suspicious Amount Spike,True,2023-06-26 22:27:55
964,30966,2023-06-21 11:28:46,Suspicious Amount Spike,True,2023-06-28 18:28:46
965,30980,2023-06-21 15:04:55,Suspicious Amount Spike,True,2023-06-23 19:04:55
966,31013,2023-06-21 21:05:37,Suspicious Amount Spike,True,2023-06-26 00:05:37
967,31018,2023-06-21 22:49:10,Suspicious Amount Spike,True,2023-06-24 22:49:10
968,31176,2023-06-23 21:28:56,Suspicious Amount Spike,True,2023-06-29 02:28:56
969,31210,2023-06-24 12:59:15,Suspicious Amount Spike,True,2023-06-25 13:59:15
970,31218,2023-06-24 14:09:15,Suspicious Amount Spike,False,
971,31229,2023-06-24 17:02:43,Suspicious Amount Spike,True,2023-06-25 19:02:43
972,31239,2023-06-24 20:53:46,Suspicious Amount Spike,True,2023-06-28 21:53:46
973,31303,2023-06-25 19:08:58,Suspicious Amount Spike,True,2023-06-27 21:08:58
974,31298,2023-06-25 19:39:45,Suspicious Amount Spike,True,2023-06-29 01:39:45
975,31406,2023-06-27 15:58:42,Suspicious Amount Spike,True,2023-06-30 21:58:42
976,31402,2023-06-27 16:19:39,Suspicious Amount Spike,True,2023-06-29 16:19:39
977,31428,2023-06-28 01:25:25,Suspicious Amount Spike,True,2023-06-29 02:25:25
978,31461,2023-06-28 17:06:01,Suspicious Amount Spike,True,2023-06-30 18:06:01
979,31546,2023-06-29 18:32:42,Suspicious Amount Spike,False,
980,31556,2023-06-29 20:00:00,Suspicious Amount Spike,True,2023-07-03 01:00:00
981,31597,2023-06-30 14:47:17,Suspicious Amount Spike,True,2023-07-02 19:47:17
982,31625,2023-06-30 20:51:37,Suspicious Amount Spike,True,2023-07-02 00:51:37
983,31665,2023-07-01 11:42:07,Suspicious Amount Spike,True,2023-07-02 19:42:07
984,31690,2023-07-01 16:48:46,Suspicious Amount Spike,True,2023-07-03 20:48:46
985,31717,2023-07-02 02:48:18,Suspicious Amount Spike,True,2023-07-07 09:48:18
986,31736,2023-07-02 16:31:31,Suspicious Amount Spike,True,2023-07-04 16:31:31
987,31772,2023-07-03 11:11:40,Suspicious Amount Spike,True,2023-07-05 16:11:40
988,31791,2023-07-03 13:47:26,Suspicious Amount Spike,True,2023-07-04 19:47:26
989,31795,2023-07-03 14:36:48,Suspicious Amount Spike,True,2023-07-22 21:36:48
990,31940,2023-07-05 19:38:10,Suspicious Amount Spike,True,2023-07-07 23:38:10
991,31982,2023-07-06 12:45:30,Suspicious Amount Spike,True,2023-07-08 12:45:30
992,32078,2023-07-07 15:32:27,Suspicious Amount Spike,True,2023-07-14 15:32:27
993,32085,2023-07-07 15:53:40,Suspicious Amount Spike,True,2023-07-08 22:53:40
994,32087,2023-07-07 17:31:26,Suspicious Amount Spike,True,2023-07-09 23:31:26
995,32103,2023-07-07 21:18:50,Suspicious Amount Spike,True,2023-07-10 03:18:50
996,32111,2023-07-07 21:41:42,Suspicious Amount Spike,True,2023-07-09 01:41:42
997,32180,2023-07-08 17:43:24,Suspicious Amount Spike,True,2023-07-09 17:43:24
998,32175,2023-07-08 19:30:56,Suspicious Amount Spike,True,2023-07-10 03:30:56
999,32240,2023-07-09 15:18:50,Suspicious Amount Spike,True,2023-07-12 21:18:50
1000,32249,2023-07-09 16:41:52,Suspicious Amount Spike,False,
1001,32263,2023-07-09 19:40:48,Suspicious Amount Spike,True,2023-07-23 03:40:48
1002,32256,2023-07-09 19:42:52,Suspicious Amount Spike,True,2023-07-10 19:42:52
1003,32294,2023-07-10 12:19:40,Suspicious Amount Spike,True,2023-07-11 15:19:40
1004,32343,2023-07-10 23:27:14,Suspicious Amount Spike,True,2023-07-14 06:27:14
1005,32352,2023-07-11 00:20:51,Suspicious Amount Spike,True,2023-07-12 02:20:51
1006,32346,2023-07-11 00:23:11,Suspicious Amount Spike,True,2023-07-14 08:23:11
1007,32353,2023-07-11 01:04:51,Suspicious Amount Spike,True,2023-07-13 03:04:51
1008,32385,2023-07-11 15:55:23,Suspicious Amount Spike,True,2023-07-14 20:55:23
1009,32396,2023-07-11 20:02:19,Suspicious Amount Spike,True,2023-07-19 00:02:19
1010,32436,2023-07-12 14:08:30,Suspicious Amount Spike,True,2023-07-22 20:08:30
1011,32452,2023-07-12 15:58:25,Suspicious Amount Spike,True,2023-07-14 21:58:25
1012,32447,2023-07-12 16:17:52,Suspicious Amount Spike,True,2023-07-13 20:17:52
1013,32477,2023-07-12 22:02:30,Suspicious Amount Spike,True,2023-07-20 04:02:30
1014,32563,2023-07-14 02:23:10,Card-Not-Present Anomaly,True,2023-07-17 03:23:10
1015,32621,2023-07-14 21:52:30,Suspicious Amount Spike,True,2023-07-16 01:52:30
1016,32637,2023-07-15 09:01:34,Suspicious Amount Spike,True,2023-07-16 12:01:34
1017,32640,2023-07-15 11:13:37,Suspicious Amount Spike,True,2023-07-17 11:13:37
1018,32649,2023-07-15 13:28:51,Suspicious Amount Spike,True,2023-07-23 13:28:51
1019,32677,2023-07-15 17:39:43,Suspicious Amount Spike,True,2023-07-16 18:39:43
1020,32706,2023-07-16 10:17:15,Suspicious Amount Spike,True,2023-07-18 10:17:15
1021,32722,2023-07-16 12:29:07,Suspicious Amount Spike,True,2023-07-18 18:29:07
1022,32724,2023-07-16 12:37:01,Suspicious Amount Spike,True,2023-07-23 17:37:01
1023,32799,2023-07-17 15:52:51,Suspicious Amount Spike,True,2023-07-18 17:52:51
1024,32795,2023-07-17 16:02:12,Suspicious Amount Spike,True,2023-07-20 16:02:12
1025,32794,2023-07-17 16:21:15,Suspicious Amount Spike,True,2023-07-19 22:21:15
1026,32810,2023-07-17 19:45:03,Suspicious Amount Spike,True,2023-07-19 19:45:03
1027,32845,2023-07-18 10:12:15,Suspicious Amount Spike,True,2023-07-20 13:12:15
1028,32857,2023-07-18 15:29:47,Suspicious Amount Spike,True,2023-07-22 20:29:47
1029,32907,2023-07-19 09:56:19,Suspicious Amount Spike,True,2023-07-24 17:56:19
1030,32933,2023-07-19 17:52:18,Suspicious Amount Spike,True,2023-07-21 01:52:18
1031,32988,2023-07-20 10:29:08,Suspicious Amount Spike,True,2023-07-21 11:29:08
1032,32984,2023-07-20 10:39:38,Suspicious Amount Spike,True,2023-07-22 14:39:38
1033,32997,2023-07-20 13:51:40,Suspicious Amount Spike,False,
1034,33047,2023-07-20 22:58:48,Suspicious Amount Spike,True,2023-07-24 05:58:48
1035,33065,2023-07-21 12:08:39,Suspicious Amount Spike,True,2023-07-24 20:08:39
1036,33106,2023-07-21 19:02:38,Suspicious Amount Spike,True,2023-07-23 03:02:38
1037,33115,2023-07-21 20:01:32,Suspicious Amount Spike,True,2023-07-23 02:01:32
1038,33123,2023-07-21 21:29:49,Suspicious Amount Spike,True,2023-07-26 21:29:49
1039,33128,2023-07-21 21:51:29,Suspicious Amount Spike,True,2023-07-23 23:51:29
1040,33170,2023-07-22 16:56:39,Suspicious Amount Spike,True,2023-07-25 19:56:39
1041,33169,2023-07-22 18:12:42,Suspicious Amount Spike,True,2023-07-27 23:12:42
1042,33237,2023-07-23 22:35:32,Suspicious Amount Spike,True,2023-07-25 04:35:32
1043,33257,2023-07-24 00:23:41,Suspicious Amount Spike,True,2023-07-26 07:23:41
1044,33264,2023-07-24 11:37:34,Suspicious Amount Spike,True,2023-07-27 14:37:34
1045,33331,2023-07-24 22:45:45,Suspicious Amount Spike,True,2023-08-02 06:45:45
1046,33338,2023-07-25 04:14:39,Suspicious Amount Spike,True,2023-07-26 12:14:39
1047,33339,2023-07-25 04:56:29,Suspicious Amount Spike,True,2023-07-27 11:56:29
1048,33386,2023-07-25 19:32:28,Suspicious Amount Spike,True,2023-07-28 03:32:28
1049,33407,2023-07-25 23:40:49,Suspicious Amount Spike,True,2023-07-29 06:40:49
1050,33472,2023-07-27 00:37:09,Suspicious Amount Spike,True,2023-07-29 07:37:09
1051,33518,2023-07-27 18:29:50,Suspicious Amount Spike,True,2023-07-29 01:29:50
1052,33525,2023-07-27 20:54:42,Suspicious Amount Spike,True,2023-07-30 00:54:42
1053,33556,2023-07-28 13:49:04,Suspicious Amount Spike,True,2023-08-03 18:49:04
1054,33559,2023-07-28 15:02:12,Suspicious Amount Spike,True,2023-07-31 20:02:12
1055,33599,2023-07-29 03:34:00,Suspicious Amount Spike,True,2023-08-07 09:34:00
1056,33608,2023-07-29 13:07:47,Suspicious Amount Spike,True,2023-07-30 21:07:47
1057,33619,2023-07-29 15:25:16,Suspicious Amount Spike,True,2023-07-30 16:25:16
1058,33626,2023-07-29 17:25:25,Suspicious Amount Spike,True,2023-08-03 00:25:25
1059,33662,2023-07-30 03:05:04,Suspicious Amount Spike,True,2023-08-01 05:05:04
1060,33674,2023-07-30 11:23:29,Suspicious Amount Spike,True,2023-08-01 17:23:29
1061,33707,2023-07-30 19:39:38,Suspicious Amount Spike,True,2023-08-02 01:39:38
1062,33754,2023-07-31 13:28:25,Suspicious Amount Spike,True,2023-08-04 15:28:25
1063,33782,2023-07-31 19:31:37,Suspicious Amount Spike,True,2023-08-03 20:31:37
1064,33786,2023-07-31 20:00:31,Suspicious Amount Spike,True,2023-08-02 00:00:31
1065,33790,2023-07-31 21:34:08,Suspicious Amount Spike,True,2023-08-04 02:34:08
1066,33823,2023-08-01 12:08:05,Suspicious Amount Spike,True,2023-08-02 13:08:05
1067,33907,2023-08-02 15:09:57,Suspicious Amount Spike,True,2023-08-06 20:09:57
1068,33931,2023-08-02 17:21:51,Suspicious Amount Spike,False,
1069,33927,2023-08-02 18:20:02,Suspicious Amount Spike,True,2023-08-11 19:20:02
1070,33933,2023-08-02 19:29:25,Suspicious Amount Spike,True,2023-08-08 23:29:25
1071,33972,2023-08-03 13:12:50,Suspicious Amount Spike,True,2023-08-06 17:12:50
1072,33998,2023-08-03 18:01:45,Suspicious Amount Spike,True,2023-08-04 19:01:45
1073,34005,2023-08-03 18:27:44,Suspicious Amount Spike,True,2023-08-05 19:27:44
1074,34011,2023-08-03 20:30:26,Suspicious Amount Spike,True,2023-08-07 23:30:26
1075,34009,2023-08-03 22:04:38,Suspicious Amount Spike,True,2023-08-12 02:04:38
1076,34022,2023-08-04 00:58:08,Card-Not-Present Anomaly,True,2023-08-11 06:58:08
1077,34029,2023-08-04 11:36:51,Suspicious Amount Spike,True,2023-08-06 18:36:51
1078,34040,2023-08-04 13:48:17,Suspicious Amount Spike,True,2023-08-13 16:48:17
1079,34048,2023-08-04 16:45:22,Suspicious Amount Spike,True,2023-08-06 21:45:22
1080,34066,2023-08-04 19:35:32,Suspicious Amount Spike,True,2023-08-15 21:35:32
1081,34151,2023-08-05 17:45:07,Suspicious Amount Spike,True,2023-08-09 21:45:07
1082,34154,2023-08-05 18:49:59,Suspicious Amount Spike,True,2023-08-18 23:49:59
1083,34240,2023-08-06 22:58:55,Suspicious Amount Spike,True,2023-08-09 06:58:55
1084,34264,2023-08-07 10:34:58,Suspicious Amount Spike,True,2023-08-09 12:34:58
1085,34306,2023-08-07 21:09:19,Suspicious Amount Spike,True,2023-08-11 22:09:19
1086,34315,2023-08-08 00:19:38,Suspicious Amount Spike,True,2023-08-16 07:19:38
1087,34319,2023-08-08 02:37:00,Suspicious Amount Spike,True,2023-08-10 08:37:00
1088,34354,2023-08-08 17:49:07,Suspicious Amount Spike,True,2023-08-11 22:49:07
1089,34387,2023-08-08 21:00:15,Suspicious Amount Spike,True,2023-08-17 23:00:15
1090,34395,2023-08-09 00:55:38,Suspicious Amount Spike,True,2023-08-11 05:55:38
1091,34408,2023-08-09 12:06:39,Suspicious Amount Spike,True,2023-08-13 17:06:39
1092,34426,2023-08-09 15:14:21,Suspicious Amount Spike,True,2023-08-10 21:14:21
1093,34529,2023-08-10 23:37:43,Suspicious Amount Spike,True,2023-08-12 05:37:43
1094,34530,2023-08-10 23:40:58,Suspicious Amount Spike,True,2023-08-13 00:40:58
1095,34535,2023-08-11 00:36:29,Suspicious Amount Spike,True,2023-08-12 01:36:29
1096,34571,2023-08-11 14:37:11,Suspicious Amount Spike,True,2023-08-14 15:37:11
1097,34584,2023-08-11 17:42:54,Suspicious Amount Spike,True,2023-08-13 19:42:54
1098,34592,2023-08-11 18:41:59,Suspicious Amount Spike,True,2023-08-15 19:41:59
1099,34629,2023-08-12 11:02:28,Suspicious Amount Spike,True,2023-08-15 16:02:28
1100,34659,2023-08-12 19:44:49,Suspicious Amount Spike,True,2023-08-15 21:44:49
1101,34696,2023-08-13 12:57:55,Suspicious Amount Spike,True,2023-08-18 18:57:55
1102,34693,2023-08-13 13:00:05,Suspicious Amount Spike,True,2023-08-16 20:00:05
1103,34755,2023-08-14 13:15:48,Suspicious Amount Spike,True,2023-08-15 19:15:48
1104,34779,2023-08-14 17:19:15,Suspicious Amount Spike,False,
1105,34786,2023-08-14 17:41:00,Suspicious Amount Spike,True,2023-08-20 22:41:00
1106,34819,2023-08-15 12:40:05,Suspicious Amount Spike,True,2023-08-16 14:40:05
1107,34822,2023-08-15 13:59:08,Suspicious Amount Spike,False,
1108,34881,2023-08-16 09:06:10,Suspicious Amount Spike,True,2023-08-20 14:06:10
1109,34888,2023-08-16 12:20:47,Suspicious Amount Spike,True,2023-08-18 13:20:47
1110,34905,2023-08-16 17:02:03,Suspicious Amount Spike,True,2023-09-03 21:02:03
1111,34916,2023-08-16 19:20:13,Suspicious Amount Spike,True,2023-08-23 00:20:13
1112,34976,2023-08-17 19:47:23,Suspicious Amount Spike,True,2023-08-20 21:47:23
1113,34988,2023-08-17 22:41:05,Suspicious Amount Spike,True,2023-08-21 00:41:05
1114,35021,2023-08-18 11:51:36,Suspicious Amount Spike,True,2023-08-20 14:51:36
1115,35055,2023-08-18 19:47:32,Suspicious Amount Spike,True,2023-08-21 22:47:32
1116,35069,2023-08-18 20:43:07,Suspicious Amount Spike,True,2023-08-20 01:43:07
1117,35198,2023-08-20 13:47:34,Suspicious Amount Spike,True,2023-08-24 21:47:34
1118,35191,2023-08-20 14:10:09,Suspicious Amount Spike,True,2023-08-22 18:10:09
1119,35239,2023-08-20 22:56:05,Suspicious Amount Spike,True,2023-08-22 04:56:05
1120,35362,2023-08-23 06:33:57,Suspicious Amount Spike,True,2023-08-28 07:33:57
1121,35405,2023-08-23 16:38:19,Suspicious Amount Spike,True,2023-08-24 19:38:19
1122,35473,2023-08-24 15:14:32,Suspicious Amount Spike,True,2023-08-31 18:14:32
1123,35479,2023-08-24 17:50:06,Suspicious Amount Spike,True,2023-08-25 17:50:06
1124,35537,2023-08-25 17:57:13,Suspicious Amount Spike,True,2023-08-30 21:57:13
1125,35554,2023-08-25 21:06:15,Suspicious Amount Spike,True,2023-08-28 02:06:15
1126,35582,2023-08-26 10:12:46,Suspicious Amount Spike,True,2023-09-02 10:12:46
1127,35604,2023-08-26 17:11:58,Suspicious Amount Spike,True,2023-08-27 23:11:58
1128,35607,2023-08-26 18:33:19,Suspicious Amount Spike,True,2023-08-28 02:33:19
1129,35634,2023-08-26 23:25:23,Suspicious Amount Spike,True,2023-08-29 23:25:23
1130,35644,2023-08-27 01:54:03,Suspicious Amount Spike,True,2023-08-31 09:54:03
1131,35677,2023-08-27 17:22:47,Suspicious Amount Spike,True,2023-08-29 23:22:47
1132,35703,2023-08-27 22:07:57,Suspicious Amount Spike,True,2023-09-05 06:07:57
1133,35725,2023-08-28 12:08:23,Suspicious Amount Spike,True,2023-09-03 16:08:23
1134,35802,2023-08-29 13:32:54,Suspicious Amount Spike,True,2023-09-02 16:32:54
1135,35817,2023-08-29 15:51:20,Suspicious Amount Spike,True,2023-08-31 17:51:20
1136,35824,2023-08-29 18:19:09,Suspicious Amount Spike,True,2023-08-30 23:19:09
1137,35879,2023-08-30 13:57:36,Suspicious Amount Spike,True,2023-09-06 17:57:36
1138,35911,2023-08-30 19:48:32,Suspicious Amount Spike,False,
1139,35925,2023-08-31 08:07:43,Suspicious Amount Spike,True,2023-09-04 13:07:43
1140,35934,2023-08-31 10:44:17,Suspicious Amount Spike,True,2023-09-01 13:44:17
1141,35938,2023-08-31 11:28:37,Suspicious Amount Spike,True,2023-09-01 15:28:37
1142,35950,2023-08-31 14:09:27,Suspicious Amount Spike,True,2023-09-03 14:09:27
1143,35954,2023-08-31 15:54:06,Suspicious Amount Spike,True,2023-09-02 15:54:06
1144,35955,2023-08-31 16:04:00,Suspicious Amount Spike,True,2023-09-10 16:04:00
1145,36000,2023-09-01 01:19:51,Suspicious Amount Spike,True,2023-09-02 06:19:51
1146,36030,2023-09-01 13:39:07,Suspicious Amount Spike,True,2023-09-08 13:39:07
1147,36042,2023-09-01 15:33:10,Suspicious Amount Spike,True,2023-09-07 19:33:10
1148,36107,2023-09-02 13:01:13,Suspicious Amount Spike,True,2023-09-06 15:01:13
1149,36122,2023-09-02 18:51:43,Suspicious Amount Spike,True,2023-09-05 01:51:43
1150,36245,2023-09-04 12:56:49,Suspicious Amount Spike,True,2023-09-08 15:56:49
1151,36259,2023-09-04 16:33:22,Suspicious Amount Spike,True,2023-09-05 17:33:22
1152,36326,2023-09-05 14:40:19,Suspicious Amount Spike,True,2023-09-10 16:40:19
1153,36345,2023-09-05 19:56:39,Suspicious Amount Spike,True,2023-09-10 23:56:39
1154,36360,2023-09-05 23:08:38,Suspicious Amount Spike,True,2023-09-10 04:08:38
1155,36372,2023-09-06 03:45:27,Suspicious Amount Spike,True,2023-09-10 11:45:27
1156,36399,2023-09-06 13:37:36,Suspicious Amount Spike,True,2023-09-07 19:37:36
1157,36406,2023-09-06 15:43:06,Suspicious Amount Spike,True,2023-09-07 17:43:06
1158,36400,2023-09-06 15:45:13,Suspicious Amount Spike,True,2023-09-08 21:45:13
1159,36404,2023-09-06 15:57:39,Suspicious Amount Spike,True,2023-09-09 19:57:39
1160,36410,2023-09-06 18:42:46,Suspicious Amount Spike,True,2023-09-07 23:42:46
1161,36413,2023-09-06 19:12:41,Suspicious Amount Spike,True,2023-09-11 21:12:41
1162,36420,2023-09-06 21:37:56,Suspicious Amount Spike,True,2023-09-09 05:37:56
1163,36453,2023-09-07 09:30:20,Suspicious Amount Spike,True,2023-09-08 12:30:20
1164,36497,2023-09-07 19:35:12,Suspicious Amount Spike,True,2023-09-08 19:35:12
1165,36504,2023-09-07 21:56:58,Suspicious Amount Spike,True,2023-09-11 05:56:58
1166,36516,2023-09-07 22:37:00,Card-Not-Present Anomaly,True,2023-09-16 03:37:00
1167,36533,2023-09-08 02:08:45,Card-Not-Present Anomaly,True,2023-09-10 07:08:45
1168,36534,2023-09-08 08:03:54,Suspicious Amount Spike,True,2023-09-09 08:03:54
1169,36539,2023-09-08 09:37:38,Suspicious Amount Spike,True,2023-09-14 12:37:38
1170,36587,2023-09-08 19:22:58,Suspicious Amount Spike,True,2023-09-13 21:22:58
1171,36613,2023-09-08 21:25:16,Suspicious Amount Spike,True,2023-09-16 23:25:16
1172,36710,2023-09-10 12:51:28,Suspicious Amount Spike,True,2023-09-14 18:51:28
1173,36729,2023-09-10 15:47:38,Suspicious Amount Spike,True,2023-09-11 22:47:38
1174,36741,2023-09-10 20:58:35,Suspicious Amount Spike,True,2023-09-12 22:58:35
1175,36773,2023-09-11 13:01:21,Suspicious Amount Spike,True,2023-09-12 14:01:21
1176,36779,2023-09-11 13:50:02,Suspicious Amount Spike,True,2023-09-12 19:50:02
1177,36835,2023-09-12 00:01:38,Suspicious Amount Spike,True,2023-09-15 04:01:38
1178,36870,2023-09-12 15:06:12,Suspicious Amount Spike,True,2023-09-16 23:06:12
1179,36872,2023-09-12 17:14:11,Suspicious Amount Spike,True,2023-09-15 22:14:11
1180,36931,2023-09-13 14:24:34,Suspicious Amount Spike,True,2023-09-19 14:24:34
1181,36955,2023-09-13 18:19:21,Suspicious Amount Spike,True,2023-09-16 20:19:21
1182,36967,2023-09-13 20:16:33,Suspicious Amount Spike,True,2023-09-24 01:16:33
1183,36978,2023-09-13 20:26:06,Suspicious Amount Spike,True,2023-09-28 22:26:06
1184,36985,2023-09-13 23:35:00,Suspicious Amount Spike,True,2023-09-16 04:35:00
1185,36994,2023-09-13 23:48:56,Suspicious Amount Spike,True,2023-09-21 01:48:56
1186,36992,2023-09-14 00:19:45,Suspicious Amount Spike,True,2023-09-24 04:19:45
1187,36997,2023-09-14 09:23:13,Suspicious Amount Spike,True,2023-09-17 09:23:13
1188,37007,2023-09-14 14:27:29,Suspicious Amount Spike,True,2023-09-15 22:27:29
1189,37010,2023-09-14 15:22:14,Suspicious Amount Spike,True,2023-09-26 15:22:14
1190,37027,2023-09-14 18:04:07,Suspicious Amount Spike,True,2023-09-15 20:04:07
1191,37029,2023-09-14 19:27:33,Suspicious Amount Spike,True,2023-09-16 00:27:33
1192,37072,2023-09-15 13:40:33,Suspicious Amount Spike,True,2023-09-17 17:40:33
1193,37129,2023-09-15 21:29:29,Suspicious Amount Spike,True,2023-09-29 00:29:29
1194,37142,2023-09-16 00:28:04,Suspicious Amount Spike,True,2023-09-20 04:28:04
1195,37188,2023-09-16 16:24:20,Suspicious Amount Spike,True,2023-09-17 16:24:20
1196,37189,2023-09-16 18:39:09,Suspicious Amount Spike,True,2023-09-19 02:39:09
1197,37203,2023-09-16 21:09:16,Suspicious Amount Spike,True,2023-09-18 01:09:16
1198,37274,2023-09-17 22:45:09,Suspicious Amount Spike,True,2023-09-23 00:45:09
1199,37269,2023-09-17 22:52:22,Suspicious Amount Spike,True,2023-09-20 05:52:22
1200,37364,2023-09-19 13:22:50,Suspicious Amount Spike,True,2023-10-01 16:22:50
1201,37369,2023-09-19 14:34:19,Suspicious Amount Spike,True,2023-09-23 18:34:19
1202,37377,2023-09-19 17:12:29,Suspicious Amount Spike,True,2023-09-22 17:12:29
1203,37418,2023-09-20 11:59:08,Suspicious Amount Spike,True,2023-09-28 16:59:08
1204,37451,2023-09-20 18:06:34,Suspicious Amount Spike,True,2023-09-22 22:06:34
1205,37506,2023-09-21 14:58:39,Suspicious Amount Spike,True,2023-09-23 14:58:39
1206,37515,2023-09-21 16:54:37,Suspicious Amount Spike,True,2023-09-26 00:54:37
1207,37548,2023-09-21 21:06:27,Suspicious Amount Spike,True,2023-09-24 03:06:27
1208,37587,2023-09-22 12:43:54,Suspicious Amount Spike,True,2023-09-23 16:43:54
1209,37654,2023-09-23 11:05:29,Suspicious Amount Spike,True,2023-09-24 12:05:29
1210,37689,2023-09-23 20:34:31,Suspicious Amount Spike,True,2023-09-27 21:34:31
1211,37752,2023-09-24 16:41:09,Suspicious Amount Spike,True,2023-09-28 21:41:09
1212,37751,2023-09-24 16:57:31,Suspicious Amount Spike,True,2023-09-30 18:57:31
1213,37756,2023-09-24 18:30:31,Suspicious Amount Spike,True,2023-10-07 00:30:31
1214,37780,2023-09-25 00:05:03,Suspicious Amount Spike,True,2023-09-26 06:05:03
1215,37797,2023-09-25 15:06:15,Suspicious Amount Spike,True,2023-10-01 16:06:15
1216,37813,2023-09-25 19:24:46,Suspicious Amount Spike,True,2023-09-26 22:24:46
1217,37855,2023-09-26 10:50:30,Suspicious Amount Spike,True,2023-09-28 16:50:30
1218,37883,2023-09-26 16:28:52,Suspicious Amount Spike,True,2023-10-09 19:28:52
1219,37882,2023-09-26 17:18:40,Suspicious Amount Spike,True,2023-09-30 22:18:40
1220,37898,2023-09-26 19:58:54,Suspicious Amount Spike,True,2023-10-11 23:58:54
1221,37974,2023-09-27 19:56:34,Suspicious Amount Spike,True,2023-10-09 21:56:34
1222,37972,2023-09-27 20:22:56,Suspicious Amount Spike,True,2023-09-30 01:22:56
1223,37995,2023-09-28 09:59:39,Suspicious Amount Spike,True,2023-10-04 14:59:39
1224,38010,2023-09-28 12:51:51,Suspicious Amount Spike,True,2023-09-29 13:51:51
1225,38002,2023-09-28 12:59:10,Suspicious Amount Spike,True,2023-09-29 15:59:10
1226,38075,2023-09-29 12:37:45,Suspicious Amount Spike,True,2023-10-02 16:37:45
1227,38135,2023-09-30 02:12:36,Suspicious Amount Spike,True,2023-10-10 06:12:36
1228,38158,2023-09-30 12:37:29,Suspicious Amount Spike,True,2023-10-05 13:37:29
1229,38190,2023-09-30 20:42:38,Suspicious Amount Spike,True,2023-10-03 02:42:38
1230,38201,2023-09-30 21:28:10,Suspicious Amount Spike,True,2023-10-12 01:28:10
1231,38214,2023-09-30 23:43:08,Suspicious Amount Spike,True,2023-10-11 07:43:08
1232,38220,2023-10-01 01:23:15,Suspicious Amount Spike,True,2023-10-07 01:23:15
1233,38234,2023-10-01 10:10:42,Suspicious Amount Spike,True,2023-10-02 18:10:42
1234,38251,2023-10-01 14:45:05,Suspicious Amount Spike,True,2023-10-12 15:45:05
1235,38271,2023-10-01 18:36:21,Suspicious Amount Spike,True,2023-10-05 20:36:21
1236,38272,2023-10-01 21:03:07,Suspicious Amount Spike,True,2023-10-04 23:03:07
1237,38323,2023-10-02 17:19:46,Suspicious Amount Spike,True,2023-10-05 23:19:46
1238,38336,2023-10-02 21:14:27,Suspicious Amount Spike,True,2023-10-03 21:14:27
1239,38347,2023-10-02 22:57:06,Suspicious Amount Spike,True,2023-10-04 23:57:06
1240,38380,2023-10-03 13:30:00,Suspicious Amount Spike,True,2023-10-04 18:30:00
1241,38391,2023-10-03 15:22:47,Suspicious Amount Spike,True,2023-10-11 19:22:47
1242,38404,2023-10-03 21:08:07,Suspicious Amount Spike,True,2023-10-05 00:08:07
1243,38415,2023-10-03 22:10:39,Suspicious Amount Spike,True,2023-10-08 01:10:39
1244,38422,2023-10-03 22:47:51,Suspicious Amount Spike,True,2023-10-05 06:47:51
1245,38437,2023-10-04 10:53:29,Suspicious Amount Spike,True,2023-10-05 12:53:29
1246,38477,2023-10-04 18:36:26,Suspicious Amount Spike,True,2023-10-06 00:36:26
1247,38479,2023-10-04 19:18:03,Suspicious Amount Spike,True,2023-10-08 03:18:03
1248,38557,2023-10-05 15:47:30,Suspicious Amount Spike,True,2023-10-08 22:47:30
1249,38587,2023-10-05 21:42:15,Suspicious Amount Spike,True,2023-10-14 00:42:15
1250,38628,2023-10-06 14:35:53,Suspicious Amount Spike,True,2023-10-09 17:35:53
1251,38715,2023-10-07 14:46:40,Suspicious Amount Spike,True,2023-10-10 22:46:40
1252,38725,2023-10-07 16:46:19,Suspicious Amount Spike,True,2023-10-08 17:46:19
1253,38790,2023-10-08 17:07:57,Suspicious Amount Spike,True,2023-10-11 23:07:57
1254,38832,2023-10-09 10:29:00,Suspicious Amount Spike,True,2023-10-14 12:29:00
1255,38830,2023-10-09 11:14:50,Suspicious Amount Spike,True,2023-10-14 17:14:50
1256,38840,2023-10-09 13:47:09,Suspicious Amount Spike,True,2023-10-19 21:47:09
1257,38920,2023-10-10 13:53:45,Suspicious Amount Spike,True,2023-10-12 13:53:45
1258,38931,2023-10-10 15:02:26,Suspicious Amount Spike,True,2023-10-11 16:02:26
1259,38992,2023-10-11 01:17:32,Suspicious Amount Spike,True,2023-10-14 01:17:32
1260,39020,2023-10-11 12:34:58,Suspicious Amount Spike,True,2023-10-13 20:34:58
1261,39017,2023-10-11 12:44:04,Suspicious Amount Spike,True,2023-10-13 20:44:04
1262,39042,2023-10-11 18:40:30,Suspicious Amount Spike,True,2023-10-12 22:40:30
1263,39120,2023-10-12 21:31:28,Suspicious Amount Spike,True,2023-10-20 04:31:28
1264,39140,2023-10-13 06:02:14,Suspicious Amount Spike,True,2023-10-16 09:02:14
1265,39149,2023-10-13 11:10:39,Suspicious Amount Spike,True,2023-10-14 19:10:39
1266,39167,2023-10-13 13:28:50,Suspicious Amount Spike,True,2023-10-14 17:28:50
1267,39211,2023-10-13 21:24:26,Suspicious Amount Spike,True,2023-10-19 03:24:26
1268,39210,2023-10-13 21:34:22,Suspicious Amount Spike,True,2023-10-14 23:34:22
1269,39246,2023-10-14 11:06:21,Suspicious Amount Spike,True,2023-10-15 18:06:21
1270,39264,2023-10-14 15:28:52,Suspicious Amount Spike,True,2023-10-17 22:28:52
1271,39459,2023-10-16 21:51:58,Suspicious Amount Spike,True,2023-10-19 23:51:58
1272,39465,2023-10-16 23:32:34,Suspicious Amount Spike,True,2023-10-21 23:32:34
1273,39482,2023-10-17 10:53:06,Suspicious Amount Spike,True,2023-10-18 16:53:06
1274,39478,2023-10-17 12:17:26,Suspicious Amount Spike,True,2023-10-22 20:17:26
1275,39499,2023-10-17 17:15:07,Suspicious Amount Spike,True,2023-10-22 17:15:07
1276,39517,2023-10-17 20:01:20,Suspicious Amount Spike,True,2023-10-19 21:01:20
1277,39557,2023-10-18 14:57:36,Suspicious Amount Spike,True,2023-10-25 19:57:36
1278,39588,2023-10-18 22:07:43,Suspicious Amount Spike,True,2023-10-19 23:07:43
1279,39601,2023-10-18 22:48:06,Suspicious Amount Spike,True,2023-10-23 02:48:06
1280,39646,2023-10-19 16:10:30,Suspicious Amount Spike,True,2023-10-23 20:10:30
1281,39682,2023-10-19 22:07:57,Suspicious Amount Spike,True,2023-10-21 23:07:57
1282,39755,2023-10-20 22:52:52,Suspicious Amount Spike,True,2023-10-24 03:52:52
1283,39786,2023-10-21 10:19:39,Suspicious Amount Spike,True,2023-10-25 18:19:39
1284,39790,2023-10-21 13:12:17,Suspicious Amount Spike,True,2023-10-23 16:12:17
1285,39851,2023-10-22 01:25:48,Suspicious Amount Spike,True,2023-10-23 06:25:48
1286,39908,2023-10-23 00:06:06,Suspicious Amount Spike,True,2023-10-24 00:06:06
1287,39914,2023-10-23 10:39:31,Suspicious Amount Spike,True,2023-10-24 10:39:31
1288,39954,2023-10-23 16:31:56,Suspicious Amount Spike,True,2023-10-25 22:31:56
1289,39956,2023-10-23 17:01:23,Suspicious Amount Spike,True,2023-10-24 22:01:23
1290,39997,2023-10-24 03:20:48,Suspicious Amount Spike,True,2023-10-25 06:20:48
1291,40019,2023-10-24 14:55:06,Suspicious Amount Spike,True,2023-11-02 19:55:06
1292,40043,2023-10-24 20:15:20,Suspicious Amount Spike,True,2023-10-27 20:15:20
1293,40062,2023-10-25 10:23:49,Suspicious Amount Spike,True,2023-10-29 14:23:49
1294,40071,2023-10-25 12:30:01,Suspicious Amount Spike,True,2023-10-29 14:30:01
1295,40153,2023-10-26 14:11:39,Suspicious Amount Spike,True,2023-11-01 21:11:39
1296,40162,2023-10-26 17:37:24,Suspicious Amount Spike,True,2023-10-29 17:37:24
1297,40174,2023-10-26 18:35:49,Suspicious Amount Spike,True,2023-10-29 19:35:49
1298,40179,2023-10-26 21:48:48,Suspicious Amount Spike,True,2023-10-27 21:48:48
1299,40289,2023-10-28 11:00:06,Suspicious Amount Spike,True,2023-10-30 18:00:06
1300,40283,2023-10-28 11:52:55,Suspicious Amount Spike,True,2023-11-03 12:52:55
1301,40330,2023-10-28 22:03:12,Suspicious Amount Spike,True,2023-10-31 01:03:12
1302,40453,2023-10-30 16:06:10,Suspicious Amount Spike,True,2023-10-31 21:06:10
1303,40450,2023-10-30 16:41:16,Suspicious Amount Spike,True,2023-11-01 19:41:16
1304,40573,2023-11-01 02:34:56,Suspicious Amount Spike,True,2023-11-09 09:34:56
1305,40623,2023-11-01 18:24:39,Suspicious Amount Spike,True,2023-11-03 21:24:39
1306,40636,2023-11-01 22:08:51,Suspicious Amount Spike,True,2023-11-04 05:08:51
1307,40659,2023-11-02 03:26:30,Suspicious Amount Spike,True,2023-11-04 06:26:30
1308,40683,2023-11-02 13:24:24,Suspicious Amount Spike,True,2023-11-05 19:24:24
1309,40699,2023-11-02 15:29:48,Suspicious Amount Spike,True,2023-11-04 23:29:48
1310,40736,2023-11-02 20:42:10,Suspicious Amount Spike,True,2023-11-05 03:42:10
1311,40739,2023-11-02 22:15:31,Suspicious Amount Spike,True,2023-11-04 02:15:31
1312,40764,2023-11-03 12:56:55,Suspicious Amount Spike,True,2023-11-04 20:56:55
1313,40782,2023-11-03 17:01:28,Suspicious Amount Spike,True,2023-11-15 20:01:28
1314,40798,2023-11-03 20:08:30,Suspicious Amount Spike,True,2023-11-06 04:08:30
1315,40827,2023-11-04 00:17:05,Suspicious Amount Spike,True,2023-11-05 00:17:05
1316,40888,2023-11-04 17:07:06,Suspicious Amount Spike,True,2023-11-06 19:07:06
1317,40922,2023-11-04 23:55:50,Suspicious Amount Spike,True,2023-11-20 05:55:50
1318,40949,2023-11-05 14:13:21,Suspicious Amount Spike,True,2023-11-07 14:13:21
1319,40978,2023-11-05 18:24:37,Suspicious Amount Spike,True,2023-11-08 23:24:37
1320,41084,2023-11-06 22:42:23,Suspicious Amount Spike,True,2023-11-10 23:42:23
1321,41090,2023-11-07 07:23:38,Suspicious Amount Spike,True,2023-11-15 15:23:38
1322,41103,2023-11-07 12:47:01,Suspicious Amount Spike,True,2023-11-22 12:47:01
1323,41120,2023-11-07 14:22:17,Suspicious Amount Spike,True,2023-11-08 17:22:17
1324,41143,2023-11-07 20:25:49,Suspicious Amount Spike,True,2023-11-10 00:25:49
1325,41168,2023-11-07 23:01:06,Suspicious Amount Spike,True,2023-11-11 03:01:06
1326,41175,2023-11-08 01:22:27,Suspicious Amount Spike,True,2023-11-10 07:22:27
1327,41185,2023-11-08 08:13:10,Suspicious Amount Spike,True,2023-11-10 09:13:10
1328,41181,2023-11-08 09:33:04,Suspicious Amount Spike,True,2023-11-18 16:33:04
1329,41186,2023-11-08 11:20:50,Suspicious Amount Spike,False,
1330,41222,2023-11-08 14:30:57,Suspicious Amount Spike,True,2023-11-09 16:30:57
1331,41258,2023-11-08 21:50:05,Suspicious Amount Spike,True,2023-11-17 23:50:05
1332,41272,2023-11-08 23:46:39,Suspicious Amount Spike,True,2023-11-10 02:46:39
1333,41318,2023-11-09 15:37:49,Suspicious Amount Spike,True,2023-11-13 15:37:49
1334,41346,2023-11-09 22:28:04,Suspicious Amount Spike,True,2023-11-25 04:28:04
1335,41368,2023-11-10 08:45:10,Suspicious Amount Spike,True,2023-11-12 11:45:10
1336,41418,2023-11-10 17:51:31,Suspicious Amount Spike,True,2023-11-14 22:51:31
1337,41442,2023-11-10 21:03:03,Suspicious Amount Spike,True,2023-11-13 02:03:03
1338,41457,2023-11-11 00:22:18,Suspicious Amount Spike,True,2023-11-15 05:22:18
1339,41459,2023-11-11 03:40:32,Suspicious Amount Spike,True,2023-11-14 04:40:32
1340,41496,2023-11-11 15:18:32,Suspicious Amount Spike,True,2023-11-16 22:18:32
1341,41491,2023-11-11 17:02:19,Suspicious Amount Spike,True,2023-11-13 01:02:19
1342,41506,2023-11-11 20:39:19,Suspicious Amount Spike,True,2023-11-13 23:39:19
1343,41518,2023-11-11 21:29:00,Suspicious Amount Spike,True,2023-11-13 01:29:00
1344,41563,2023-11-12 12:15:07,Suspicious Amount Spike,True,2023-11-17 15:15:07
1345,41571,2023-11-12 15:31:50,Suspicious Amount Spike,True,2023-11-14 20:31:50
1346,41596,2023-11-12 20:23:03,Suspicious Amount Spike,True,2023-11-14 04:23:03
1347,41635,2023-11-13 12:27:59,Suspicious Amount Spike,True,2023-11-18 20:27:59
1348,41641,2023-11-13 12:28:21,Suspicious Amount Spike,True,2023-11-16 12:28:21
1349,41637,2023-11-13 13:30:21,Suspicious Amount Spike,True,2023-11-17 18:30:21
1350,41649,2023-11-13 14:36:13,Suspicious Amount Spike,True,2023-11-17 20:36:13
1351,41668,2023-11-13 20:31:48,Suspicious Amount Spike,True,2023-11-19 01:31:48
1352,41705,2023-11-13 22:04:39,Suspicious Amount Spike,True,2023-11-19 22:04:39
1353,41699,2023-11-13 22:35:33,Suspicious Amount Spike,True,2023-11-18 03:35:33
1354,41711,2023-11-14 00:56:04,Suspicious Amount Spike,True,2023-11-15 08:56:04
1355,41709,2023-11-14 01:30:40,Suspicious Amount Spike,True,2023-11-17 08:30:40
1356,41712,2023-11-14 03:57:16,Suspicious Amount Spike,True,2023-11-21 06:57:16
1357,41729,2023-11-14 11:40:32,Suspicious Amount Spike,True,2023-11-18 15:40:32
1358,41794,2023-11-15 00:21:33,Suspicious Amount Spike,True,2023-11-16 02:21:33
1359,41804,2023-11-15 10:40:30,Suspicious Amount Spike,True,2023-11-16 16:40:30
1360,41807,2023-11-15 13:20:40,Suspicious Amount Spike,False,
1361,41826,2023-11-15 16:08:21,Suspicious Amount Spike,True,2023-11-19 16:08:21
1362,41868,2023-11-15 23:40:01,Suspicious Amount Spike,True,2023-11-21 04:40:01
1363,41872,2023-11-16 00:37:57,Suspicious Amount Spike,True,2023-11-19 04:37:57
1364,41896,2023-11-16 13:58:39,Suspicious Amount Spike,True,2023-11-18 16:58:39
1365,41910,2023-11-16 15:45:59,Suspicious Amount Spike,True,2023-11-17 20:45:59
1366,41914,2023-11-16 17:04:32,Suspicious Amount Spike,True,2023-11-26 18:04:32
1367,41966,2023-11-17 03:15:07,Suspicious Amount Spike,True,2023-11-21 04:15:07
1368,42016,2023-11-17 16:57:36,Suspicious Amount Spike,True,2023-11-21 17:57:36
1369,42025,2023-11-17 18:46:35,Suspicious Amount Spike,True,2023-11-20 00:46:35
1370,42051,2023-11-17 21:43:14,Suspicious Amount Spike,True,2023-11-25 22:43:14
1371,42070,2023-11-18 11:47:31,Suspicious Amount Spike,True,2023-11-20 18:47:31
1372,42074,2023-11-18 13:38:48,Suspicious Amount Spike,True,2023-11-19 13:38:48
1373,42107,2023-11-18 16:42:46,Suspicious Amount Spike,True,2023-11-21 00:42:46
1374,42129,2023-11-18 19:59:21,Suspicious Amount Spike,True,2023-11-20 01:59:21
1375,42162,2023-11-19 15:03:12,Suspicious Amount Spike,True,2023-11-20 15:03:12
1376,42197,2023-11-19 21:03:18,Suspicious Amount Spike,True,2023-11-25 21:03:18
1377,42224,2023-11-20 11:20:49,Suspicious Amount Spike,True,2023-11-21 14:20:49
1378,42225,2023-11-20 12:25:58,Suspicious Amount Spike,True,2023-11-24 14:25:58
1379,42223,2023-11-20 13:14:44,Suspicious Amount Spike,True,2023-11-22 18:14:44
1380,42317,2023-11-21 16:34:35,Suspicious Amount Spike,True,2023-11-25 16:34:35
1381,42349,2023-11-21 19:34:58,Suspicious Amount Spike,True,2023-11-23 03:34:58
1382,42381,2023-11-22 01:01:29,Suspicious Amount Spike,True,2023-11-24 04:01:29
1383,42389,2023-11-22 09:03:50,Suspicious Amount Spike,True,2023-11-23 14:03:50
1384,42401,2023-11-22 11:23:09,Suspicious Amount Spike,True,2023-11-23 14:23:09
1385,42481,2023-11-23 09:47:15,Suspicious Amount Spike,True,2023-11-24 12:47:15
1386,42590,2023-11-24 01:47:01,Suspicious Amount Spike,True,2023-11-25 06:47:01
1387,42604,2023-11-24 11:21:19,Suspicious Amount Spike,True,2023-11-25 19:21:19
1388,42639,2023-11-24 14:31:40,Suspicious Amount Spike,True,2023-11-29 19:31:40
1389,42648,2023-11-24 17:02:38,Suspicious Amount Spike,True,2023-11-26 01:02:38
1390,42652,2023-11-24 17:32:38,Suspicious Amount Spike,True,2023-11-28 17:32:38
1391,42654,2023-11-24 18:27:22,Suspicious Amount Spike,True,2023-11-28 23:27:22
1392,42673,2023-11-24 20:00:22,Suspicious Amount Spike,True,2023-11-26 23:00:22
1393,42756,2023-11-25 18:21:11,Suspicious Amount Spike,True,2023-11-27 22:21:11
1394,42813,2023-11-26 15:46:30,Suspicious Amount Spike,True,2023-11-27 23:46:30
1395,42939,2023-11-28 04:20:48,Suspicious Amount Spike,True,2023-12-01 07:20:48
1396,42945,2023-11-28 11:26:41,Suspicious Amount Spike,True,2023-12-02 17:26:41
1397,42998,2023-11-28 17:53:02,Suspicious Amount Spike,True,2023-11-30 01:53:02
1398,43008,2023-11-28 19:50:00,Suspicious Amount Spike,True,2023-11-29 21:50:00
1399,43035,2023-11-29 02:05:24,Suspicious Amount Spike,True,2023-11-30 04:05:24
1400,43057,2023-11-29 11:29:53,Suspicious Amount Spike,True,2023-12-03 17:29:53
1401,43064,2023-11-29 12:24:27,Card-Not-Present Anomaly,True,2023-11-30 12:24:27
1402,43073,2023-11-29 16:35:31,Suspicious Amount Spike,True,2023-12-01 17:35:31
1403,43143,2023-11-30 13:06:55,Suspicious Amount Spike,True,2023-12-03 15:06:55
1404,43178,2023-11-30 17:14:28,Suspicious Amount Spike,True,2023-12-19 17:14:28
1405,43190,2023-11-30 20:41:32,Suspicious Amount Spike,True,2023-12-03 22:41:32
1406,43217,2023-12-01 10:00:23,Suspicious Amount Spike,True,2023-12-02 15:00:23
1407,43353,2023-12-02 12:54:03,Suspicious Amount Spike,True,2023-12-04 20:54:03
1408,43496,2023-12-03 21:40:55,Suspicious Amount Spike,True,2023-12-05 01:40:55
1409,43549,2023-12-04 14:46:50,Suspicious Amount Spike,True,2023-12-11 16:46:50
1410,43591,2023-12-04 18:27:26,Suspicious Amount Spike,True,2023-12-09 00:27:26
1411,43630,2023-12-05 02:33:53,Card-Not-Present Anomaly,True,2023-12-16 04:33:53
1412,43712,2023-12-05 21:38:42,Suspicious Amount Spike,True,2023-12-08 02:38:42
1413,43730,2023-12-05 23:39:47,Suspicious Amount Spike,True,2023-12-09 02:39:47
1414,43744,2023-12-06 01:59:47,Suspicious Amount Spike,True,2023-12-07 08:59:47
1415,43751,2023-12-06 09:59:03,Suspicious Amount Spike,True,2023-12-10 13:59:03
1416,43754,2023-12-06 10:01:30,Suspicious Amount Spike,True,2023-12-13 13:01:30
1417,43757,2023-12-06 11:22:45,Suspicious Amount Spike,True,2023-12-14 11:22:45
1418,43841,2023-12-07 08:45:01,Suspicious Amount Spike,True,2023-12-10 09:45:01
1419,43868,2023-12-07 13:41:40,Suspicious Amount Spike,True,2023-12-15 15:41:40
1420,43890,2023-12-07 19:06:39,Suspicious Amount Spike,True,2023-12-08 22:06:39
1421,43968,2023-12-08 11:29:44,Suspicious Amount Spike,True,2023-12-23 19:29:44
1422,43963,2023-12-08 13:34:46,Suspicious Amount Spike,True,2023-12-12 21:34:46
1423,43999,2023-12-08 15:37:48,Suspicious Amount Spike,True,2023-12-14 20:37:48
1424,44007,2023-12-08 17:35:52,Suspicious Amount Spike,True,2023-12-10 18:35:52
1425,44025,2023-12-08 20:32:24,Suspicious Amount Spike,True,2023-12-09 23:32:24
1426,44036,2023-12-08 23:55:38,Suspicious Amount Spike,True,2023-12-12 01:55:38
1427,44035,2023-12-09 00:04:10,Suspicious Amount Spike,True,2023-12-10 02:04:10
1428,44049,2023-12-09 07:09:49,Suspicious Amount Spike,True,2023-12-10 12:09:49
1429,44067,2023-12-09 13:43:30,Suspicious Amount Spike,True,2023-12-10 15:43:30
1430,44091,2023-12-09 15:44:20,Suspicious Amount Spike,True,2023-12-17 21:44:20
1431,44128,2023-12-09 17:43:19,Suspicious Amount Spike,True,2023-12-12 17:43:19
1432,44114,2023-12-09 17:45:08,Suspicious Amount Spike,True,2023-12-11 23:45:08
1433,44116,2023-12-09 17:56:08,Suspicious Amount Spike,True,2023-12-11 19:56:08
1434,44138,2023-12-09 19:43:34,Suspicious Amount Spike,True,2023-12-13 20:43:34
1435,44146,2023-12-09 21:29:15,Suspicious Amount Spike,True,2023-12-19 04:29:15
1436,44181,2023-12-10 09:14:33,Suspicious Amount Spike,False,
1437,44263,2023-12-11 01:23:05,Suspicious Amount Spike,True,2023-12-12 09:23:05
1438,44300,2023-12-11 14:53:31,Suspicious Amount Spike,True,2023-12-14 22:53:31
1439,44319,2023-12-11 15:27:53,Suspicious Amount Spike,True,2023-12-14 23:27:53
1440,44324,2023-12-11 17:02:17,Suspicious Amount Spike,True,2023-12-19 19:02:17
1441,44374,2023-12-12 00:14:13,Suspicious Amount Spike,True,2023-12-17 03:14:13
1442,44388,2023-12-12 09:58:44,Suspicious Amount Spike,True,2023-12-14 17:58:44
1443,44447,2023-12-12 18:44:45,Suspicious Amount Spike,True,2023-12-16 01:44:45
1444,44479,2023-12-13 06:11:23,Suspicious Amount Spike,False,
1445,44543,2023-12-13 19:25:14,Suspicious Amount Spike,True,2023-12-16 02:25:14
1446,44606,2023-12-14 13:54:53,Suspicious Amount Spike,True,2023-12-18 17:54:53
1447,44598,2023-12-14 14:43:18,Suspicious Amount Spike,True,2023-12-20 16:43:18
1448,44613,2023-12-14 15:49:22,Suspicious Amount Spike,True,2023-12-15 21:49:22
1449,44627,2023-12-14 17:01:16,Suspicious Amount Spike,True,2023-12-17 17:01:16
1450,44642,2023-12-14 19:00:14,Suspicious Amount Spike,True,2023-12-15 23:00:14
1451,44643,2023-12-14 20:24:19,Suspicious Amount Spike,True,2023-12-15 23:24:19
1452,44669,2023-12-14 22:27:35,Suspicious Amount Spike,True,2023-12-18 22:27:35
1453,44762,2023-12-15 19:28:59,Suspicious Amount Spike,False,
1454,44769,2023-12-15 22:53:54,Suspicious Amount Spike,True,2023-12-18 00:53:54
1455,44778,2023-12-15 23:58:50,Suspicious Amount Spike,True,2023-12-24 03:58:50
1456,44794,2023-12-16 02:11:01,Suspicious Amount Spike,True,2023-12-17 10:11:01
1457,44795,2023-12-16 05:25:49,Suspicious Amount Spike,True,2023-12-18 12:25:49
1458,44863,2023-12-16 21:19:17,Suspicious Amount Spike,True,2023-12-17 21:19:17
1459,44876,2023-12-16 21:27:49,Suspicious Amount Spike,True,2023-12-23 23:27:49
1460,44903,2023-12-17 13:19:50,Suspicious Amount Spike,True,2023-12-20 13:19:50
1461,44958,2023-12-17 21:35:26,Suspicious Amount Spike,True,2023-12-21 21:35:26
1462,44984,2023-12-18 11:02:00,Suspicious Amount Spike,True,2023-12-26 17:02:00
1463,45018,2023-12-18 17:08:07,Suspicious Amount Spike,True,2023-12-19 23:08:07
1464,45052,2023-12-18 20:03:58,Card-Not-Present Anomaly,True,2023-12-23 00:03:58
1465,45132,2023-12-19 16:46:08,Suspicious Amount Spike,True,2023-12-22 19:46:08
1466,45124,2023-12-19 17:14:36,Suspicious Amount Spike,True,2023-12-22 00:14:36
1467,45188,2023-12-20 05:19:04,Suspicious Amount Spike,True,2023-12-26 11:19:04
1468,45196,2023-12-20 11:40:18,Suspicious Amount Spike,True,2023-12-21 16:40:18
1469,45225,2023-12-20 14:16:47,Suspicious Amount Spike,True,2023-12-25 16:16:47
1470,45433,2023-12-22 10:53:18,Suspicious Amount Spike,True,2023-12-23 14:53:18
1471,45444,2023-12-22 11:34:19,Suspicious Amount Spike,True,2023-12-25 14:34:19
1472,45592,2023-12-23 14:02:46,Suspicious Amount Spike,False,
1473,45649,2023-12-23 21:09:49,Suspicious Amount Spike,True,2023-12-27 05:09:49
1474,45674,2023-12-24 11:08:53,Suspicious Amount Spike,True,2023-12-25 12:08:53
1475,45727,2023-12-24 19:51:35,Suspicious Amount Spike,True,2023-12-28 21:51:35
1476,45801,2023-12-25 17:00:31,Suspicious Amount Spike,True,2023-12-30 18:00:31
1477,45847,2023-12-26 01:28:34,Suspicious Amount Spike,True,2023-12-27 02:28:34
1478,45906,2023-12-26 17:43:19,Suspicious Amount Spike,True,2023-12-30 19:43:19
1479,45930,2023-12-26 20:34:36,Suspicious Amount Spike,True,2023-12-30 23:34:36
1480,45942,2023-12-26 22:28:59,Suspicious Amount Spike,True,2023-12-31 00:28:59
1481,45957,2023-12-27 10:40:24,Suspicious Amount Spike,True,2024-01-01 16:40:24
1482,45975,2023-12-27 14:38:20,Suspicious Amount Spike,True,2023-12-28 19:38:20
1483,46026,2023-12-27 19:06:05,Suspicious Amount Spike,True,2024-01-02 21:06:05
1484,46103,2023-12-28 14:09:35,Suspicious Amount Spike,True,2024-01-01 21:09:35
1485,46125,2023-12-28 16:14:23,Suspicious Amount Spike,True,2024-01-02 20:14:23
1486,46117,2023-12-28 17:46:20,Suspicious Amount Spike,True,2024-01-09 01:46:20
1487,46132,2023-12-28 18:42:28,Suspicious Amount Spike,True,2024-01-01 20:42:28
1488,46166,2023-12-28 23:08:44,Suspicious Amount Spike,True,2024-01-04 05:08:44
1489,46240,2023-12-29 17:37:03,Suspicious Amount Spike,False,
1490,46291,2023-12-29 23:53:58,Suspicious Amount Spike,True,2024-01-02 23:53:58
1491,46298,2023-12-30 02:56:47,Suspicious Amount Spike,True,2024-01-01 04:56:47
1492,46373,2023-12-30 20:46:02,Suspicious Amount Spike,True,2024-01-02 22:46:02
1493,46409,2023-12-31 04:59:56,Suspicious Amount Spike,True,2024-01-01 12:59:56
1494,46535,2024-01-01 16:31:10,Suspicious Amount Spike,True,2024-01-05 19:31:10
1495,46640,2024-01-03 09:36:30,Suspicious Amount Spike,False,
1496,46658,2024-01-03 15:33:01,Suspicious Amount Spike,True,2024-01-04 16:33:01
1497,46685,2024-01-03 21:10:01,Suspicious Amount Spike,True,2024-01-11 01:10:01
1498,46722,2024-01-04 14:03:07,Suspicious Amount Spike,True,2024-01-10 20:03:07
1499,46797,2024-01-05 12:28:24,Suspicious Amount Spike,True,2024-01-14 16:28:24
1500,46808,2024-01-05 15:58:59,Suspicious Amount Spike,True,2024-01-07 17:58:59
1501,46838,2024-01-05 19:56:07,Suspicious Amount Spike,True,2024-01-07 21:56:07
1502,46849,2024-01-05 22:21:51,Suspicious Amount Spike,True,2024-01-07 22:21:51
1503,46868,2024-01-06 12:43:03,Suspicious Amount Spike,True,2024-01-18 13:43:03
1504,46956,2024-01-07 12:04:58,Suspicious Amount Spike,True,2024-01-14 19:04:58
1505,46977,2024-01-07 15:21:24,Suspicious Amount Spike,True,2024-01-10 18:21:24
1506,47006,2024-01-08 00:21:35,Suspicious Amount Spike,True,2024-01-11 00:21:35
1507,47012,2024-01-08 09:25:57,Suspicious Amount Spike,True,2024-01-18 11:25:57
1508,47207,2024-01-10 20:09:18,Suspicious Amount Spike,True,2024-01-14 21:09:18
1509,47250,2024-01-11 14:15:42,Suspicious Amount Spike,True,2024-01-12 14:15:42
1510,47332,2024-01-12 15:30:57,Suspicious Amount Spike,True,2024-01-14 18:30:57
1511,47387,2024-01-13 13:26:32,Suspicious Amount Spike,True,2024-01-14 19:26:32
1512,47418,2024-01-13 18:40:40,Suspicious Amount Spike,True,2024-01-14 22:40:40
1513,47476,2024-01-14 17:25:05,Suspicious Amount Spike,True,2024-01-18 23:25:05
1514,47499,2024-01-14 23:17:02,Suspicious Amount Spike,True,2024-01-24 07:17:02
1515,47503,2024-01-15 00:06:28,Suspicious Amount Spike,True,2024-01-16 00:06:28
1516,47525,2024-01-15 11:07:05,Suspicious Amount Spike,True,2024-01-17 12:07:05
1517,47518,2024-01-15 11:08:07,Suspicious Amount Spike,True,2024-01-16 12:08:07
1518,47576,2024-01-15 23:09:31,Suspicious Amount Spike,True,2024-01-22 23:09:31
1519,47589,2024-01-16 09:12:42,Suspicious Amount Spike,True,2024-01-19 15:12:42
1520,47625,2024-01-16 19:03:04,Suspicious Amount Spike,True,2024-01-18 23:03:04
1521,47650,2024-01-17 04:32:21,Suspicious Amount Spike,True,2024-01-19 10:32:21
1522,47687,2024-01-17 18:51:15,Suspicious Amount Spike,True,2024-01-21 02:51:15
1523,47683,2024-01-17 19:15:46,Suspicious Amount Spike,True,2024-01-19 19:15:46
1524,47694,2024-01-17 20:30:20,Suspicious Amount Spike,True,2024-01-26 00:30:20
1525,47685,2024-01-17 20:33:39,Suspicious Amount Spike,True,2024-01-20 21:33:39
1526,47714,2024-01-18 01:37:39,Suspicious Amount Spike,True,2024-01-20 02:37:39
1527,47778,2024-01-18 21:26:55,Suspicious Amount Spike,True,2024-01-21 05:26:55
1528,47794,2024-01-19 01:32:42,Suspicious Amount Spike,True,2024-01-21 05:32:42
1529,47796,2024-01-19 04:37:56,Suspicious Amount Spike,True,2024-01-20 04:37:56
1530,47798,2024-01-19 09:20:18,Suspicious Amount Spike,True,2024-01-20 10:20:18
1531,47820,2024-01-19 15:54:34,Suspicious Amount Spike,True,2024-01-22 15:54:34
1532,47871,2024-01-20 10:21:09,Suspicious Amount Spike,True,2024-01-28 15:21:09
1533,47878,2024-01-20 11:54:00,Suspicious Amount Spike,True,2024-01-21 14:54:00
1534,47892,2024-01-20 15:29:26,Suspicious Amount Spike,True,2024-01-25 17:29:26
1535,48003,2024-01-21 20:49:23,Suspicious Amount Spike,True,2024-01-23 01:49:23
1536,48030,2024-01-22 12:10:03,Suspicious Amount Spike,True,2024-01-23 15:10:03
1537,48064,2024-01-22 18:51:23,Suspicious Amount Spike,True,2024-01-24 00:51:23
1538,48179,2024-01-24 01:59:17,Suspicious Amount Spike,True,2024-01-25 01:59:17
1539,48212,2024-01-24 16:11:15,Suspicious Amount Spike,True,2024-01-26 21:11:15
1540,48213,2024-01-24 16:55:55,Suspicious Amount Spike,False,
1541,48330,2024-01-26 00:12:14,Suspicious Amount Spike,True,2024-01-27 00:12:14
1542,48333,2024-01-26 02:17:29,Suspicious Amount Spike,True,2024-01-27 08:17:29
1543,48332,2024-01-26 02:22:11,Suspicious Amount Spike,True,2024-01-27 03:22:11
1544,48389,2024-01-26 20:17:01,Suspicious Amount Spike,True,2024-02-02 02:17:01
1545,48444,2024-01-27 16:08:34,Suspicious Amount Spike,True,2024-02-02 17:08:34
1546,48478,2024-01-27 21:29:32,Suspicious Amount Spike,True,2024-01-29 23:29:32
1547,48513,2024-01-28 17:38:23,Suspicious Amount Spike,True,2024-02-01 20:38:23
1548,48536,2024-01-28 21:24:53,Suspicious Amount Spike,True,2024-01-29 21:24:53
1549,48642,2024-01-30 15:36:12,Suspicious Amount Spike,False,
1550,48674,2024-01-31 00:35:12,Suspicious Amount Spike,True,2024-02-08 03:35:12
1551,48751,2024-02-01 09:33:30,Card-Not-Present Anomaly,True,2024-02-13 11:33:30
1552,48752,2024-02-01 09:41:16,Suspicious Amount Spike,True,2024-02-07 13:41:16
1553,48764,2024-02-01 14:55:30,Suspicious Amount Spike,True,2024-02-21 21:55:30
1554,48815,2024-02-02 01:39:07,Card-Not-Present Anomaly,True,2024-02-04 02:39:07
1555,48823,2024-02-02 10:42:06,Suspicious Amount Spike,True,2024-02-07 16:42:06
1556,48855,2024-02-02 17:26:47,Suspicious Amount Spike,True,2024-02-11 19:26:47
1557,48888,2024-02-02 19:33:13,Suspicious Amount Spike,True,2024-02-15 22:33:13
1558,48885,2024-02-02 19:39:59,Suspicious Amount Spike,True,2024-02-06 03:39:59
1559,48891,2024-02-02 21:03:21,Suspicious Amount Spike,True,2024-02-03 22:03:21
1560,48905,2024-02-03 02:45:44,Suspicious Amount Spike,True,2024-02-05 09:45:44
1561,48949,2024-02-03 15:25:40,Suspicious Amount Spike,True,2024-02-04 19:25:40
1562,48954,2024-02-03 16:43:27,Suspicious Amount Spike,True,2024-02-04 19:43:27
1563,48976,2024-02-03 20:14:25,Suspicious Amount Spike,True,2024-02-11 00:14:25
1564,49003,2024-02-04 13:00:39,Suspicious Amount Spike,False,
1565,49057,2024-02-05 00:30:42,Suspicious Amount Spike,True,2024-02-10 06:30:42
1566,49063,2024-02-05 08:04:06,Suspicious Amount Spike,True,2024-02-08 14:04:06
1567,49073,2024-02-05 14:32:33,Suspicious Amount Spike,True,2024-02-12 17:32:33
1568,49164,2024-02-06 19:23:22,Suspicious Amount Spike,True,2024-02-10 01:23:22
1569,49207,2024-02-07 14:47:36,Suspicious Amount Spike,True,2024-02-08 22:47:36
1570,49323,2024-02-08 21:48:56,Suspicious Amount Spike,True,2024-02-11 03:48:56
1571,49347,2024-02-08 23:53:18,Suspicious Amount Spike,True,2024-02-11 04:53:18
1572,49350,2024-02-09 05:28:53,Suspicious Amount Spike,True,2024-02-10 05:28:53
1573,49371,2024-02-09 13:39:58,Suspicious Amount Spike,True,2024-02-11 18:39:58
1574,49401,2024-02-09 19:48:10,Suspicious Amount Spike,True,2024-02-11 21:48:10
1575,49421,2024-02-10 00:49:07,Suspicious Amount Spike,True,2024-02-12 06:49:07
1576,49425,2024-02-10 01:28:21,Suspicious Amount Spike,True,2024-02-13 01:28:21
1577,49429,2024-02-10 07:07:23,Suspicious Amount Spike,True,2024-02-11 11:07:23
1578,49436,2024-02-10 09:10:07,Suspicious Amount Spike,True,2024-02-12 09:10:07
1579,49468,2024-02-10 16:22:22,Suspicious Amount Spike,True,2024-02-14 19:22:22
1580,49551,2024-02-11 19:04:58,Suspicious Amount Spike,True,2024-02-13 01:04:58
1581,49560,2024-02-11 19:10:42,Suspicious Amount Spike,False,
1582,49643,2024-02-12 23:54:10,Suspicious Amount Spike,True,2024-02-14 03:54:10
1583,49642,2024-02-13 01:47:40,Suspicious Amount Spike,True,2024-02-14 08:47:40
1584,49655,2024-02-13 10:55:08,Suspicious Amount Spike,True,2024-03-01 10:55:08
1585,49675,2024-02-13 16:00:32,Suspicious Amount Spike,True,2024-02-18 20:00:32
1586,49690,2024-02-13 16:37:35,Suspicious Amount Spike,True,2024-02-16 16:37:35
1587,49711,2024-02-13 22:53:25,Suspicious Amount Spike,True,2024-02-24 04:53:25
1588,49719,2024-02-14 00:17:36,Card-Not-Present Anomaly,True,2024-02-15 08:17:36
1589,49750,2024-02-14 13:46:28,Suspicious Amount Spike,True,2024-02-18 20:46:28
1590,49756,2024-02-14 14:22:54,Suspicious Amount Spike,True,2024-02-19 21:22:54
1591,49769,2024-02-14 16:28:46,Suspicious Amount Spike,True,2024-02-15 18:28:46
1592,49788,2024-02-14 19:54:17,Suspicious Amount Spike,True,2024-02-24 02:54:17
1593,49789,2024-02-14 20:04:50,Suspicious Amount Spike,True,2024-02-17 03:04:50
1594,49864,2024-02-15 19:04:37,Suspicious Amount Spike,True,2024-02-20 21:04:37
1595,49895,2024-02-16 12:07:57,Suspicious Amount Spike,True,2024-02-23 13:07:57
1596,49990,2024-02-17 12:41:24,Suspicious Amount Spike,True,2024-02-26 17:41:24
1597,50054,2024-02-17 22:54:33,Suspicious Amount Spike,True,2024-02-19 06:54:33
1598,50104,2024-02-18 18:22:52,Suspicious Amount Spike,True,2024-02-22 18:22:52
1599,50112,2024-02-18 21:30:31,Suspicious Amount Spike,True,2024-02-20 05:30:31
1600,50136,2024-02-19 09:55:57,Suspicious Amount Spike,True,2024-02-22 11:55:57
1601,50182,2024-02-20 00:16:41,Suspicious Amount Spike,True,2024-02-22 05:16:41
1602,50202,2024-02-20 10:18:05,Suspicious Amount Spike,True,2024-02-24 13:18:05
1603,50235,2024-02-20 19:42:49,Suspicious Amount Spike,True,2024-02-23 00:42:49
1604,50248,2024-02-20 21:53:49,Suspicious Amount Spike,True,2024-02-23 04:53:49
1605,50282,2024-02-21 13:18:37,Suspicious Amount Spike,True,2024-02-23 13:18:37
1606,50294,2024-02-21 15:00:22,Suspicious Amount Spike,True,2024-02-23 16:00:22
1607,50342,2024-02-22 07:21:44,Suspicious Amount Spike,True,2024-02-23 15:21:44
1608,50535,2024-02-24 14:52:20,Suspicious Amount Spike,True,2024-02-28 16:52:20
1609,50600,2024-02-25 14:42:13,Suspicious Amount Spike,True,2024-02-26 19:42:13
1610,50604,2024-02-25 17:14:05,Suspicious Amount Spike,True,2024-02-29 23:14:05
1611,50685,2024-02-26 15:12:28,Suspicious Amount Spike,True,2024-02-27 15:12:28
1612,50688,2024-02-26 18:07:20,Suspicious Amount Spike,True,2024-02-28 00:07:20
1613,50692,2024-02-26 19:58:49,Suspicious Amount Spike,True,2024-03-02 00:58:49
1614,50704,2024-02-26 20:51:02,Suspicious Amount Spike,True,2024-02-28 23:51:02
1615,50758,2024-02-27 15:13:48,Suspicious Amount Spike,True,2024-02-28 19:13:48
1616,50757,2024-02-27 15:16:38,Suspicious Amount Spike,True,2024-02-28 23:16:38
1617,50755,2024-02-27 15:42:32,Suspicious Amount Spike,True,2024-03-03 22:42:32
1618,50785,2024-02-27 22:42:39,Suspicious Amount Spike,True,2024-03-01 01:42:39
1619,50843,2024-02-28 16:53:30,Suspicious Amount Spike,True,2024-03-03 19:53:30
1620,50854,2024-02-28 18:19:01,Suspicious Amount Spike,True,2024-03-03 18:19:01
1621,50908,2024-02-29 13:13:38,Suspicious Amount Spike,True,2024-03-03 16:13:38
1622,50957,2024-02-29 21:37:10,Suspicious Amount Spike,True,2024-03-05 00:37:10
1623,50978,2024-03-01 10:56:00,Suspicious Amount Spike,True,2024-03-02 17:56:00
1624,50987,2024-03-01 11:42:19,Suspicious Amount Spike,True,2024-03-09 11:42:19
1625,51019,2024-03-01 15:03:33,Suspicious Amount Spike,True,2024-03-03 21:03:33
1626,51028,2024-03-01 15:32:59,Suspicious Amount Spike,True,2024-03-02 16:32:59
1627,51115,2024-03-02 18:31:27,Suspicious Amount Spike,True,2024-03-04 01:31:27
1628,51134,2024-03-02 19:49:18,Suspicious Amount Spike,True,2024-03-06 00:49:18
1629,51162,2024-03-03 04:55:39,Suspicious Amount Spike,True,2024-03-05 11:55:39
1630,51224,2024-03-04 09:18:43,Suspicious Amount Spike,True,2024-03-07 15:18:43
1631,51232,2024-03-04 12:45:00,Suspicious Amount Spike,True,2024-03-08 17:45:00
1632,51277,2024-03-04 19:53:07,Suspicious Amount Spike,True,2024-03-06 21:53:07
1633,51304,2024-03-04 23:12:48,Card-Not-Present Anomaly,False,
1634,51318,2024-03-05 11:14:49,Suspicious Amount Spike,True,2024-03-08 13:14:49
1635,51369,2024-03-05 21:31:46,Suspicious Amount Spike,True,2024-03-13 02:31:46
1636,51368,2024-03-05 22:11:28,Suspicious Amount Spike,True,2024-03-07 01:11:28
1637,51387,2024-03-06 10:36:40,Suspicious Amount Spike,True,2024-03-11 14:36:40
1638,51391,2024-03-06 12:15:30,Suspicious Amount Spike,False,
1639,51423,2024-03-06 19:43:51,Suspicious Amount Spike,True,2024-03-08 01:43:51
1640,51442,2024-03-06 22:36:55,Suspicious Amount Spike,True,2024-03-10 22:36:55
1641,51480,2024-03-07 12:53:48,Suspicious Amount Spike,True,2024-03-11 18:53:48
1642,51493,2024-03-07 15:08:29,Suspicious Amount Spike,True,2024-03-08 17:08:29
1643,51539,2024-03-08 09:22:45,Suspicious Amount Spike,True,2024-03-14 10:22:45
1644,51555,2024-03-08 11:33:42,Suspicious Amount Spike,True,2024-03-10 13:33:42
1645,51621,2024-03-08 22:26:06,Suspicious Amount Spike,True,2024-03-10 22:26:06
1646,51676,2024-03-09 17:35:12,Suspicious Amount Spike,True,2024-03-11 17:35:12
1647,51720,2024-03-09 23:30:59,Suspicious Amount Spike,True,2024-03-12 03:30:59
1648,51728,2024-03-10 11:33:34,Suspicious Amount Spike,True,2024-03-12 14:33:34
1649,51742,2024-03-10 16:25:33,Suspicious Amount Spike,True,2024-03-15 20:25:33
1650,51812,2024-03-11 12:54:09,Suspicious Amount Spike,True,2024-03-13 14:54:09
1651,51838,2024-03-11 17:03:20,Suspicious Amount Spike,True,2024-03-12 22:03:20
1652,51878,2024-03-12 01:07:21,Suspicious Amount Spike,True,2024-03-18 03:07:21
1653,51959,2024-03-13 01:43:17,Suspicious Amount Spike,True,2024-03-14 09:43:17
1654,52004,2024-03-13 18:11:05,Card-Not-Present Anomaly,True,2024-03-14 23:11:05
1655,52010,2024-03-13 18:45:20,Suspicious Amount Spike,True,2024-03-20 02:45:20
1656,52026,2024-03-13 20:51:30,Suspicious Amount Spike,True,2024-03-18 20:51:30
1657,52078,2024-03-14 15:11:06,Suspicious Amount Spike,True,2024-03-16 17:11:06
1658,52141,2024-03-15 12:23:17,Suspicious Amount Spike,True,2024-03-16 18:23:17
1659,52176,2024-03-15 15:08:31,Suspicious Amount Spike,True,2024-03-27 17:08:31
1660,52216,2024-03-16 06:48:18,Suspicious Amount Spike,True,2024-03-18 07:48:18
1661,52219,2024-03-16 09:10:25,Suspicious Amount Spike,True,2024-03-17 17:10:25
1662,52266,2024-03-16 17:18:20,Suspicious Amount Spike,True,2024-03-18 18:18:20
1663,52306,2024-03-17 01:21:48,Suspicious Amount Spike,True,2024-03-24 06:21:48
1664,52348,2024-03-17 18:47:48,Suspicious Amount Spike,True,2024-03-18 21:47:48
1665,52374,2024-03-18 03:05:11,Suspicious Amount Spike,True,2024-03-23 04:05:11
1666,52377,2024-03-18 07:09:54,Suspicious Amount Spike,True,2024-03-19 14:09:54
1667,52384,2024-03-18 09:11:02,Suspicious Amount Spike,True,2024-03-19 15:11:02
1668,52438,2024-03-18 21:04:49,Suspicious Amount Spike,True,2024-03-20 00:04:49
1669,52471,2024-03-19 13:43:41,Suspicious Amount Spike,True,2024-03-21 20:43:41
1670,52493,2024-03-19 18:47:59,Suspicious Amount Spike,True,2024-03-21 01:47:59
1671,52504,2024-03-19 20:06:57,Suspicious Amount Spike,True,2024-03-24 04:06:57
1672,52574,2024-03-20 14:24:14,Suspicious Amount Spike,True,2024-03-21 17:24:14
1673,52562,2024-03-20 14:25:35,Suspicious Amount Spike,True,2024-03-22 17:25:35
1674,52581,2024-03-20 17:38:56,Suspicious Amount Spike,True,2024-03-24 17:38:56
1675,52622,2024-03-21 08:11:25,Suspicious Amount Spike,True,2024-03-24 11:11:25
1676,52625,2024-03-21 09:10:12,Suspicious Amount Spike,True,2024-03-25 12:10:12
1677,52749,2024-03-22 14:13:16,Suspicious Amount Spike,True,2024-03-24 14:13:16
1678,52790,2024-03-22 19:22:19,Suspicious Amount Spike,True,2024-03-24 00:22:19
1679,52782,2024-03-22 20:06:29,Suspicious Amount Spike,True,2024-03-28 03:06:29
1680,52880,2024-03-23 20:59:37,Suspicious Amount Spike,True,2024-03-25 01:59:37
1681,52906,2024-03-24 01:16:58,Suspicious Amount Spike,True,2024-03-30 01:16:58
1682,52966,2024-03-25 12:44:33,Suspicious Amount Spike,True,2024-03-30 15:44:33
1683,52969,2024-03-25 13:13:24,Card-Not-Present Anomaly,True,2024-03-26 17:13:24
1684,52995,2024-03-25 15:39:56,Suspicious Amount Spike,True,2024-03-31 17:39:56
1685,52987,2024-03-25 16:05:07,Suspicious Amount Spike,True,2024-03-28 16:05:07
1686,53064,2024-03-26 13:44:23,Suspicious Amount Spike,True,2024-03-29 18:44:23
1687,53080,2024-03-26 17:18:16,Suspicious Amount Spike,True,2024-03-28 22:18:16
1688,53135,2024-03-27 11:20:11,Suspicious Amount Spike,True,2024-03-29 11:20:11
1689,53146,2024-03-27 13:03:51,Suspicious Amount Spike,True,2024-03-29 15:03:51
1690,53144,2024-03-27 13:29:39,Suspicious Amount Spike,True,2024-04-02 14:29:39
1691,53197,2024-03-28 00:04:03,Suspicious Amount Spike,True,2024-03-30 03:04:03
1692,53276,2024-03-29 01:09:41,Suspicious Amount Spike,True,2024-04-04 02:09:41
1693,53300,2024-03-29 13:19:26,Suspicious Amount Spike,True,2024-04-01 21:19:26
1694,53347,2024-03-29 20:50:45,Suspicious Amount Spike,True,2024-03-30 22:50:45
1695,53409,2024-03-30 17:07:23,Suspicious Amount Spike,True,2024-04-04 20:07:23
1696,53425,2024-03-30 21:05:18,Suspicious Amount Spike,True,2024-04-02 21:05:18
1697,53460,2024-03-31 07:04:35,Suspicious Amount Spike,True,2024-04-04 10:04:35
1698,53499,2024-03-31 19:09:00,Suspicious Amount Spike,True,2024-04-02 01:09:00
1699,53500,2024-03-31 19:49:15,Suspicious Amount Spike,True,2024-04-14 19:49:15
1700,53515,2024-04-01 00:23:40,Suspicious Amount Spike,True,2024-04-02 01:23:40
1701,53525,2024-04-01 11:26:20,Suspicious Amount Spike,True,2024-04-05 12:26:20
1702,53530,2024-04-01 11:38:10,Suspicious Amount Spike,False,
1703,53535,2024-04-01 13:52:55,Suspicious Amount Spike,True,2024-04-06 13:52:55
1704,53551,2024-04-01 17:25:27,Suspicious Amount Spike,True,2024-04-02 23:25:27
1705,53611,2024-04-02 12:51:37,Suspicious Amount Spike,False,
1706,53636,2024-04-02 14:35:30,Suspicious Amount Spike,True,2024-04-05 20:35:30
1707,53645,2024-04-02 16:40:18,Suspicious Amount Spike,True,2024-04-03 18:40:18
1708,53657,2024-04-02 19:05:01,Suspicious Amount Spike,True,2024-04-04 00:05:01
1709,53658,2024-04-02 20:02:47,Suspicious Amount Spike,True,2024-04-05 02:02:47
1710,53693,2024-04-03 09:53:38,Suspicious Amount Spike,True,2024-04-12 11:53:38
1711,53752,2024-04-03 18:41:51,Suspicious Amount Spike,True,2024-04-06 19:41:51
1712,53776,2024-04-04 01:46:38,Suspicious Amount Spike,True,2024-04-05 01:46:38
1713,53779,2024-04-04 02:21:26,Suspicious Amount Spike,True,2024-04-07 10:21:26
1714,53780,2024-04-04 05:26:55,Suspicious Amount Spike,True,2024-04-07 06:26:55
1715,53803,2024-04-04 13:52:53,Suspicious Amount Spike,True,2024-04-10 19:52:53
1716,53796,2024-04-04 14:30:21,Suspicious Amount Spike,True,2024-04-09 19:30:21
1717,53831,2024-04-04 20:27:16,Card-Not-Present Anomaly,True,2024-04-05 21:27:16
1718,53910,2024-04-05 19:05:49,Suspicious Amount Spike,True,2024-04-07 22:05:49
1719,53973,2024-04-06 15:56:49,Suspicious Amount Spike,True,2024-04-09 17:56:49
1720,54007,2024-04-06 20:50:05,Suspicious Amount Spike,True,2024-04-08 01:50:05
1721,54019,2024-04-06 23:07:16,Suspicious Amount Spike,True,2024-04-08 01:07:16
1722,54015,2024-04-07 00:31:22,Suspicious Amount Spike,True,2024-04-12 01:31:22
1723,54028,2024-04-07 10:23:52,Suspicious Amount Spike,True,2024-04-08 18:23:52
1724,54097,2024-04-08 00:23:51,Suspicious Amount Spike,True,2024-04-11 02:23:51
1725,54115,2024-04-08 13:25:24,Suspicious Amount Spike,False,
1726,54175,2024-04-08 23:04:50,Suspicious Amount Spike,True,2024-04-17 01:04:50
1727,54179,2024-04-08 23:17:52,Suspicious Amount Spike,False,
1728,54256,2024-04-09 21:45:15,Suspicious Amount Spike,True,2024-04-15 04:45:15
1729,54277,2024-04-10 00:32:05,Suspicious Amount Spike,True,2024-04-15 01:32:05
1730,54335,2024-04-10 18:26:28,Suspicious Amount Spike,True,2024-04-17 00:26:28
1731,54428,2024-04-11 21:17:25,Suspicious Amount Spike,True,2024-04-15 04:17:25
1732,54455,2024-04-12 03:15:57,Suspicious Amount Spike,True,2024-04-13 09:15:57
1733,54561,2024-04-13 09:34:10,Suspicious Amount Spike,True,2024-04-14 09:34:10
1734,54633,2024-04-14 01:29:58,Suspicious Amount Spike,True,2024-04-21 02:29:58
1735,54676,2024-04-14 16:09:33,Suspicious Amount Spike,True,2024-04-15 19:09:33
1736,54692,2024-04-14 20:11:04,Suspicious Amount Spike,True,2024-04-18 22:11:04
1737,54745,2024-04-15 20:28:41,Suspicious Amount Spike,True,2024-04-21 00:28:41
1738,54765,2024-04-15 21:43:30,Suspicious Amount Spike,True,2024-04-18 22:43:30
1739,54760,2024-04-15 23:07:12,Suspicious Amount Spike,True,2024-05-05 06:07:12
1740,54836,2024-04-16 19:42:29,Suspicious Amount Spike,True,2024-04-21 22:42:29
1741,54865,2024-04-17 02:50:48,Suspicious Amount Spike,True,2024-05-07 05:50:48
1742,54874,2024-04-17 09:43:14,Suspicious Amount Spike,True,2024-04-19 13:43:14
1743,54888,2024-04-17 13:45:48,Suspicious Amount Spike,True,2024-04-18 15:45:48
1744,54909,2024-04-17 15:32:52,Suspicious Amount Spike,True,2024-04-22 15:32:52
1745,54949,2024-04-18 02:29:56,Suspicious Amount Spike,True,2024-04-19 05:29:56
1746,54955,2024-04-18 11:08:05,Suspicious Amount Spike,True,2024-04-19 18:08:05
1747,54959,2024-04-18 11:16:11,Suspicious Amount Spike,True,2024-04-20 14:16:11
1748,54983,2024-04-18 15:05:35,Suspicious Amount Spike,True,2024-04-20 17:05:35
1749,54978,2024-04-18 15:42:44,Suspicious Amount Spike,True,2024-04-21 15:42:44
1750,55037,2024-04-19 00:28:40,Suspicious Amount Spike,True,2024-04-24 06:28:40
1751,55054,2024-04-19 10:39:22,Suspicious Amount Spike,True,2024-04-20 18:39:22
1752,55071,2024-04-19 15:53:42,Suspicious Amount Spike,True,2024-04-24 19:53:42
1753,55114,2024-04-19 20:01:39,Suspicious Amount Spike,True,2024-04-27 22:01:39
1754,55122,2024-04-19 21:52:47,Suspicious Amount Spike,True,2024-04-29 00:52:47
1755,55131,2024-04-19 22:44:21,Suspicious Amount Spike,True,2024-04-21 01:44:21
1756,55202,2024-04-20 17:15:59,Suspicious Amount Spike,True,2024-04-22 01:15:59
1757,55258,2024-04-21 10:57:01,Suspicious Amount Spike,True,2024-04-22 18:57:01
1758,55361,2024-04-22 19:47:32,Suspicious Amount Spike,True,2024-04-24 02:47:32
1759,55428,2024-04-23 20:39:54,Suspicious Amount Spike,True,2024-04-28 02:39:54
1760,55435,2024-04-23 20:58:03,Suspicious Amount Spike,True,2024-04-28 02:58:03
1761,55446,2024-04-23 21:47:15,Suspicious Amount Spike,True,2024-04-28 03:47:15
1762,55449,2024-04-23 22:56:07,Suspicious Amount Spike,True,2024-04-25 06:56:07
1763,55468,2024-04-24 10:18:05,Suspicious Amount Spike,True,2024-04-25 11:18:05
1764,55518,2024-04-24 16:54:17,Suspicious Amount Spike,True,2024-04-25 18:54:17
1765,55527,2024-04-24 19:13:31,Suspicious Amount Spike,True,2024-05-02 21:13:31
1766,55532,2024-04-24 19:18:46,Suspicious Amount Spike,True,2024-04-25 19:18:46
1767,55554,2024-04-24 23:09:07,Suspicious Amount Spike,True,2024-04-28 00:09:07
1768,55612,2024-04-25 18:57:43,Suspicious Amount Spike,True,2024-04-26 22:57:43
1769,55618,2024-04-25 19:20:39,Suspicious Amount Spike,True,2024-04-30 20:20:39
1770,55649,2024-04-26 09:42:28,Suspicious Amount Spike,True,2024-04-28 16:42:28
1771,55678,2024-04-26 13:37:00,Suspicious Amount Spike,True,2024-04-30 13:37:00
1772,55745,2024-04-27 09:46:26,Card-Not-Present Anomaly,False,
1773,55772,2024-04-27 16:20:20,Suspicious Amount Spike,True,2024-05-02 20:20:20
1774,55786,2024-04-27 17:44:52,Suspicious Amount Spike,True,2024-05-02 00:44:52
1775,55806,2024-04-27 22:09:18,Suspicious Amount Spike,True,2024-05-03 00:09:18
1776,55902,2024-04-29 13:02:59,Suspicious Amount Spike,True,2024-05-01 13:02:59
1777,55940,2024-04-29 19:46:05,Suspicious Amount Spike,True,2024-05-02 19:46:05
1778,55958,2024-04-29 22:31:20,Suspicious Amount Spike,True,2024-05-06 03:31:20
1779,55975,2024-04-30 10:51:50,Suspicious Amount Spike,True,2024-05-01 18:51:50
1780,55990,2024-04-30 12:49:47,Suspicious Amount Spike,True,2024-05-01 14:49:47
1781,55991,2024-04-30 15:08:48,Card-Not-Present Anomaly,True,2024-05-01 21:08:48
1782,56047,2024-04-30 22:50:24,Suspicious Amount Spike,True,2024-05-06 05:50:24
1783,56056,2024-05-01 08:54:09,Suspicious Amount Spike,True,2024-05-04 15:54:09
1784,56060,2024-05-01 10:43:30,Suspicious Amount Spike,True,2024-05-02 14:43:30
1785,56085,2024-05-01 16:58:55,Suspicious Amount Spike,True,2024-05-09 20:58:55
1786,56138,2024-05-02 13:29:09,Suspicious Amount Spike,True,2024-05-12 13:29:09
1787,56169,2024-05-02 17:27:30,Suspicious Amount Spike,True,2024-05-06 18:27:30
1788,56172,2024-05-02 18:57:11,Suspicious Amount Spike,True,2024-05-06 23:57:11
1789,56182,2024-05-02 19:58:11,Suspicious Amount Spike,True,2024-05-11 21:58:11
1790,56183,2024-05-02 20:01:48,Suspicious Amount Spike,True,2024-05-03 23:01:48
1791,56178,2024-05-02 20:31:04,Suspicious Amount Spike,True,2024-05-05 03:31:04
1792,56189,2024-05-02 21:00:47,Suspicious Amount Spike,True,2024-05-08 02:00:47
1793,56323,2024-05-04 14:25:01,Suspicious Amount Spike,True,2024-05-06 17:25:01
1794,56331,2024-05-04 15:44:52,Card-Not-Present Anomaly,True,2024-05-05 23:44:52
1795,56351,2024-05-04 17:37:19,Suspicious Amount Spike,True,2024-05-17 17:37:19
1796,56354,2024-05-04 19:25:34,Suspicious Amount Spike,True,2024-05-05 21:25:34
1797,56372,2024-05-04 23:09:21,Suspicious Amount Spike,True,2024-05-12 06:09:21
1798,56379,2024-05-04 23:36:40,Suspicious Amount Spike,True,2024-05-06 00:36:40
1799,56400,2024-05-05 11:06:53,Suspicious Amount Spike,True,2024-05-07 13:06:53
1800,56401,2024-05-05 11:13:06,Suspicious Amount Spike,True,2024-05-09 14:13:06
1801,56435,2024-05-05 16:15:04,Suspicious Amount Spike,True,2024-05-07 22:15:04
1802,56431,2024-05-05 16:20:39,Suspicious Amount Spike,True,2024-05-11 22:20:39
1803,56434,2024-05-05 16:35:33,Suspicious Amount Spike,True,2024-05-06 21:35:33
1804,56486,2024-05-06 14:55:03,Suspicious Amount Spike,True,2024-05-07 16:55:03
1805,56513,2024-05-06 19:46:21,Suspicious Amount Spike,True,2024-05-09 20:46:21
1806,56555,2024-05-07 00:28:04,Card-Not-Present Anomaly,True,2024-05-11 08:28:04
1807,56604,2024-05-07 17:09:57,Suspicious Amount Spike,True,2024-05-12 17:09:57
1808,56606,2024-05-07 17:54:28,Suspicious Amount Spike,True,2024-05-09 19:54:28
1809,56651,2024-05-08 00:51:56,Suspicious Amount Spike,True,2024-05-09 07:51:56
1810,56679,2024-05-08 15:17:40,Suspicious Amount Spike,True,2024-05-14 17:17:40
1811,56692,2024-05-08 17:14:41,Suspicious Amount Spike,True,2024-05-21 18:14:41
1812,56739,2024-05-08 22:20:38,Card-Not-Present Anomaly,True,2024-05-11 00:20:38
1813,56755,2024-05-09 10:28:21,Suspicious Amount Spike,True,2024-05-17 14:28:21
1814,56766,2024-05-09 13:23:26,Suspicious Amount Spike,True,2024-05-10 16:23:26
1815,56796,2024-05-09 17:31:33,Suspicious Amount Spike,True,2024-05-10 22:31:33
1816,56836,2024-05-10 08:50:54,Suspicious Amount Spike,True,2024-05-16 09:50:54
1817,56864,2024-05-10 12:49:20,Suspicious Amount Spike,True,2024-05-14 20:49:20
1818,56894,2024-05-10 18:51:33,Suspicious Amount Spike,True,2024-05-13 02:51:33
1819,56897,2024-05-10 19:02:30,Suspicious Amount Spike,True,2024-05-12 21:02:30
1820,56958,2024-05-11 12:24:09,Suspicious Amount Spike,True,2024-05-12 17:24:09
1821,57022,2024-05-12 02:16:56,Suspicious Amount Spike,True,2024-05-13 04:16:56
1822,57027,2024-05-12 09:55:36,Suspicious Amount Spike,True,2024-05-15 13:55:36
1823,57038,2024-05-12 13:20:58,Suspicious Amount Spike,True,2024-05-14 16:20:58
1824,57110,2024-05-13 15:37:30,Suspicious Amount Spike,True,2024-05-14 17:37:30
1825,57120,2024-05-13 17:32:13,Suspicious Amount Spike,True,2024-05-15 01:32:13
1826,57134,2024-05-13 19:28:39,Suspicious Amount Spike,True,2024-05-16 00:28:39
1827,57146,2024-05-13 21:51:37,Suspicious Amount Spike,True,2024-05-16 04:51:37
1828,57186,2024-05-14 13:59:32,Suspicious Amount Spike,True,2024-05-21 20:59:32
1829,57187,2024-05-14 15:29:31,Suspicious Amount Spike,True,2024-05-18 18:29:31
1830,57252,2024-05-15 04:03:47,Suspicious Amount Spike,True,2024-05-19 04:03:47
1831,57272,2024-05-15 12:52:57,Suspicious Amount Spike,True,2024-05-18 15:52:57
1832,57270,2024-05-15 15:11:39,Suspicious Amount Spike,True,2024-05-18 23:11:39
1833,57281,2024-05-15 15:34:56,Suspicious Amount Spike,True,2024-05-17 21:34:56
1834,57334,2024-05-15 22:24:27,Suspicious Amount Spike,True,2024-05-22 06:24:27
1835,57354,2024-05-16 11:24:24,Suspicious Amount Spike,False,
1836,57367,2024-05-16 13:57:49,Suspicious Amount Spike,True,2024-05-21 21:57:49
1837,57364,2024-05-16 14:15:37,Suspicious Amount Spike,True,2024-05-17 18:15:37
1838,57384,2024-05-16 15:25:17,Suspicious Amount Spike,True,2024-05-22 20:25:17
1839,57409,2024-05-16 19:19:33,Suspicious Amount Spike,True,2024-05-18 19:19:33
1840,57428,2024-05-16 22:59:07,Card-Not-Present Anomaly,True,2024-05-18 22:59:07
1841,57472,2024-05-17 14:58:48,Suspicious Amount Spike,True,2024-05-18 22:58:48
1842,57527,2024-05-17 20:39:13,Suspicious Amount Spike,True,2024-05-29 01:39:13
1843,57535,2024-05-17 23:02:47,Suspicious Amount Spike,True,2024-05-25 06:02:47
1844,57541,2024-05-18 01:09:40,Suspicious Amount Spike,True,2024-05-24 05:09:40
1845,57553,2024-05-18 11:51:24,Suspicious Amount Spike,True,2024-05-19 17:51:24
1846,57602,2024-05-18 18:11:31,Suspicious Amount Spike,True,2024-05-23 18:11:31
1847,57607,2024-05-18 18:19:36,Suspicious Amount Spike,True,2024-05-26 02:19:36
1848,57621,2024-05-18 18:27:16,Suspicious Amount Spike,True,2024-05-20 23:27:16
1849,57638,2024-05-18 23:22:02,Suspicious Amount Spike,True,2024-05-26 05:22:02
1850,57660,2024-05-19 13:18:03,Suspicious Amount Spike,True,2024-05-29 18:18:03
1851,57679,2024-05-19 14:32:00,Suspicious Amount Spike,True,2024-05-23 14:32:00
1852,57705,2024-05-19 20:05:41,Suspicious Amount Spike,True,2024-05-22 23:05:41
1853,57750,2024-05-20 13:12:25,Suspicious Amount Spike,True,2024-05-27 16:12:25
1854,57796,2024-05-20 18:22:07,Suspicious Amount Spike,True,2024-05-22 23:22:07
1855,57794,2024-05-20 20:09:50,Suspicious Amount Spike,True,2024-05-28 01:09:50
1856,57807,2024-05-20 21:08:02,Suspicious Amount Spike,True,2024-05-22 21:08:02
1857,57824,2024-05-21 02:17:27,Suspicious Amount Spike,True,2024-05-22 05:17:27
1858,57900,2024-05-21 19:10:47,Suspicious Amount Spike,True,2024-05-22 21:10:47
1859,57934,2024-05-22 08:47:36,Suspicious Amount Spike,True,2024-05-27 10:47:36
1860,57941,2024-05-22 09:46:42,Suspicious Amount Spike,True,2024-05-25 14:46:42
1861,57953,2024-05-22 12:18:08,Suspicious Amount Spike,True,2024-05-27 17:18:08
1862,57975,2024-05-22 15:51:43,Suspicious Amount Spike,True,2024-05-25 18:51:43
1863,58002,2024-05-22 19:26:52,Suspicious Amount Spike,True,2024-05-23 23:26:52
1864,57986,2024-05-22 19:48:03,Suspicious Amount Spike,True,2024-05-27 03:48:03
1865,58020,2024-05-22 22:55:45,Suspicious Amount Spike,True,2024-05-30 02:55:45
1866,58043,2024-05-23 10:50:17,Suspicious Amount Spike,True,2024-06-12 14:50:17
1867,58053,2024-05-23 12:24:22,Suspicious Amount Spike,True,2024-05-25 12:24:22
1868,58074,2024-05-23 17:47:05,Suspicious Amount Spike,True,2024-06-05 00:47:05
1869,58072,2024-05-23 17:51:22,Suspicious Amount Spike,True,2024-05-24 18:51:22
1870,58132,2024-05-24 10:46:01,Suspicious Amount Spike,True,2024-06-06 16:46:01
1871,58133,2024-05-24 12:08:43,Suspicious Amount Spike,True,2024-05-25 12:08:43
1872,58143,2024-05-24 13:47:20,Suspicious Amount Spike,True,2024-05-27 20:47:20
1873,58175,2024-05-24 18:58:47,Suspicious Amount Spike,True,2024-06-09 20:58:47
1874,58208,2024-05-25 01:33:58,Suspicious Amount Spike,True,2024-05-30 01:33:58
1875,58216,2024-05-25 10:31:45,Suspicious Amount Spike,True,2024-05-28 10:31:45
1876,58232,2024-05-25 12:58:48,Suspicious Amount Spike,True,2024-05-31 16:58:48
1877,58274,2024-05-25 19:52:30,Suspicious Amount Spike,True,2024-06-06 19:52:30
1878,58444,2024-05-27 17:30:02,Suspicious Amount Spike,True,2024-06-03 00:30:02
1879,58522,2024-05-28 14:17:47,Suspicious Amount Spike,True,2024-05-29 18:17:47
1880,58517,2024-05-28 14:20:01,Suspicious Amount Spike,True,2024-05-29 20:20:01
1881,58529,2024-05-28 15:53:03,Suspicious Amount Spike,True,2024-06-04 20:53:03
1882,58666,2024-05-30 11:57:40,Suspicious Amount Spike,True,2024-06-09 13:57:40
1883,58731,2024-05-30 23:10:11,Suspicious Amount Spike,True,2024-06-02 06:10:11
1884,58783,2024-05-31 18:54:20,Suspicious Amount Spike,False,
1885,58847,2024-06-01 11:52:05,Suspicious Amount Spike,True,2024-06-05 14:52:05
1886,58911,2024-06-01 21:05:31,Suspicious Amount Spike,True,2024-06-04 03:05:31
1887,58941,2024-06-02 12:15:03,Suspicious Amount Spike,True,2024-06-05 18:15:03
1888,58969,2024-06-02 19:10:43,Suspicious Amount Spike,True,2024-06-05 00:10:43
1889,58978,2024-06-02 20:41:02,Suspicious Amount Spike,True,2024-06-06 01:41:02
1890,58990,2024-06-03 01:40:17,Card-Not-Present Anomaly,True,2024-06-16 03:40:17
1891,59028,2024-06-03 17:05:01,Suspicious Amount Spike,True,2024-06-10 21:05:01
1892,59061,2024-06-03 21:38:35,Suspicious Amount Spike,True,2024-06-09 03:38:35
1893,59088,2024-06-04 11:36:48,Suspicious Amount Spike,True,2024-06-15 14:36:48
1894,59221,2024-06-05 21:59:07,Suspicious Amount Spike,True,2024-06-07 21:59:07
1895,59240,2024-06-06 11:20:34,Suspicious Amount Spike,True,2024-06-15 12:20:34
1896,59253,2024-06-06 14:24:06,Suspicious Amount Spike,True,2024-06-11 22:24:06
1897,59284,2024-06-06 18:19:34,Suspicious Amount Spike,True,2024-06-08 21:19:34
1898,59279,2024-06-06 19:36:30,Suspicious Amount Spike,True,2024-06-09 19:36:30
1899,59301,2024-06-06 20:57:08,Suspicious Amount Spike,True,2024-06-08 23:57:08
1900,59314,2024-06-07 08:38:00,Suspicious Amount Spike,True,2024-06-09 14:38:00
1901,59328,2024-06-07 11:41:00,Suspicious Amount Spike,True,2024-06-10 19:41:00
1902,59321,2024-06-07 11:59:46,Suspicious Amount Spike,True,2024-06-08 14:59:46
1903,59346,2024-06-07 14:50:11,Suspicious Amount Spike,True,2024-06-11 15:50:11
1904,59365,2024-06-07 15:50:19,Suspicious Amount Spike,False,
1905,59415,2024-06-07 22:15:43,Suspicious Amount Spike,True,2024-06-12 00:15:43
1906,59460,2024-06-08 14:49:30,Suspicious Amount Spike,True,2024-06-10 14:49:30
1907,59471,2024-06-08 15:25:34,Suspicious Amount Spike,True,2024-06-09 18:25:34
1908,59496,2024-06-08 21:07:31,Suspicious Amount Spike,True,2024-06-13 21:07:31
1909,59514,2024-06-08 23:15:05,Suspicious Amount Spike,True,2024-06-20 03:15:05
1910,59536,2024-06-09 11:55:36,Suspicious Amount Spike,True,2024-06-12 13:55:36
1911,59573,2024-06-09 20:41:39,Suspicious Amount Spike,True,2024-06-17 01:41:39
1912,59609,2024-06-10 13:29:55,Suspicious Amount Spike,True,2024-06-13 17:29:55
1913,59647,2024-06-10 17:55:50,Suspicious Amount Spike,True,2024-06-14 22:55:50
1914,59656,2024-06-10 21:05:52,Suspicious Amount Spike,True,2024-06-14 21:05:52
1915,59691,2024-06-11 10:17:18,Suspicious Amount Spike,True,2024-06-12 15:17:18
1916,59748,2024-06-11 21:59:52,Suspicious Amount Spike,True,2024-06-14 23:59:52
1917,59870,2024-06-13 11:24:31,Suspicious Amount Spike,True,2024-06-17 19:24:31
1918,59902,2024-06-13 15:35:38,Suspicious Amount Spike,True,2024-06-20 17:35:38
1919,59925,2024-06-13 19:51:17,Suspicious Amount Spike,True,2024-07-07 22:51:17
1920,59957,2024-06-14 00:27:37,Suspicious Amount Spike,True,2024-06-20 06:27:37
1921,59962,2024-06-14 01:56:07,Suspicious Amount Spike,True,2024-06-16 07:56:07
1922,59971,2024-06-14 11:36:41,Suspicious Amount Spike,True,2024-06-19 13:36:41
1923,60044,2024-06-14 20:57:42,Suspicious Amount Spike,True,2024-06-23 00:57:42
1924,60075,2024-06-15 08:46:40,Suspicious Amount Spike,True,2024-06-17 10:46:40
1925,60084,2024-06-15 12:27:12,Suspicious Amount Spike,True,2024-06-19 17:27:12
1926,60153,2024-06-15 20:13:45,Suspicious Amount Spike,True,2024-06-17 22:13:45
1927,60181,2024-06-16 07:21:54,Suspicious Amount Spike,True,2024-06-18 10:21:54
1928,60196,2024-06-16 11:55:43,Suspicious Amount Spike,True,2024-06-18 12:55:43
1929,60214,2024-06-16 14:46:24,Suspicious Amount Spike,True,2024-06-27 18:46:24
1930,60281,2024-06-17 11:11:40,Suspicious Amount Spike,True,2024-06-24 19:11:40
1931,60279,2024-06-17 11:36:30,Suspicious Amount Spike,True,2024-06-18 17:36:30
1932,60301,2024-06-17 17:02:51,Suspicious Amount Spike,True,2024-07-02 22:02:51
1933,60313,2024-06-17 19:58:18,Suspicious Amount Spike,True,2024-06-18 21:58:18
1934,60458,2024-06-19 14:50:53,Suspicious Amount Spike,True,2024-06-21 19:50:53
1935,60482,2024-06-19 16:20:41,Suspicious Amount Spike,True,2024-06-29 00:20:41
1936,60489,2024-06-19 20:35:57,Suspicious Amount Spike,True,2024-06-21 01:35:57
1937,60509,2024-06-19 21:40:22,Suspicious Amount Spike,True,2024-06-21 21:40:22
1938,60524,2024-06-20 09:14:44,Suspicious Amount Spike,True,2024-06-22 09:14:44
1939,60595,2024-06-20 20:31:37,Suspicious Amount Spike,True,2024-06-27 21:31:37
1940,60744,2024-06-22 15:03:12,Suspicious Amount Spike,True,2024-07-07 18:03:12
1941,60800,2024-06-22 21:19:59,Suspicious Amount Spike,True,2024-06-24 02:19:59
1942,60837,2024-06-23 11:51:42,Suspicious Amount Spike,True,2024-06-24 19:51:42
1943,60902,2024-06-24 14:09:11,Suspicious Amount Spike,True,2024-06-29 15:09:11
1944,60939,2024-06-24 18:53:03,Suspicious Amount Spike,True,2024-06-28 00:53:03
1945,60935,2024-06-24 19:18:41,Suspicious Amount Spike,True,2024-06-30 19:18:41
1946,60979,2024-06-25 11:12:55,Suspicious Amount Spike,True,2024-07-02 16:12:55
1947,61057,2024-06-25 21:44:01,Suspicious Amount Spike,True,2024-06-27 00:44:01
1948,61056,2024-06-25 21:53:59,Suspicious Amount Spike,True,2024-06-29 23:53:59
1949,61047,2024-06-25 23:05:30,Suspicious Amount Spike,True,2024-06-28 06:05:30
1950,61140,2024-06-26 23:30:00,Suspicious Amount Spike,True,2024-07-03 02:30:00
1951,61145,2024-06-27 03:22:13,Suspicious Amount Spike,True,2024-06-29 05:22:13
1952,61216,2024-06-27 20:39:19,Suspicious Amount Spike,True,2024-07-01 22:39:19
1953,61215,2024-06-27 21:06:02,Suspicious Amount Spike,True,2024-06-29 02:06:02
1954,61268,2024-06-28 15:30:25,Suspicious Amount Spike,True,2024-06-29 15:30:25
1955,61275,2024-06-28 17:02:01,Suspicious Amount Spike,True,2024-07-05 17:02:01
1956,61281,2024-06-28 19:30:43,Suspicious Amount Spike,True,2024-07-12 19:30:43
1957,61288,2024-06-28 20:17:47,Suspicious Amount Spike,True,2024-06-30 03:17:47
1958,61333,2024-06-29 10:33:58,Suspicious Amount Spike,True,2024-06-30 17:33:58
1959,61390,2024-06-29 18:08:27,Suspicious Amount Spike,True,2024-07-05 18:08:27
1960,61385,2024-06-29 19:24:58,Suspicious Amount Spike,True,2024-07-01 01:24:58
1961,61401,2024-06-29 20:05:51,Suspicious Amount Spike,True,2024-07-01 23:05:51
1962,61503,2024-06-30 19:49:28,Suspicious Amount Spike,True,2024-07-07 19:49:28
1963,61533,2024-07-01 03:05:15,Suspicious Amount Spike,True,2024-07-07 03:05:15
1964,61535,2024-07-01 05:08:34,Suspicious Amount Spike,True,2024-07-03 05:08:34
1965,61556,2024-07-01 14:08:50,Suspicious Amount Spike,True,2024-07-13 14:08:50
1966,61580,2024-07-01 18:25:13,Suspicious Amount Spike,True,2024-07-08 02:25:13
1967,61620,2024-07-02 00:34:05,Suspicious Amount Spike,False,
1968,61624,2024-07-02 08:01:56,Suspicious Amount Spike,True,2024-07-04 16:01:56
1969,61632,2024-07-02 09:44:11,Suspicious Amount Spike,True,2024-07-06 16:44:11
1970,61686,2024-07-02 18:58:44,Suspicious Amount Spike,True,2024-07-05 18:58:44
1971,61703,2024-07-02 22:15:11,Suspicious Amount Spike,True,2024-07-04 02:15:11
1972,61720,2024-07-03 01:37:35,Suspicious Amount Spike,True,2024-07-07 04:37:35
1973,61731,2024-07-03 11:15:21,Suspicious Amount Spike,True,2024-07-05 14:15:21
1974,61744,2024-07-03 12:26:57,Suspicious Amount Spike,True,2024-07-14 18:26:57
1975,61773,2024-07-03 16:59:16,Suspicious Amount Spike,True,2024-07-06 17:59:16
1976,61836,2024-07-04 11:39:21,Suspicious Amount Spike,True,2024-07-06 13:39:21
1977,61843,2024-07-04 15:52:34,Suspicious Amount Spike,True,2024-07-06 21:52:34
1978,61851,2024-07-04 17:43:44,Suspicious Amount Spike,True,2024-07-08 00:43:44
1979,61890,2024-07-05 10:30:41,Suspicious Amount Spike,True,2024-07-08 12:30:41
1980,61967,2024-07-05 21:26:17,Suspicious Amount Spike,True,2024-07-06 22:26:17
1981,61969,2024-07-05 21:57:22,Suspicious Amount Spike,True,2024-07-10 01:57:22
1982,61966,2024-07-05 22:13:57,Suspicious Amount Spike,True,2024-07-07 02:13:57
1983,62039,2024-07-06 18:10:56,Suspicious Amount Spike,True,2024-07-09 21:10:56
1984,62022,2024-07-06 18:43:17,Suspicious Amount Spike,True,2024-07-08 18:43:17
1985,62085,2024-07-07 12:59:07,Suspicious Amount Spike,True,2024-07-09 14:59:07
1986,62103,2024-07-07 14:55:41,Suspicious Amount Spike,True,2024-07-08 16:55:41
1987,62144,2024-07-07 22:51:33,Suspicious Amount Spike,True,2024-07-12 05:51:33
1988,62201,2024-07-08 18:18:20,Suspicious Amount Spike,True,2024-07-15 21:18:20
1989,62257,2024-07-09 09:25:17,Suspicious Amount Spike,True,2024-07-11 17:25:17
1990,62300,2024-07-09 18:26:56,Suspicious Amount Spike,False,
1991,62324,2024-07-09 22:06:09,Suspicious Amount Spike,True,2024-07-11 04:06:09
1992,62335,2024-07-09 22:35:41,Suspicious Amount Spike,True,2024-07-11 05:35:41
1993,62349,2024-07-10 09:10:49,Suspicious Amount Spike,True,2024-07-11 11:10:49
1994,62351,2024-07-10 11:26:07,Suspicious Amount Spike,True,2024-07-18 17:26:07
1995,62398,2024-07-10 18:12:22,Suspicious Amount Spike,True,2024-07-15 23:12:22
1996,62418,2024-07-10 22:28:57,Suspicious Amount Spike,True,2024-07-12 01:28:57
1997,62477,2024-07-11 17:22:45,Suspicious Amount Spike,True,2024-07-13 17:22:45
1998,62479,2024-07-11 19:55:34,Suspicious Amount Spike,True,2024-07-14 23:55:34
1999,62508,2024-07-11 22:08:14,Suspicious Amount Spike,True,2024-07-13 02:08:14
2000,62595,2024-07-12 21:03:21,Suspicious Amount Spike,True,2024-07-15 01:03:21
2001,62608,2024-07-12 22:31:24,Suspicious Amount Spike,True,2024-07-19 01:31:24
2002,62658,2024-07-13 16:25:01,Suspicious Amount Spike,True,2024-07-15 21:25:01
2003,62674,2024-07-13 17:43:02,Suspicious Amount Spike,True,2024-07-14 22:43:02
2004,62685,2024-07-13 21:33:50,Suspicious Amount Spike,True,2024-07-19 21:33:50
2005,62751,2024-07-14 17:30:44,Suspicious Amount Spike,True,2024-07-15 17:30:44
2006,62765,2024-07-14 19:45:34,Suspicious Amount Spike,True,2024-07-19 22:45:34
2007,62793,2024-07-15 03:09:29,Suspicious Amount Spike,True,2024-07-17 05:09:29
2008,62794,2024-07-15 03:28:08,Suspicious Amount Spike,True,2024-07-18 09:28:08
2009,62862,2024-07-15 21:23:12,Suspicious Amount Spike,True,2024-07-19 01:23:12
2010,62870,2024-07-15 23:35:22,Suspicious Amount Spike,True,2024-07-16 23:35:22
2011,62881,2024-07-16 03:21:15,Suspicious Amount Spike,True,2024-07-17 08:21:15
2012,62940,2024-07-16 18:12:08,Suspicious Amount Spike,True,2024-07-25 18:12:08
2013,62932,2024-07-16 19:51:07,Suspicious Amount Spike,True,2024-07-21 01:51:07
2014,62970,2024-07-16 22:09:12,Suspicious Amount Spike,True,2024-07-17 22:09:12
2015,62976,2024-07-17 00:15:30,Suspicious Amount Spike,True,2024-07-25 06:15:30
2016,63025,2024-07-17 15:59:41,Suspicious Amount Spike,True,2024-07-21 19:59:41
2017,63033,2024-07-17 18:45:47,Suspicious Amount Spike,True,2024-07-19 02:45:47
2018,63043,2024-07-17 22:20:27,Suspicious Amount Spike,True,2024-07-21 00:20:27
2019,63068,2024-07-18 09:31:03,Suspicious Amount Spike,True,2024-07-19 11:31:03
2020,63138,2024-07-18 23:10:58,Suspicious Amount Spike,True,2024-07-21 23:10:58
2021,63244,2024-07-19 22:11:59,Suspicious Amount Spike,True,2024-07-24 00:11:59
2022,63248,2024-07-19 22:13:42,Suspicious Amount Spike,True,2024-07-23 04:13:42
2023,63281,2024-07-20 11:29:30,Suspicious Amount Spike,True,2024-07-23 13:29:30
2024,63287,2024-07-20 13:21:53,Suspicious Amount Spike,True,2024-07-29 16:21:53
2025,63298,2024-07-20 18:26:32,Suspicious Amount Spike,True,2024-07-21 19:26:32
2026,63322,2024-07-20 21:29:36,Suspicious Amount Spike,True,2024-07-22 05:29:36
2027,63343,2024-07-21 00:39:14,Suspicious Amount Spike,True,2024-07-27 01:39:14
2028,63400,2024-07-21 17:41:59,Card-Not-Present Anomaly,True,2024-07-25 20:41:59
2029,63434,2024-07-21 23:38:38,Suspicious Amount Spike,True,2024-07-25 07:38:38
2030,63437,2024-07-22 02:39:56,Suspicious Amount Spike,True,2024-07-26 04:39:56
2031,63480,2024-07-22 14:26:03,Suspicious Amount Spike,True,2024-07-23 18:26:03
2032,63497,2024-07-22 17:28:13,Suspicious Amount Spike,True,2024-07-23 22:28:13
2033,63506,2024-07-22 20:41:15,Suspicious Amount Spike,True,2024-07-24 03:41:15
2034,63522,2024-07-23 02:45:04,Suspicious Amount Spike,True,2024-07-24 10:45:04
2035,63523,2024-07-23 03:44:40,Suspicious Amount Spike,True,2024-07-27 03:44:40
2036,63530,2024-07-23 10:32:16,Suspicious Amount Spike,True,2024-07-24 18:32:16
2037,63544,2024-07-23 15:38:49,Suspicious Amount Spike,True,2024-08-07 22:38:49
2038,63583,2024-07-23 20:49:43,Suspicious Amount Spike,False,
2039,63592,2024-07-24 00:14:40,Suspicious Amount Spike,True,2024-07-26 05:14:40
2040,63610,2024-07-24 11:39:50,Suspicious Amount Spike,True,2024-07-27 17:39:50
2041,63619,2024-07-24 13:35:06,Suspicious Amount Spike,True,2024-07-31 21:35:06
2042,63685,2024-07-24 23:43:04,Suspicious Amount Spike,True,2024-07-27 07:43:04
2043,63694,2024-07-25 09:46:07,Suspicious Amount Spike,True,2024-07-27 14:46:07
2044,63807,2024-07-26 13:02:13,Suspicious Amount Spike,True,2024-07-27 21:02:13
2045,63817,2024-07-26 14:53:50,Suspicious Amount Spike,True,2024-07-29 16:53:50
2046,63857,2024-07-26 19:50:10,Suspicious Amount Spike,True,2024-07-27 22:50:10
2047,63869,2024-07-26 21:37:25,Suspicious Amount Spike,True,2024-07-28 22:37:25
2048,63875,2024-07-26 22:14:25,Suspicious Amount Spike,True,2024-07-27 22:14:25
2049,63886,2024-07-26 23:15:25,Suspicious Amount Spike,True,2024-08-05 06:15:25
2050,63884,2024-07-27 01:20:27,Suspicious Amount Spike,True,2024-07-30 02:20:27
2051,63898,2024-07-27 10:03:00,Suspicious Amount Spike,True,2024-07-30 17:03:00
2052,63904,2024-07-27 13:01:44,Suspicious Amount Spike,True,2024-07-28 21:01:44
2053,63984,2024-07-28 08:29:20,Suspicious Amount Spike,True,2024-07-29 15:29:20
2054,64017,2024-07-28 16:50:31,Suspicious Amount Spike,True,2024-07-30 20:50:31
2055,64100,2024-07-29 15:34:19,Suspicious Amount Spike,True,2024-08-03 19:34:19
2056,64123,2024-07-29 18:10:47,Suspicious Amount Spike,True,2024-08-01 19:10:47
2057,64112,2024-07-29 18:26:52,Suspicious Amount Spike,True,2024-08-03 00:26:52
2058,64130,2024-07-29 21:39:06,Suspicious Amount Spike,True,2024-07-30 21:39:06
2059,64143,2024-07-29 23:15:12,Suspicious Amount Spike,True,2024-08-02 07:15:12
2060,64171,2024-07-30 14:00:59,Suspicious Amount Spike,True,2024-07-31 20:00:59
2061,64235,2024-07-30 21:32:28,Suspicious Amount Spike,True,2024-07-31 21:32:28
2062,64267,2024-07-31 15:01:01,Suspicious Amount Spike,True,2024-08-01 19:01:01
2063,64355,2024-08-01 14:05:07,Suspicious Amount Spike,True,2024-08-02 16:05:07
2064,64396,2024-08-01 21:23:48,Suspicious Amount Spike,True,2024-08-02 23:23:48
2065,64426,2024-08-02 03:29:45,Card-Not-Present Anomaly,True,2024-08-11 10:29:45
2066,64451,2024-08-02 13:32:06,Suspicious Amount Spike,True,2024-08-13 14:32:06
2067,64518,2024-08-02 23:53:56,Suspicious Amount Spike,True,2024-08-06 01:53:56
2068,64560,2024-08-03 15:36:44,Suspicious Amount Spike,True,2024-08-05 16:36:44
2069,64578,2024-08-03 19:59:40,Suspicious Amount Spike,True,2024-08-06 00:59:40
2070,64708,2024-08-05 07:22:48,Suspicious Amount Spike,True,2024-08-12 08:22:48
2071,64800,2024-08-06 13:24:00,Suspicious Amount Spike,True,2024-08-14 21:24:00
2072,64805,2024-08-06 14:06:53,Suspicious Amount Spike,True,2024-08-09 19:06:53
2073,64841,2024-08-06 21:34:31,Suspicious Amount Spike,True,2024-08-11 01:34:31
2074,64840,2024-08-07 00:14:40,Suspicious Amount Spike,True,2024-08-10 04:14:40
2075,64855,2024-08-07 09:06:00,Suspicious Amount Spike,True,2024-08-09 16:06:00
2076,64865,2024-08-07 10:51:43,Suspicious Amount Spike,True,2024-08-09 18:51:43
2077,64879,2024-08-07 14:30:28,Suspicious Amount Spike,False,
2078,64940,2024-08-07 22:28:48,Suspicious Amount Spike,True,2024-08-13 00:28:48
2079,64963,2024-08-08 09:08:20,Suspicious Amount Spike,True,2024-08-13 16:08:20
2080,64967,2024-08-08 12:05:16,Suspicious Amount Spike,True,2024-08-10 15:05:16
2081,64982,2024-08-08 14:39:36,Suspicious Amount Spike,True,2024-08-11 18:39:36
2082,65012,2024-08-08 19:15:45,Suspicious Amount Spike,True,2024-08-21 19:15:45
2083,65023,2024-08-08 21:33:58,Suspicious Amount Spike,True,2024-08-12 01:33:58
2084,65077,2024-08-09 15:06:40,Suspicious Amount Spike,True,2024-08-12 18:06:40
2085,65118,2024-08-09 19:17:53,Suspicious Amount Spike,True,2024-08-11 23:17:53
2086,65127,2024-08-09 20:58:05,Suspicious Amount Spike,True,2024-08-14 00:58:05
2087,65148,2024-08-10 11:21:29,Suspicious Amount Spike,True,2024-08-23 19:21:29
2088,65173,2024-08-10 13:33:53,Suspicious Amount Spike,True,2024-08-12 13:33:53
2089,65174,2024-08-10 14:55:26,Suspicious Amount Spike,True,2024-08-11 22:55:26
2090,65186,2024-08-10 15:21:26,Suspicious Amount Spike,True,2024-08-11 21:21:26
2091,65211,2024-08-10 19:21:07,Suspicious Amount Spike,True,2024-08-12 03:21:07
2092,65282,2024-08-11 21:40:39,Suspicious Amount Spike,True,2024-08-13 22:40:39
2093,65297,2024-08-11 22:22:22,Suspicious Amount Spike,True,2024-08-18 06:22:22
2094,65338,2024-08-12 16:40:01,Suspicious Amount Spike,True,2024-08-14 16:40:01
2095,65394,2024-08-13 01:01:40,Suspicious Amount Spike,True,2024-08-15 08:01:40
2096,65393,2024-08-13 02:30:45,Suspicious Amount Spike,True,2024-08-14 09:30:45
2097,65432,2024-08-13 14:38:20,Suspicious Amount Spike,True,2024-08-21 20:38:20
2098,65444,2024-08-13 18:10:54,Card-Not-Present Anomaly,True,2024-08-14 23:10:54
2099,65484,2024-08-14 07:57:42,Suspicious Amount Spike,True,2024-08-19 14:57:42
2100,65598,2024-08-15 13:30:02,Suspicious Amount Spike,True,2024-08-16 17:30:02
2101,65611,2024-08-15 14:13:45,Suspicious Amount Spike,True,2024-08-17 17:13:45
2102,65648,2024-08-15 19:23:16,Suspicious Amount Spike,True,2024-08-17 00:23:16
2103,65690,2024-08-16 13:05:06,Suspicious Amount Spike,True,2024-08-17 13:05:06
2104,65697,2024-08-16 15:11:19,Suspicious Amount Spike,True,2024-08-18 20:11:19
2105,65718,2024-08-16 16:26:03,Suspicious Amount Spike,True,2024-08-17 16:26:03
2106,65823,2024-08-17 17:12:13,Suspicious Amount Spike,True,2024-08-18 20:12:13
2107,65893,2024-08-18 18:35:32,Suspicious Amount Spike,True,2024-08-21 20:35:32
2108,65931,2024-08-18 23:45:23,Suspicious Amount Spike,True,2024-08-20 23:45:23
2109,65937,2024-08-19 08:26:29,Suspicious Amount Spike,True,2024-08-20 09:26:29
2110,66027,2024-08-19 22:55:08,Suspicious Amount Spike,True,2024-08-23 00:55:08
2111,66059,2024-08-20 11:59:15,Suspicious Amount Spike,True,2024-08-21 14:59:15
2112,66118,2024-08-20 20:29:15,Suspicious Amount Spike,True,2024-08-24 21:29:15
2113,66142,2024-08-21 10:57:34,Suspicious Amount Spike,True,2024-08-24 13:57:34
2114,66183,2024-08-21 16:12:29,Suspicious Amount Spike,True,2024-08-25 21:12:29
2115,66181,2024-08-21 16:49:07,Suspicious Amount Spike,True,2024-08-26 19:49:07
2116,66190,2024-08-21 19:22:20,Suspicious Amount Spike,True,2024-08-23 23:22:20
2117,66210,2024-08-21 20:28:06,Suspicious Amount Spike,True,2024-08-22 20:28:06
2118,66216,2024-08-21 23:18:55,Suspicious Amount Spike,True,2024-08-23 03:18:55
2119,66219,2024-08-21 23:40:54,Suspicious Amount Spike,True,2024-08-23 05:40:54
2120,66325,2024-08-23 09:14:35,Suspicious Amount Spike,True,2024-08-27 15:14:35
2121,66333,2024-08-23 10:49:23,Suspicious Amount Spike,True,2024-08-24 16:49:23
2122,66356,2024-08-23 15:25:45,Suspicious Amount Spike,True,2024-08-26 18:25:45
2123,66372,2024-08-23 15:56:49,Suspicious Amount Spike,True,2024-08-30 17:56:49
2124,66402,2024-08-23 22:50:45,Suspicious Amount Spike,True,2024-08-26 00:50:45
2125,66429,2024-08-24 07:17:56,Suspicious Amount Spike,True,2024-08-26 14:17:56
2126,66427,2024-08-24 07:41:51,Suspicious Amount Spike,True,2024-08-26 10:41:51
2127,66588,2024-08-25 22:05:33,Suspicious Amount Spike,True,2024-08-28 01:05:33
2128,66575,2024-08-25 22:15:30,Suspicious Amount Spike,True,2024-08-30 22:15:30
2129,66610,2024-08-26 11:55:36,Suspicious Amount Spike,True,2024-08-30 17:55:36
2130,66633,2024-08-26 18:01:12,Suspicious Amount Spike,True,2024-08-28 02:01:12
2131,66636,2024-08-26 18:40:03,Suspicious Amount Spike,True,2024-08-27 23:40:03
2132,66648,2024-08-26 19:55:54,Suspicious Amount Spike,True,2024-09-03 00:55:54
2133,66654,2024-08-26 21:34:00,Suspicious Amount Spike,True,2024-08-30 05:34:00
2134,66647,2024-08-26 22:17:29,Suspicious Amount Spike,True,2024-08-31 04:17:29
2135,66700,2024-08-27 15:24:37,Suspicious Amount Spike,True,2024-09-03 22:24:37
2136,66727,2024-08-27 19:14:40,Suspicious Amount Spike,True,2024-08-29 23:14:40
2137,66731,2024-08-27 20:34:50,Suspicious Amount Spike,True,2024-09-05 01:34:50
2138,66752,2024-08-28 08:23:47,Suspicious Amount Spike,True,2024-08-31 13:23:47
2139,66771,2024-08-28 13:55:05,Suspicious Amount Spike,True,2024-08-31 15:55:05
2140,66791,2024-08-28 16:33:17,Suspicious Amount Spike,True,2024-08-30 19:33:17
2141,66885,2024-08-29 16:17:23,Suspicious Amount Spike,True,2024-09-03 21:17:23
2142,66918,2024-08-29 20:42:43,Suspicious Amount Spike,True,2024-08-30 21:42:43
2143,67017,2024-08-30 22:54:33,Suspicious Amount Spike,True,2024-09-01 01:54:33
2144,67064,2024-08-31 12:19:57,Suspicious Amount Spike,True,2024-09-01 17:19:57
2145,67195,2024-09-02 12:20:23,Suspicious Amount Spike,True,2024-09-03 13:20:23
2146,67217,2024-09-02 14:44:55,Suspicious Amount Spike,True,2024-09-03 18:44:55
2147,67274,2024-09-02 21:41:24,Suspicious Amount Spike,True,2024-09-04 02:41:24
2148,67283,2024-09-03 02:59:47,Suspicious Amount Spike,True,2024-09-05 03:59:47
2149,67336,2024-09-03 18:41:25,Suspicious Amount Spike,True,2024-09-05 19:41:25
2150,67371,2024-09-04 00:33:22,Suspicious Amount Spike,True,2024-09-05 01:33:22
2151,67398,2024-09-04 15:23:44,Suspicious Amount Spike,True,2024-09-09 15:23:44
2152,67420,2024-09-04 19:14:30,Suspicious Amount Spike,True,2024-09-10 00:14:30
2153,67571,2024-09-06 12:49:35,Suspicious Amount Spike,True,2024-09-07 19:49:35
2154,67616,2024-09-06 20:18:01,Suspicious Amount Spike,True,2024-09-07 21:18:01
2155,67621,2024-09-06 23:01:17,Suspicious Amount Spike,True,2024-09-08 04:01:17
2156,67632,2024-09-07 00:01:28,Suspicious Amount Spike,True,2024-09-08 07:01:28
2157,67656,2024-09-07 11:46:08,Suspicious Amount Spike,True,2024-09-10 12:46:08
2158,67712,2024-09-07 20:03:37,Suspicious Amount Spike,True,2024-09-10 21:03:37
2159,67735,2024-09-07 23:36:56,Suspicious Amount Spike,True,2024-09-11 07:36:56
2160,67731,2024-09-07 23:43:05,Suspicious Amount Spike,True,2024-09-10 02:43:05
2161,67764,2024-09-08 15:26:35,Suspicious Amount Spike,True,2024-09-09 16:26:35
2162,67760,2024-09-08 15:34:56,Suspicious Amount Spike,True,2024-09-10 20:34:56
2163,67810,2024-09-08 23:53:11,Suspicious Amount Spike,True,2024-09-09 23:53:11
2164,67822,2024-09-09 03:36:42,Suspicious Amount Spike,True,2024-09-11 03:36:42
2165,67963,2024-09-10 21:12:46,Suspicious Amount Spike,True,2024-09-16 22:12:46
2166,68015,2024-09-11 14:33:46,Suspicious Amount Spike,False,
2167,68076,2024-09-12 10:06:56,Suspicious Amount Spike,False,
2168,68154,2024-09-13 08:18:06,Suspicious Amount Spike,True,2024-09-14 11:18:06
2169,68275,2024-09-14 16:26:36,Suspicious Amount Spike,True,2024-09-15 19:26:36
2170,68321,2024-09-14 19:53:47,Suspicious Amount Spike,True,2024-09-19 21:53:47
2171,68319,2024-09-14 20:36:37,Suspicious Amount Spike,True,2024-09-19 23:36:37
2172,68341,2024-09-15 08:03:34,Suspicious Amount Spike,True,2024-09-16 09:03:34
2173,68348,2024-09-15 10:32:37,Suspicious Amount Spike,True,2024-09-19 16:32:37
2174,68391,2024-09-15 17:44:18,Suspicious Amount Spike,True,2024-09-16 17:44:18
2175,68436,2024-09-16 00:58:19,Suspicious Amount Spike,True,2024-09-19 07:58:19
2176,68452,2024-09-16 13:11:04,Suspicious Amount Spike,True,2024-09-20 19:11:04
2177,68499,2024-09-16 21:41:04,Suspicious Amount Spike,True,2024-09-21 01:41:04
2178,68519,2024-09-17 03:33:42,Suspicious Amount Spike,False,
2179,68576,2024-09-17 14:48:48,Suspicious Amount Spike,True,2024-09-21 16:48:48
2180,68600,2024-09-17 16:24:30,Suspicious Amount Spike,True,2024-09-20 21:24:30
2181,68587,2024-09-17 16:42:13,Suspicious Amount Spike,True,2024-09-24 18:42:13
2182,68590,2024-09-17 17:01:45,Suspicious Amount Spike,True,2024-09-18 17:01:45
2183,68682,2024-09-18 12:39:18,Suspicious Amount Spike,True,2024-10-01 16:39:18
2184,68686,2024-09-18 13:38:29,Suspicious Amount Spike,True,2024-09-19 15:38:29
2185,68690,2024-09-18 15:11:59,Suspicious Amount Spike,True,2024-09-19 16:11:59
2186,68734,2024-09-18 23:34:32,Suspicious Amount Spike,True,2024-09-24 01:34:32
2187,68752,2024-09-19 10:00:55,Suspicious Amount Spike,True,2024-09-21 10:00:55
2188,68785,2024-09-19 15:10:21,Card-Not-Present Anomaly,True,2024-09-23 17:10:21
2189,68796,2024-09-19 16:04:51,Suspicious Amount Spike,True,2024-09-21 00:04:51
2190,68792,2024-09-19 16:42:12,Suspicious Amount Spike,True,2024-09-20 20:42:12
2191,68819,2024-09-19 21:57:43,Suspicious Amount Spike,True,2024-09-21 03:57:43
2192,68818,2024-09-19 22:10:37,Suspicious Amount Spike,True,2024-09-21 04:10:37
2193,68835,2024-09-19 23:01:43,Suspicious Amount Spike,True,2024-09-21 23:01:43
2194,68972,2024-09-21 12:51:45,Suspicious Amount Spike,True,2024-09-25 17:51:45
2195,68996,2024-09-21 19:59:08,Card-Not-Present Anomaly,True,2024-09-28 02:59:08
2196,69006,2024-09-21 20:39:00,Suspicious Amount Spike,True,2024-09-23 03:39:00
2197,69050,2024-09-22 12:07:27,Suspicious Amount Spike,True,2024-09-23 19:07:27
2198,69069,2024-09-22 16:16:49,Suspicious Amount Spike,True,2024-09-23 21:16:49
2199,69112,2024-09-22 23:00:36,Suspicious Amount Spike,True,2024-09-23 23:00:36
2200,69151,2024-09-23 17:02:15,Suspicious Amount Spike,True,2024-09-26 21:02:15
2201,69155,2024-09-23 17:19:53,Suspicious Amount Spike,True,2024-09-24 21:19:53
2202,69257,2024-09-24 19:36:44,Suspicious Amount Spike,False,
2203,69264,2024-09-24 20:50:23,Suspicious Amount Spike,True,2024-09-27 22:50:23
2204,69284,2024-09-25 02:10:50,Suspicious Amount Spike,False,
2205,69294,2024-09-25 09:33:34,Suspicious Amount Spike,True,2024-09-27 09:33:34
2206,69372,2024-09-26 00:12:55,Suspicious Amount Spike,True,2024-09-28 04:12:55
2207,69406,2024-09-26 16:02:29,Suspicious Amount Spike,True,2024-09-29 19:02:29
2208,69444,2024-09-26 19:30:00,Suspicious Amount Spike,True,2024-10-05 01:30:00
2209,69443,2024-09-26 19:34:40,Suspicious Amount Spike,True,2024-10-04 20:34:40
2210,69471,2024-09-26 22:42:22,Suspicious Amount Spike,True,2024-09-28 00:42:22
2211,69491,2024-09-27 08:41:53,Suspicious Amount Spike,True,2024-09-28 09:41:53
2212,69538,2024-09-27 17:11:50,Suspicious Amount Spike,False,
2213,69613,2024-09-28 15:53:46,Suspicious Amount Spike,True,2024-09-29 15:53:46
2214,69850,2024-10-01 09:50:22,Suspicious Amount Spike,True,2024-10-08 09:50:22
2215,69909,2024-10-01 21:31:14,Suspicious Amount Spike,True,2024-10-04 04:31:14
2216,69935,2024-10-02 07:03:10,Suspicious Amount Spike,True,2024-10-03 15:03:10
2217,69989,2024-10-02 17:49:08,Suspicious Amount Spike,True,2024-10-05 21:49:08
2218,70018,2024-10-02 23:20:39,Suspicious Amount Spike,True,2024-10-14 05:20:39
2219,70027,2024-10-03 01:18:39,Suspicious Amount Spike,True,2024-10-12 04:18:39
2220,70064,2024-10-03 17:01:32,Suspicious Amount Spike,True,2024-10-05 18:01:32
2221,70074,2024-10-03 18:59:11,Suspicious Amount Spike,True,2024-10-11 00:59:11
2222,70107,2024-10-03 20:17:53,Suspicious Amount Spike,True,2024-10-10 23:17:53
2223,70102,2024-10-03 22:22:47,Suspicious Amount Spike,True,2024-10-06 04:22:47
2224,70168,2024-10-04 16:06:11,Suspicious Amount Spike,True,2024-10-05 17:06:11
2225,70232,2024-10-04 23:14:43,Suspicious Amount Spike,True,2024-10-06 07:14:43
2226,70289,2024-10-05 19:58:20,Suspicious Amount Spike,True,2024-10-09 22:58:20
2227,70316,2024-10-06 02:07:17,Suspicious Amount Spike,True,2024-10-07 04:07:17
2228,70479,2024-10-08 02:48:50,Suspicious Amount Spike,True,2024-10-14 10:48:50
2229,70482,2024-10-08 05:22:18,Suspicious Amount Spike,True,2024-10-16 13:22:18
2230,70489,2024-10-08 09:21:24,Suspicious Amount Spike,True,2024-10-09 17:21:24
2231,70519,2024-10-08 16:54:49,Suspicious Amount Spike,True,2024-10-13 20:54:49
2232,70549,2024-10-08 20:37:57,Suspicious Amount Spike,True,2024-10-12 20:37:57
2233,70568,2024-10-09 00:07:21,Suspicious Amount Spike,True,2024-10-10 07:07:21
2234,70563,2024-10-09 00:41:11,Suspicious Amount Spike,True,2024-10-10 02:41:11
2235,70623,2024-10-09 20:52:27,Suspicious Amount Spike,True,2024-10-18 03:52:27
2236,70631,2024-10-09 20:52:54,Suspicious Amount Spike,True,2024-10-12 20:52:54
2237,70639,2024-10-09 23:13:44,Suspicious Amount Spike,True,2024-10-10 23:13:44
2238,70679,2024-10-10 11:23:10,Suspicious Amount Spike,True,2024-10-12 14:23:10
2239,70674,2024-10-10 11:34:41,Suspicious Amount Spike,True,2024-10-21 19:34:41
2240,70686,2024-10-10 11:45:31,Suspicious Amount Spike,True,2024-10-11 12:45:31
2241,70694,2024-10-10 13:26:07,Suspicious Amount Spike,True,2024-10-14 20:26:07
2242,70799,2024-10-11 12:59:53,Suspicious Amount Spike,True,2024-10-13 20:59:53
2243,70826,2024-10-11 14:46:12,Suspicious Amount Spike,True,2024-10-12 16:46:12
2244,70837,2024-10-11 16:33:42,Suspicious Amount Spike,True,2024-10-12 22:33:42
2245,70961,2024-10-12 21:37:04,Suspicious Amount Spike,False,
2246,71010,2024-10-13 13:52:16,Suspicious Amount Spike,True,2024-10-19 17:52:16
2247,71031,2024-10-13 18:37:15,Suspicious Amount Spike,True,2024-10-20 01:37:15
2248,71085,2024-10-14 10:55:50,Suspicious Amount Spike,True,2024-10-20 11:55:50
2249,71164,2024-10-15 03:03:36,Suspicious Amount Spike,True,2024-10-18 08:03:36
2250,71188,2024-10-15 14:40:16,Suspicious Amount Spike,True,2024-10-16 16:40:16
2251,71268,2024-10-16 13:07:42,Suspicious Amount Spike,True,2024-10-18 16:07:42
2252,71340,2024-10-17 08:10:50,Suspicious Amount Spike,True,2024-10-19 14:10:50
2253,71457,2024-10-18 11:17:13,Suspicious Amount Spike,True,2024-10-23 11:17:13
2254,71454,2024-10-18 12:17:24,Suspicious Amount Spike,True,2024-10-23 14:17:24
2255,71525,2024-10-18 21:39:06,Suspicious Amount Spike,True,2024-10-20 21:39:06
2256,71552,2024-10-19 11:35:30,Suspicious Amount Spike,True,2024-11-03 17:35:30
2257,71630,2024-10-19 21:56:06,Suspicious Amount Spike,True,2024-10-24 00:56:06
2258,71702,2024-10-20 18:35:57,Suspicious Amount Spike,True,2024-10-22 23:35:57
2259,71735,2024-10-21 09:17:27,Suspicious Amount Spike,True,2024-10-22 11:17:27
2260,71798,2024-10-21 20:02:22,Suspicious Amount Spike,True,2024-10-23 00:02:22
2261,71809,2024-10-21 22:07:32,Suspicious Amount Spike,True,2024-10-31 04:07:32
2262,71835,2024-10-22 03:42:01,Suspicious Amount Spike,True,2024-10-25 11:42:01
2263,71847,2024-10-22 10:22:01,Suspicious Amount Spike,True,2024-10-24 17:22:01
2264,71906,2024-10-22 21:05:15,Suspicious Amount Spike,True,2024-10-24 22:05:15
2265,71918,2024-10-22 22:51:30,Suspicious Amount Spike,True,2024-10-25 23:51:30
2266,71931,2024-10-23 11:11:33,Suspicious Amount Spike,True,2024-10-25 14:11:33
2267,71970,2024-10-23 15:16:35,Suspicious Amount Spike,True,2024-11-04 20:16:35
2268,72113,2024-10-25 02:51:48,Suspicious Amount Spike,True,2024-11-02 05:51:48
2269,72148,2024-10-25 16:19:48,Suspicious Amount Spike,True,2024-10-28 22:19:48
2270,72160,2024-10-25 16:42:36,Suspicious Amount Spike,True,2024-10-27 00:42:36
2271,72269,2024-10-26 18:13:16,Suspicious Amount Spike,True,2024-11-05 19:13:16
2272,72274,2024-10-26 19:02:01,Suspicious Amount Spike,True,2024-11-05 02:02:01
2273,72404,2024-10-28 12:14:09,Suspicious Amount Spike,True,2024-10-29 20:14:09
2274,72424,2024-10-28 15:09:18,Suspicious Amount Spike,True,2024-11-08 17:09:18
2275,72461,2024-10-28 21:39:11,Suspicious Amount Spike,True,2024-11-03 01:39:11
2276,72481,2024-10-28 22:58:03,Suspicious Amount Spike,True,2024-11-01 03:58:03
2277,72487,2024-10-29 06:31:02,Suspicious Amount Spike,True,2024-11-06 11:31:02
2278,72539,2024-10-29 20:04:13,Suspicious Amount Spike,True,2024-11-01 00:04:13
2279,72576,2024-10-30 09:51:23,Suspicious Amount Spike,True,2024-10-31 09:51:23
2280,72611,2024-10-30 13:43:10,Suspicious Amount Spike,True,2024-10-31 14:43:10
2281,72632,2024-10-30 17:27:04,Suspicious Amount Spike,True,2024-11-01 19:27:04
2282,72718,2024-10-31 18:55:08,Suspicious Amount Spike,True,2024-11-10 02:55:08
2283,72751,2024-10-31 23:01:29,Suspicious Amount Spike,True,2024-11-02 01:01:29
2284,72763,2024-11-01 02:30:27,Suspicious Amount Spike,True,2024-11-17 02:30:27
2285,72783,2024-11-01 10:45:15,Suspicious Amount Spike,True,2024-11-02 16:45:15
2286,72790,2024-11-01 11:31:32,Suspicious Amount Spike,True,2024-11-11 12:31:32
2287,72778,2024-11-01 11:34:19,Suspicious Amount Spike,False,
2288,72809,2024-11-01 15:28:02,Suspicious Amount Spike,True,2024-11-09 19:28:02
2289,73059,2024-11-03 20:07:44,Suspicious Amount Spike,True,2024-11-04 20:07:44
2290,73072,2024-11-03 21:40:52,Suspicious Amount Spike,True,2024-11-07 04:40:52
2291,73178,2024-11-05 00:10:14,Suspicious Amount Spike,True,2024-11-09 00:10:14
2292,73206,2024-11-05 13:33:24,Suspicious Amount Spike,True,2024-11-11 21:33:24
2293,73311,2024-11-06 14:37:41,Suspicious Amount Spike,True,2024-11-10 22:37:41
2294,73316,2024-11-06 14:55:14,Suspicious Amount Spike,True,2024-11-10 15:55:14
2295,73321,2024-11-06 15:35:17,Suspicious Amount Spike,True,2024-11-07 20:35:17
2296,73332,2024-11-06 16:29:13,Suspicious Amount Spike,True,2024-11-09 19:29:13
2297,73372,2024-11-06 21:26:41,Suspicious Amount Spike,True,2024-11-13 04:26:41
2298,73364,2024-11-06 21:30:16,Suspicious Amount Spike,True,2024-11-08 21:30:16
2299,73374,2024-11-06 23:44:25,Suspicious Amount Spike,True,2024-11-09 07:44:25
2300,73384,2024-11-07 01:27:40,Suspicious Amount Spike,True,2024-11-08 09:27:40
2301,73399,2024-11-07 11:28:33,Suspicious Amount Spike,True,2024-11-11 12:28:33
2302,73423,2024-11-07 14:55:21,Suspicious Amount Spike,True,2024-11-09 17:55:21
2303,73420,2024-11-07 15:26:34,Suspicious Amount Spike,True,2024-11-13 21:26:34
2304,73484,2024-11-07 21:48:29,Suspicious Amount Spike,True,2024-11-10 23:48:29
2305,73478,2024-11-07 22:36:11,Suspicious Amount Spike,True,2024-11-09 06:36:11
2306,73637,2024-11-09 15:15:35,Suspicious Amount Spike,True,2024-11-13 22:15:35
2307,73654,2024-11-09 16:39:05,Suspicious Amount Spike,True,2024-11-10 18:39:05
2308,73656,2024-11-09 17:30:33,Suspicious Amount Spike,True,2024-11-10 20:30:33
2309,73641,2024-11-09 18:03:21,Suspicious Amount Spike,True,2024-11-12 00:03:21
2310,73671,2024-11-09 20:37:38,Suspicious Amount Spike,True,2024-11-10 22:37:38
2311,73692,2024-11-09 20:51:39,Suspicious Amount Spike,False,
2312,73716,2024-11-10 12:24:20,Suspicious Amount Spike,True,2024-11-15 16:24:20
2313,73764,2024-11-10 17:14:25,Suspicious Amount Spike,True,2024-11-13 00:14:25
2314,73776,2024-11-10 21:05:50,Suspicious Amount Spike,True,2024-11-14 03:05:50
2315,73799,2024-11-11 00:59:06,Suspicious Amount Spike,True,2024-11-14 04:59:06
2316,73801,2024-11-11 03:27:29,Suspicious Amount Spike,True,2024-11-13 06:27:29
2317,73814,2024-11-11 10:49:41,Suspicious Amount Spike,True,2024-11-14 11:49:41
2318,73826,2024-11-11 13:14:27,Suspicious Amount Spike,True,2024-11-13 14:14:27
2319,73829,2024-11-11 13:42:52,Suspicious Amount Spike,True,2024-11-12 15:42:52
2320,73859,2024-11-11 18:35:11,Suspicious Amount Spike,True,2024-11-12 21:35:11
2321,73944,2024-11-12 11:19:09,Suspicious Amount Spike,True,2024-11-14 19:19:09
2322,73964,2024-11-12 13:50:35,Suspicious Amount Spike,False,
2323,73955,2024-11-12 13:52:50,Suspicious Amount Spike,True,2024-11-23 14:52:50
2324,73985,2024-11-12 14:08:44,Suspicious Amount Spike,True,2024-11-16 16:08:44
2325,73981,2024-11-12 15:23:20,Suspicious Amount Spike,True,2024-11-15 23:23:20
2326,74005,2024-11-12 15:36:52,Suspicious Amount Spike,True,2024-11-16 19:36:52
2327,74008,2024-11-12 17:02:58,Suspicious Amount Spike,True,2024-11-14 01:02:58
2328,74065,2024-11-12 23:12:11,Suspicious Amount Spike,True,2024-11-14 03:12:11
2329,74114,2024-11-13 12:20:56,Suspicious Amount Spike,True,2024-11-14 16:20:56
2330,74103,2024-11-13 12:46:03,Suspicious Amount Spike,True,2024-11-15 17:46:03
2331,74146,2024-11-13 16:46:16,Suspicious Amount Spike,True,2024-11-15 23:46:16
2332,74147,2024-11-13 17:38:21,Suspicious Amount Spike,True,2024-11-19 01:38:21
2333,74182,2024-11-13 22:34:56,Suspicious Amount Spike,False,
2334,74200,2024-11-14 03:39:17,Suspicious Amount Spike,True,2024-11-17 06:39:17
2335,74211,2024-11-14 10:04:01,Suspicious Amount Spike,True,2024-11-15 12:04:01
2336,74242,2024-11-14 14:16:03,Suspicious Amount Spike,True,2024-11-18 15:16:03
2337,74346,2024-11-15 11:24:35,Suspicious Amount Spike,True,2024-11-19 12:24:35
2338,74409,2024-11-15 20:46:12,Suspicious Amount Spike,True,2024-11-17 02:46:12
2339,74416,2024-11-15 22:03:59,Suspicious Amount Spike,True,2024-11-17 00:03:59
2340,74475,2024-11-16 10:54:53,Suspicious Amount Spike,True,2024-11-18 15:54:53
2341,74492,2024-11-16 13:36:54,Suspicious Amount Spike,True,2024-11-19 21:36:54
2342,74501,2024-11-16 15:17:02,Suspicious Amount Spike,True,2024-11-17 16:17:02
2343,74507,2024-11-16 15:26:47,Suspicious Amount Spike,True,2024-11-19 17:26:47
2344,74527,2024-11-16 20:50:03,Suspicious Amount Spike,True,2024-11-17 21:50:03
2345,74556,2024-11-16 22:58:13,Suspicious Amount Spike,True,2024-11-23 05:58:13
2346,74564,2024-11-17 00:46:42,Card-Not-Present Anomaly,True,2024-11-25 02:46:42
2347,74581,2024-11-17 08:04:19,Suspicious Amount Spike,True,2024-11-26 13:04:19
2348,74606,2024-11-17 14:06:20,Suspicious Amount Spike,True,2024-11-19 15:06:20
2349,74674,2024-11-18 00:37:21,Suspicious Amount Spike,True,2024-12-05 02:37:21
2350,74699,2024-11-18 14:06:44,Suspicious Amount Spike,True,2024-11-23 21:06:44
2351,74716,2024-11-18 14:23:12,Suspicious Amount Spike,True,2024-11-20 22:23:12
2352,74719,2024-11-18 14:32:38,Suspicious Amount Spike,True,2024-11-19 20:32:38
2353,74812,2024-11-19 16:10:33,Suspicious Amount Spike,True,2024-11-25 20:10:33
2354,74821,2024-11-19 16:54:16,Suspicious Amount Spike,True,2024-11-24 18:54:16
2355,74847,2024-11-19 18:47:57,Suspicious Amount Spike,False,
2356,74856,2024-11-19 19:35:29,Suspicious Amount Spike,True,2024-11-23 21:35:29
2357,74861,2024-11-19 21:10:38,Suspicious Amount Spike,True,2024-11-21 02:10:38
2358,74885,2024-11-20 02:20:03,Suspicious Amount Spike,True,2024-11-21 06:20:03
2359,74959,2024-11-20 19:13:05,Suspicious Amount Spike,True,2024-11-23 01:13:05
2360,74961,2024-11-20 20:20:45,Suspicious Amount Spike,True,2024-11-21 21:20:45
2361,75010,2024-11-21 08:26:06,Suspicious Amount Spike,True,2024-11-23 11:26:06
2362,75023,2024-11-21 12:35:17,Suspicious Amount Spike,True,2024-11-22 12:35:17
2363,75065,2024-11-21 19:18:59,Suspicious Amount Spike,True,2024-11-25 22:18:59
2364,75064,2024-11-21 19:50:49,Suspicious Amount Spike,False,
2365,75073,2024-11-21 21:19:02,Suspicious Amount Spike,True,2024-11-30 03:19:02
2366,75088,2024-11-21 23:37:43,Suspicious Amount Spike,True,2024-11-23 05:37:43
2367,75151,2024-11-22 18:19:05,Suspicious Amount Spike,True,2024-12-05 22:19:05
2368,75193,2024-11-22 23:47:54,Suspicious Amount Spike,True,2024-11-28 03:47:54
2369,75206,2024-11-23 04:29:37,Suspicious Amount Spike,True,2024-11-24 04:29:37
2370,75237,2024-11-23 13:06:04,Suspicious Amount Spike,True,2024-11-24 14:06:04
2371,75294,2024-11-24 00:21:08,Suspicious Amount Spike,True,2024-11-25 06:21:08
2372,75348,2024-11-24 17:32:54,Suspicious Amount Spike,True,2024-11-28 01:32:54
2373,75376,2024-11-24 19:13:42,Suspicious Amount Spike,False,
2374,75368,2024-11-24 20:41:27,Suspicious Amount Spike,True,2024-11-30 20:41:27
2375,75428,2024-11-25 10:39:20,Suspicious Amount Spike,True,2024-11-26 14:39:20
2376,75421,2024-11-25 11:26:44,Suspicious Amount Spike,True,2024-11-27 17:26:44
2377,75433,2024-11-25 13:18:31,Suspicious Amount Spike,True,2024-11-28 20:18:31
2378,75524,2024-11-26 06:07:50,Suspicious Amount Spike,True,2024-11-27 11:07:50
2379,75556,2024-11-26 14:35:23,Suspicious Amount Spike,True,2024-11-29 22:35:23
2380,75558,2024-11-26 15:11:15,Suspicious Amount Spike,True,2024-12-03 16:11:15
2381,75578,2024-11-26 16:58:49,Suspicious Amount Spike,True,2024-11-27 23:58:49
2382,75612,2024-11-27 00:25:13,Suspicious Amount Spike,True,2024-11-28 02:25:13
2383,75643,2024-11-27 13:51:10,Suspicious Amount Spike,True,2024-12-04 15:51:10
2384,75657,2024-11-27 14:23:05,Suspicious Amount Spike,True,2024-12-01 19:23:05
2385,75665,2024-11-27 17:10:18,Suspicious Amount Spike,True,2024-11-30 20:10:18
2386,75723,2024-11-28 05:37:25,Suspicious Amount Spike,True,2024-11-29 13:37:25
2387,75729,2024-11-28 08:19:28,Suspicious Amount Spike,True,2024-12-02 10:19:28
2388,75773,2024-11-28 14:48:05,Suspicious Amount Spike,True,2024-11-30 19:48:05
2389,75802,2024-11-28 18:13:31,Suspicious Amount Spike,True,2024-11-30 18:13:31
2390,75942,2024-11-29 19:47:00,Suspicious Amount Spike,True,2024-11-30 21:47:00
2391,75940,2024-11-29 20:36:31,Suspicious Amount Spike,True,2024-12-02 00:36:31
2392,75945,2024-11-29 21:15:28,Suspicious Amount Spike,True,2024-12-12 21:15:28
2393,75987,2024-11-30 11:47:53,Suspicious Amount Spike,True,2024-12-02 16:47:53
2394,76027,2024-11-30 15:05:39,Suspicious Amount Spike,True,2024-12-01 19:05:39
2395,76047,2024-11-30 17:43:22,Suspicious Amount Spike,True,2024-12-02 00:43:22
2396,76115,2024-12-01 13:06:36,Suspicious Amount Spike,True,2024-12-09 20:06:36
2397,76158,2024-12-01 18:23:44,Suspicious Amount Spike,True,2024-12-03 02:23:44
2398,76193,2024-12-01 22:38:02,Suspicious Amount Spike,True,2024-12-03 00:38:02
2399,76203,2024-12-02 09:25:22,Suspicious Amount Spike,True,2024-12-12 11:25:22
2400,76234,2024-12-02 14:02:35,Suspicious Amount Spike,True,2024-12-04 20:02:35
2401,76267,2024-12-02 18:27:19,Suspicious Amount Spike,True,2024-12-04 20:27:19
2402,76263,2024-12-02 19:24:20,Suspicious Amount Spike,True,2024-12-07 02:24:20
2403,76381,2024-12-03 14:31:11,Suspicious Amount Spike,True,2024-12-08 16:31:11
2404,76358,2024-12-03 14:55:23,Suspicious Amount Spike,True,2024-12-09 17:55:23
2405,76384,2024-12-03 16:19:00,Suspicious Amount Spike,True,2024-12-13 22:19:00
2406,76434,2024-12-03 19:23:02,Suspicious Amount Spike,True,2024-12-11 01:23:02
2407,76438,2024-12-03 20:32:31,Suspicious Amount Spike,True,2024-12-06 00:32:31
2408,76462,2024-12-03 22:56:02,Suspicious Amount Spike,True,2024-12-08 06:56:02
2409,76551,2024-12-04 18:55:49,Suspicious Amount Spike,True,2024-12-07 18:55:49
2410,76565,2024-12-04 21:15:24,Suspicious Amount Spike,True,2024-12-06 03:15:24
2411,76597,2024-12-05 07:28:57,Suspicious Amount Spike,True,2024-12-10 11:28:57
2412,76642,2024-12-05 15:52:42,Suspicious Amount Spike,True,2024-12-09 21:52:42
2413,76651,2024-12-05 17:50:35,Suspicious Amount Spike,True,2024-12-06 20:50:35
2414,76662,2024-12-05 18:41:26,Suspicious Amount Spike,True,2024-12-19 21:41:26
2415,76716,2024-12-06 00:27:22,Suspicious Amount Spike,True,2024-12-07 02:27:22
2416,76755,2024-12-06 12:21:43,Suspicious Amount Spike,True,2024-12-10 12:21:43
2417,76757,2024-12-06 14:21:34,Suspicious Amount Spike,True,2024-12-07 17:21:34
2418,76843,2024-12-06 21:01:56,Suspicious Amount Spike,True,2024-12-08 21:01:56
2419,76876,2024-12-07 05:17:34,Suspicious Amount Spike,True,2024-12-08 05:17:34
2420,76911,2024-12-07 13:21:02,Suspicious Amount Spike,True,2024-12-12 13:21:02
2421,76941,2024-12-07 18:01:15,Suspicious Amount Spike,True,2024-12-14 23:01:15
2422,76972,2024-12-07 21:35:08,Suspicious Amount Spike,True,2024-12-12 22:35:08
2423,76994,2024-12-08 03:47:17,Suspicious Amount Spike,True,2024-12-09 07:47:17
2424,76998,2024-12-08 08:54:29,Suspicious Amount Spike,True,2024-12-21 11:54:29
2425,77003,2024-12-08 12:49:37,Suspicious Amount Spike,True,2024-12-13 13:49:37
2426,77024,2024-12-08 13:54:54,Suspicious Amount Spike,True,2024-12-10 14:54:54
2427,77034,2024-12-08 16:22:50,Suspicious Amount Spike,True,2024-12-09 19:22:50
2428,77072,2024-12-08 22:56:40,Suspicious Amount Spike,True,2024-12-13 05:56:40
2429,77119,2024-12-09 14:35:11,Suspicious Amount Spike,True,2024-12-10 22:35:11
2430,77162,2024-12-09 19:05:44,Suspicious Amount Spike,True,2024-12-10 21:05:44
2431,77306,2024-12-10 22:01:57,Suspicious Amount Spike,True,2024-12-13 06:01:57
2432,77347,2024-12-11 11:48:33,Suspicious Amount Spike,True,2024-12-12 16:48:33
2433,77342,2024-12-11 11:54:40,Suspicious Amount Spike,False,
2434,77481,2024-12-12 12:19:36,Suspicious Amount Spike,False,
2435,77556,2024-12-12 22:53:13,Suspicious Amount Spike,False,
2436,77553,2024-12-12 23:10:11,Suspicious Amount Spike,False,
2437,77623,2024-12-13 15:19:14,Suspicious Amount Spike,False,
2438,77654,2024-12-13 18:56:22,Suspicious Amount Spike,False,
2439,77681,2024-12-13 22:48:12,Suspicious Amount Spike,True,2024-12-20 01:48:12
2440,77697,2024-12-13 23:10:40,Suspicious Amount Spike,False,
2441,77742,2024-12-14 13:39:04,Suspicious Amount Spike,False,
2442,77741,2024-12-14 13:58:19,Suspicious Amount Spike,False,
2443,77786,2024-12-14 17:07:45,Suspicious Amount Spike,False,
2444,77825,2024-12-14 21:11:12,Suspicious Amount Spike,False,
2445,77961,2024-12-15 20:31:04,Suspicious Amount Spike,False,
2446,77967,2024-12-15 22:09:04,Suspicious Amount Spike,False,
2447,77975,2024-12-16 01:15:21,Suspicious Amount Spike,True,2024-12-17 01:15:21
2448,78026,2024-12-16 16:15:59,Suspicious Amount Spike,False,
2449,78050,2024-12-16 17:42:18,Suspicious Amount Spike,False,
2450,78084,2024-12-16 22:19:36,Suspicious Amount Spike,False,
2451,78135,2024-12-17 14:41:41,Suspicious Amount Spike,False,
2452,78199,2024-12-17 22:38:40,Suspicious Amount Spike,False,
2453,78249,2024-12-18 11:51:15,Suspicious Amount Spike,False,
2454,78286,2024-12-18 16:51:53,Suspicious Amount Spike,True,2024-12-24 23:51:53
2455,78297,2024-12-18 17:39:48,Suspicious Amount Spike,True,2025-01-07 00:39:48
2456,78360,2024-12-19 08:41:33,Suspicious Amount Spike,False,
2457,78398,2024-12-19 14:50:24,Suspicious Amount Spike,False,
2458,78414,2024-12-19 17:01:41,Suspicious Amount Spike,False,
2459,78491,2024-12-20 08:39:51,Suspicious Amount Spike,False,
2460,78536,2024-12-20 14:16:59,Suspicious Amount Spike,True,2024-12-23 18:16:59
2461,78515,2024-12-20 14:32:33,Suspicious Amount Spike,False,
2462,78635,2024-12-21 01:22:30,Suspicious Amount Spike,False,
2463,78706,2024-12-21 16:35:50,Suspicious Amount Spike,False,
2464,78721,2024-12-21 17:09:13,Suspicious Amount Spike,False,
2465,78726,2024-12-21 19:11:49,Suspicious Amount Spike,True,2024-12-23 01:11:49
2466,78764,2024-12-21 23:02:39,Suspicious Amount Spike,False,
2467,78781,2024-12-22 00:48:13,Suspicious Amount Spike,False,
2468,78792,2024-12-22 08:53:08,Suspicious Amount Spike,True,2024-12-27 11:53:08
2469,78822,2024-12-22 12:52:47,Suspicious Amount Spike,False,
2470,78876,2024-12-22 21:44:43,Suspicious Amount Spike,False,
2471,78920,2024-12-23 11:33:07,Suspicious Amount Spike,False,
2472,78966,2024-12-23 18:46:12,Suspicious Amount Spike,False,
2473,78952,2024-12-23 18:47:15,Suspicious Amount Spike,False,
2474,78977,2024-12-23 20:52:34,Suspicious Amount Spike,False,
2475,78980,2024-12-23 23:01:31,Suspicious Amount Spike,False,
2476,78992,2024-12-23 23:33:49,Suspicious Amount Spike,False,
2477,79037,2024-12-24 12:03:48,Suspicious Amount Spike,False,
2478,79089,2024-12-24 18:39:54,Suspicious Amount Spike,False,
2479,79157,2024-12-25 11:44:28,Suspicious Amount Spike,False,
2480,79148,2024-12-25 12:13:56,Suspicious Amount Spike,False,
2481,79171,2024-12-25 12:56:56,Suspicious Amount Spike,False,
2482,79191,2024-12-25 17:25:45,Suspicious Amount Spike,False,
2483,79201,2024-12-25 18:05:37,Suspicious Amount Spike,False,
2484,79226,2024-12-25 18:33:05,Suspicious Amount Spike,False,
2485,79246,2024-12-25 21:15:13,Suspicious Amount Spike,False,
2486,79327,2024-12-26 17:29:22,Suspicious Amount Spike,False,
2487,79359,2024-12-26 21:15:11,Suspicious Amount Spike,False,
2488,79448,2024-12-27 16:57:20,Suspicious Amount Spike,False,
2489,79484,2024-12-27 21:46:55,Suspicious Amount Spike,False,
2490,79486,2024-12-27 21:48:11,Suspicious Amount Spike,False,
2491,79554,2024-12-28 11:17:30,Suspicious Amount Spike,True,2024-12-31 18:17:30
2492,79573,2024-12-28 15:49:02,Suspicious Amount Spike,False,
2493,79591,2024-12-28 17:18:05,Suspicious Amount Spike,False,
2494,79646,2024-12-29 00:32:37,Suspicious Amount Spike,True,2024-12-30 06:32:37
2495,79652,2024-12-29 02:23:46,Suspicious Amount Spike,False,
2496,79725,2024-12-29 19:05:28,Suspicious Amount Spike,False,
2497,79753,2024-12-30 00:30:29,Suspicious Amount Spike,False,
2498,79802,2024-12-30 16:53:16,Suspicious Amount Spike,False,
2499,79851,2024-12-30 21:45:09,Suspicious Amount Spike,True,2025-01-01 21:45:09
2500,79926,2024-12-31 15:41:00,Suspicious Amount Spike,False,
