merchant_id,merchant_name,category,country,registration_date,risk_tier
1,Atkins Group,Entertainment,Australia,2019-04-11,high
2,"Snyder, Smith and Morris",Travel,France,2020-03-20,low
3,"Stark, Hodges and Beard",Food & Beverage,Canada,2016-12-20,medium
4,Morris-Vang,Food & Beverage,Germany,2017-01-27,low
5,"Bean, Boone and King",Travel,Spain,2018-07-21,low
6,Walsh-Vasquez,Retail,Germany,2022-12-02,low
7,Floyd Inc,Healthcare,Canada,2022-01-21,low
8,Wells-Melendez,Services,Australia,2019-04-08,medium
9,Lewis Group,Travel,Canada,2021-03-18,low
10,Diaz-Cooper,Food & Beverage,United Kingdom,2016-08-13,medium
11,Davis Group,Healthcare,Australia,2016-01-17,low
12,Lopez Inc,Entertainment,Germany,2023-12-01,low
13,Turner-Wright,Retail,France,2021-02-22,low
14,Hart-Garrett,Utilities,Australia,2019-03-03,low
15,"Gonzalez, Murray and Williams",Retail,Canada,2021-12-26,low
16,Buchanan Inc,Retail,Germany,2024-08-14,medium
17,Walter Group,Services,Canada,2017-04-22,low
18,"Lane, Miller and Hurst",Food & Beverage,United Kingdom,2018-10-07,low
19,Garcia-Gonzales,Services,France,2017-01-03,low
20,"Henderson, Novak and Best",Food & Beverage,Italy,2023-04-25,low
21,"Cobb, Arnold and Simon",Utilities,Spain,2020-11-09,low
22,Campbell Group,Electronics,Germany,2017-02-07,low
23,Wilson LLC,Retail,Australia,2024-07-27,low
24,Diaz-Morrow,Services,United Kingdom,2024-01-01,medium
25,Jones LLC,Retail,Canada,2020-03-04,low
26,"Young, Smith and Weiss",Food & Beverage,Australia,2023-01-17,medium
27,Malone-Rodriguez,Food & Beverage,United Kingdom,2022-10-13,low
28,Cook-Lopez,Entertainment,Canada,2019-02-26,medium
29,Suarez-West,Healthcare,Canada,2024-06-01,low
30,Contreras-Payne,Retail,Canada,2019-06-18,medium
31,"Bradley, Kramer and Peterson",Healthcare,United Kingdom,2017-04-10,low
32,"Mercado, Roman and Davis",Retail,Germany,2021-12-23,low
33,Swanson and Sons,Food & Beverage,Netherlands,2021-12-01,medium
34,"Adams, Franklin and Mcconnell",Utilities,France,2019-07-01,low
35,"Wagner, Brown and Best",Food & Beverage,United Kingdom,2017-09-09,low
36,"Lewis, Powell and Chavez",Utilities,Germany,2021-04-19,low
37,"Quinn, Charles and Campbell",Entertainment,Germany,2016-12-31,low
38,"Graham, Smith and Gonzalez",Food & Beverage,France,2016-01-15,low
39,Ortega-Hughes,Utilities,France,2019-08-15,low
40,Thompson-Cox,Food & Beverage,Australia,2024-03-10,low
41,"Holt, Ochoa and Jackson",Services,United Kingdom,2016-07-20,low
42,"Hayes, Wallace and Wilson",Food & Beverage,Germany,2017-11-05,low
43,Lopez Group,Retail,United Kingdom,2020-03-11,low
44,"Jones, Wilson and Velazquez",Travel,Netherlands,2017-10-08,low
45,Shaw-Bowman,Entertainment,United Kingdom,2017-08-24,low
46,Hoover and Sons,Services,United Kingdom,2016-04-14,low
47,"Rich, Williams and Wilson",Food & Beverage,Germany,2018-01-15,low
48,Dixon-Nguyen,Food & Beverage,Spain,2017-08-18,low
49,Rivera-Moore,Entertainment,Canada,2016-10-03,low
50,Cole Inc,Food & Beverage,United Kingdom,2018-12-19,low
51,"Carey, Floyd and Sherman",Travel,France,2023-09-16,low
52,"Walls, Perez and Mcdaniel",Travel,Germany,2016-07-25,low
53,Wilson-Hernandez,Healthcare,United Kingdom,2021-03-22,medium
54,Knight-Smith,Entertainment,France,2024-02-29,low
55,Cummings and Sons,Travel,Canada,2019-03-27,low
56,Herrera-Diaz,Travel,Australia,2020-03-11,low
57,"Lopez, Fox and Bradley",Services,Australia,2016-11-28,low
58,Aguilar Group,Electronics,Canada,2018-01-06,low
59,Short-Kennedy,Food & Beverage,Australia,2020-10-03,low
60,"Gutierrez, Miller and Bradley",Entertainment,United Kingdom,2016-03-21,low
61,"Green, Mclean and Flowers",Entertainment,France,2019-10-22,low
62,Diaz Inc,Retail,United Kingdom,2016-04-27,low
63,"Armstrong, Sellers and Brown",Utilities,Germany,2022-04-22,low
64,Munoz Inc,Services,Ireland,2022-07-28,low
65,Russell LLC,Electronics,Canada,2018-10-27,low
66,Norton Group,Food & Beverage,Australia,2024-09-01,low
67,Valenzuela-Campbell,Food & Beverage,Australia,2023-09-30,medium
68,Grant Inc,Services,United Kingdom,2018-01-14,low
69,Garcia-Guerrero,Retail,France,2023-04-30,high
70,"White, Bowers and Shaw",Services,Australia,2019-10-30,low
71,Andrews Group,Entertainment,United Kingdom,2023-02-22,low
72,Wallace-Richardson,Electronics,United Kingdom,2024-08-24,low
73,Lopez-Franklin,Entertainment,Germany,2016-03-19,low
74,Blackwell-Smith,Retail,Canada,2023-06-15,medium
75,"Rodriguez, Berry and Matthews",Entertainment,Canada,2022-12-06,low
76,Peters Ltd,Food & Beverage,Australia,2023-01-07,low
77,Hamilton Inc,Food & Beverage,United Kingdom,2022-09-23,low
78,Villanueva-Mclean,Entertainment,Australia,2022-11-05,high
79,Warren and Sons,Retail,Canada,2020-04-18,low
80,Moody Ltd,Entertainment,Germany,2016-01-05,high
81,Collins Inc,Travel,Canada,2021-11-02,medium
82,"Chaney, Roberts and Price",Entertainment,United Kingdom,2017-07-26,low
83,Rodriguez-Bell,Food & Beverage,Canada,2018-01-04,low
84,Davis-Lopez,Retail,Australia,2024-03-10,medium
85,Patterson-Mayo,Entertainment,United Kingdom,2023-11-07,low
86,Gillespie LLC,Travel,Germany,2022-05-01,low
87,"Watson, Peterson and Green",Healthcare,Germany,2016-04-01,low
88,"Carney, Ramos and Diaz",Retail,Canada,2022-02-27,low
89,Johnson-Cameron,Entertainment,Canada,2019-06-27,low
90,Cooper Group,Travel,Germany,2022-12-05,low
91,Robinson Ltd,Entertainment,Canada,2021-07-31,low
92,Huber-Torres,Entertainment,Canada,2023-04-24,low
93,Smith and Sons,Retail,Canada,2018-06-01,low
94,"Smith, Underwood and Castillo",Retail,Australia,2020-08-29,low
95,"Evans, Snow and Kim",Healthcare,Australia,2024-02-10,low
96,Nguyen Inc,Retail,Spain,2017-06-11,medium
97,"Meadows, Mann and Hunt",Electronics,France,2018-05-16,low
98,"Terry, Jackson and Dillon",Retail,Germany,2020-09-15,low
99,"Collins, Peterson and Wilson",Retail,Canada,2023-07-30,low
100,Nunez-Barry,Retail,Canada,2023-01-25,low
101,Stevens-Bruce,Food & Beverage,Canada,2018-12-21,low
102,Jones Inc,Food & Beverage,United Kingdom,2019-04-26,low
103,"Cole, Olson and Fry",Entertainment,Germany,2023-03-25,low
104,Young LLC,Travel,Australia,2017-08-04,low
105,Jones-Kelly,Utilities,France,2016-01-23,medium
106,Ellis PLC,Electronics,Canada,2018-06-10,medium
107,Walker Inc,Entertainment,United Kingdom,2017-01-28,low
108,"Williamson, Mitchell and Walker",Utilities,Ireland,2021-08-25,low
109,Bishop Ltd,Retail,Canada,2021-08-08,low
110,"Wells, Grant and Ibarra",Services,Australia,2021-06-11,low
111,"Edwards, Barrett and Stanley",Services,Australia,2019-02-27,low
112,Lambert PLC,Travel,Australia,2017-09-06,low
113,White-Lewis,Entertainment,Canada,2017-10-05,low
114,Pratt-King,Electronics,Australia,2023-01-13,low
115,Smith-Richards,Services,Germany,2020-08-18,low
116,Allen-Pineda,Travel,United Kingdom,2019-06-19,low
117,Johnston-Robinson,Travel,Germany,2021-06-20,low
118,"Morris, Knight and Chandler",Retail,Australia,2021-08-03,low
119,Hernandez-Perez,Food & Beverage,Canada,2023-02-16,low
120,Carter-Savage,Entertainment,Australia,2016-02-06,low
121,"Walls, Ford and Taylor",Food & Beverage,United Kingdom,2019-04-21,low
122,Black-Nash,Travel,Spain,2019-12-29,low
123,"Carpenter, Henry and Mendoza",Healthcare,Canada,2021-10-20,low
124,Bishop and Sons,Food & Beverage,Italy,2024-01-14,medium
125,Fleming LLC,Food & Beverage,Australia,2018-06-25,low
126,"Rogers, Greene and Swanson",Services,Canada,2024-05-26,medium
127,Stewart-Richard,Entertainment,Australia,2024-02-21,low
128,Hale-Miller,Electronics,Canada,2021-11-11,low
129,"Hughes, Patterson and Hernandez",Electronics,United Kingdom,2024-03-13,low
130,Roth-Griffith,Travel,Canada,2020-09-15,low
131,Morales Inc,Healthcare,Spain,2018-10-15,low
132,Winters-Johnson,Services,France,2024-03-24,low
133,Peterson-Donovan,Travel,Germany,2018-11-03,low
134,"Cisneros, Reed and Drake",Entertainment,Australia,2019-03-24,low
135,Hall-Wright,Entertainment,Canada,2019-09-26,low
136,"Porter, Gates and Johnson",Retail,United Kingdom,2016-08-25,low
137,Gibbs-Wright,Services,United Kingdom,2018-08-15,high
138,"Kelley, Horne and Miller",Travel,Germany,2022-10-08,low
139,"Edwards, Rangel and Welch",Services,Australia,2017-04-02,low
140,Hernandez-Johnson,Healthcare,Canada,2021-11-26,low
141,Collins-Douglas,Entertainment,United Kingdom,2017-12-25,low
142,"Shaw, Williams and Horne",Utilities,Canada,2017-09-25,low
143,Davis-Chung,Food & Beverage,Germany,2019-01-23,low
144,White Group,Electronics,Germany,2021-04-03,low
145,Sellers Group,Services,France,2016-01-26,low
146,Chavez PLC,Electronics,Australia,2019-05-04,low
147,Reed PLC,Retail,Canada,2022-04-26,low
148,Miller Inc,Retail,Canada,2019-01-18,low
149,Harper-Collier,Food & Beverage,Germany,2024-08-24,low
150,Cook-Hutchinson,Services,Canada,2018-05-19,low
151,"Pollard, Sparks and Welch",Food & Beverage,Canada,2022-08-01,low
152,Sanders-Hull,Entertainment,United Kingdom,2024-05-04,medium
153,Miller-Howard,Retail,Australia,2018-03-17,low
154,King-Zamora,Services,United Kingdom,2018-06-26,low
155,Mason Group,Retail,Spain,2022-11-28,low
156,Miller Ltd,Retail,Canada,2018-08-15,low
157,Moreno-Lutz,Electronics,France,2019-10-26,low
158,"Estrada, Bishop and Perez",Food & Beverage,France,2019-05-15,low
159,Russell Inc,Food & Beverage,Canada,2020-01-05,low
160,Patel LLC,Entertainment,United Kingdom,2018-08-08,low
161,"Hayes, Myers and Evans",Travel,United Kingdom,2021-09-06,medium
162,Byrd-Johnson,Services,Germany,2018-08-28,low
163,Valencia Inc,Entertainment,Netherlands,2023-06-28,low
164,Sparks and Sons,Food & Beverage,Australia,2020-10-25,low
165,Wilson Group,Healthcare,Australia,2019-05-22,low
166,Smith-Williams,Utilities,Canada,2021-08-12,high
167,Wilkins-Orozco,Services,Netherlands,2017-10-31,high
168,Wood-Elliott,Electronics,Italy,2024-04-10,low
169,Elliott-Chung,Food & Beverage,Australia,2019-12-03,low
170,Parks-Elliott,Electronics,Canada,2018-03-17,high
171,"Garcia, Hill and Harper",Food & Beverage,United Kingdom,2021-02-18,low
172,Heath and Sons,Healthcare,United Kingdom,2024-03-18,low
173,Aguilar-Gordon,Food & Beverage,France,2019-07-07,low
174,Vega-Arellano,Entertainment,Canada,2023-12-30,low
175,"Green, Brown and Kim",Electronics,Germany,2017-12-03,low
176,Cole-Kirk,Retail,Australia,2022-04-16,low
177,Phillips and Sons,Travel,Spain,2019-12-27,low
178,Powers-Marshall,Food & Beverage,United Kingdom,2020-10-31,low
179,Montgomery-Aguilar,Electronics,France,2016-12-01,low
180,Hall-Montoya,Retail,Germany,2016-04-25,low
181,"Padilla, Brown and Mejia",Retail,Ireland,2016-05-11,medium
182,Walker-Lee,Utilities,Australia,2024-05-08,low
183,"Thompson, Smith and Wilson",Entertainment,United Kingdom,2023-11-09,low
184,Johnson-Mosley,Retail,Canada,2023-10-19,low
185,"Ramirez, Joyce and Morales",Retail,Canada,2020-12-16,medium
186,Lopez-Gonzalez,Retail,Germany,2024-05-05,high
187,Matthews-Simmons,Electronics,Canada,2017-03-14,medium
188,Sampson-Benson,Services,United Kingdom,2018-01-27,low
189,"Pitts, Elliott and Mejia",Healthcare,Canada,2020-06-12,medium
190,Evans PLC,Electronics,United Kingdom,2018-08-07,low
191,"Henry, Morris and Marsh",Retail,Canada,2023-09-19,low
192,Waller PLC,Entertainment,Germany,2020-05-22,low
193,Holmes-Alexander,Entertainment,Ireland,2023-02-26,low
194,Perry and Sons,Services,Italy,2024-03-29,low
195,Moore-Barnes,Entertainment,France,2017-11-21,low
196,Hernandez-Lewis,Retail,Ireland,2018-10-29,low
197,Bates Inc,Services,United Kingdom,2017-05-11,low
198,"Lopez, Peters and Russell",Travel,Australia,2022-03-29,low
199,Sanchez-Davis,Retail,France,2018-10-23,low
200,"Atkinson, Huynh and Aguilar",Retail,United Kingdom,2018-10-17,low
201,Morris LLC,Travel,Australia,2018-05-09,low
202,Short-Johnson,Entertainment,Italy,2023-04-04,medium
203,"Evans, Garcia and Taylor",Retail,Germany,2019-11-18,low
204,"Lindsey, Bonilla and Steele",Services,Australia,2017-03-30,medium
205,Williams Ltd,Entertainment,Canada,2017-05-18,low
206,Barber Ltd,Entertainment,Germany,2023-06-05,low
207,Cline-Carey,Electronics,United Kingdom,2017-08-04,medium
208,"Garcia, Sweeney and Mcguire",Food & Beverage,Canada,2023-05-13,low
209,"Gonzalez, Fernandez and George",Entertainment,United Kingdom,2019-09-12,medium
210,Mccarty-Vaughn,Services,France,2018-02-15,low
211,"Macias, Ruiz and Martin",Entertainment,United Kingdom,2019-05-22,low
212,"James, Miller and Vaughn",Food & Beverage,Spain,2019-10-31,low
213,Roberts LLC,Entertainment,Germany,2019-12-17,low
214,Lyons-Hayes,Food & Beverage,Canada,2021-10-04,low
215,Willis-Gutierrez,Healthcare,Canada,2022-01-20,low
216,"Graham, Gomez and Navarro",Healthcare,United Kingdom,2018-03-07,low
217,"Miller, Mitchell and Schwartz",Electronics,Canada,2023-03-20,low
218,Greene PLC,Services,Canada,2022-07-13,low
219,Hutchinson-Buck,Travel,United Kingdom,2017-09-14,low
220,Howell and Sons,Healthcare,United Kingdom,2019-08-25,high
221,Robinson PLC,Entertainment,Spain,2020-06-08,low
222,"Stewart, Mcintosh and Miller",Travel,Germany,2022-03-22,low
223,Pearson-Dominguez,Food & Beverage,United Kingdom,2016-03-12,low
224,Jenkins LLC,Services,Australia,2019-01-26,low
225,Taylor and Sons,Entertainment,Australia,2020-12-21,low
226,Potts-Lee,Services,Canada,2016-12-08,low
227,"Martinez, Smith and White",Utilities,Australia,2021-03-26,low
228,Soto and Sons,Services,Canada,2020-07-02,low
229,"Estrada, Hernandez and Foster",Retail,United Kingdom,2018-01-14,low
230,Fernandez and Sons,Travel,Australia,2020-01-25,low
231,Mitchell-Payne,Retail,United Kingdom,2019-06-26,low
232,Hopkins and Sons,Utilities,Canada,2019-04-21,low
233,Scott Inc,Food & Beverage,Australia,2021-07-31,low
234,"Baker, Graves and Reyes",Retail,Canada,2023-06-08,low
235,Reynolds-Byrd,Retail,Netherlands,2019-12-09,low
236,"Campbell, Mckinney and Mccarthy",Entertainment,France,2024-07-03,low
237,Velasquez Ltd,Utilities,Australia,2024-07-24,low
238,Mercado Group,Travel,France,2017-01-25,medium
239,Williams LLC,Food & Beverage,Italy,2024-03-09,low
240,Gomez LLC,Entertainment,Canada,2016-11-08,low
241,"Aguilar, Moore and Stephens",Food & Beverage,France,2019-05-17,low
242,"Callahan, Bush and Richard",Retail,France,2024-08-16,low
243,Obrien-Gallegos,Services,Canada,2018-07-23,low
244,"Brown, Anderson and Bowen",Entertainment,Germany,2019-03-28,low
245,Jones LLC,Retail,Netherlands,2020-12-22,low
246,Sanders PLC,Food & Beverage,Canada,2022-03-07,low
247,Holt-Watts,Entertainment,France,2023-02-23,low
248,Green-Owens,Food & Beverage,United Kingdom,2019-12-05,medium
249,Miller LLC,Electronics,Australia,2023-01-21,low
250,Guerra PLC,Travel,France,2020-09-21,low
251,"Rose, Holland and Ryan",Food & Beverage,Canada,2019-09-30,low
252,Sullivan-Garcia,Food & Beverage,Germany,2021-08-10,low
253,"Collins, White and Sanchez",Food & Beverage,Netherlands,2022-07-18,low
254,"Rhodes, Norton and Evans",Electronics,Australia,2020-07-10,medium
255,Travis Group,Entertainment,Netherlands,2022-06-18,low
256,"Smith, Freeman and Cantrell",Electronics,Canada,2016-02-15,low
257,"Harris, Ford and Hull",Healthcare,Canada,2021-07-30,low
258,Mullins-Johnson,Electronics,Spain,2024-03-18,low
259,Barker-Daniels,Electronics,Germany,2017-12-04,low
260,Lee-Wilson,Food & Beverage,Netherlands,2022-06-10,low
261,Kelly-Howard,Healthcare,Netherlands,2018-12-23,low
262,Hoover-Jennings,Services,United Kingdom,2019-09-16,medium
263,"Wood, James and Crawford",Services,Canada,2019-12-01,low
264,"Reese, Thomas and Garcia",Food & Beverage,Canada,2016-01-27,low
265,Ayala-Griffin,Entertainment,Germany,2020-07-22,low
266,Herring Inc,Retail,United Kingdom,2022-06-20,low
267,Rowland and Sons,Travel,Australia,2021-04-07,low
268,Miller-Phillips,Utilities,Italy,2021-03-12,low
269,Weaver-Villarreal,Services,Germany,2020-06-23,low
270,Perez Ltd,Food & Beverage,Netherlands,2023-12-05,low
271,Coleman Group,Utilities,Canada,2018-01-10,low
272,"Brown, Rivas and Contreras",Electronics,United Kingdom,2016-08-12,medium
273,Thompson PLC,Entertainment,Canada,2021-04-17,low
274,Palmer-Nelson,Retail,Germany,2019-05-14,low
275,Freeman Inc,Food & Beverage,Australia,2017-09-21,low
276,"Murphy, Allison and Kirk",Healthcare,Germany,2020-03-30,high
277,Gray and Sons,Electronics,France,2022-10-25,low
278,"Blackwell, Robinson and Long",Entertainment,United Kingdom,2016-09-07,medium
279,Garcia-Sloan,Entertainment,United Kingdom,2018-01-28,low
280,"Martinez, Torres and Harris",Entertainment,United Kingdom,2018-04-23,medium
281,"Rose, Roberts and Ross",Food & Beverage,Germany,2019-04-01,low
282,Bailey Ltd,Electronics,Netherlands,2018-12-09,low
283,Rosario-Macias,Travel,France,2023-08-25,low
284,"Mercado, Miller and Mathews",Services,Australia,2024-01-02,low
285,Powell-Cook,Food & Beverage,United Kingdom,2022-07-14,low
286,Watson-Sharp,Retail,Canada,2024-05-03,medium
287,Ward-Ross,Retail,Canada,2022-11-04,medium
288,Hancock-Donaldson,Food & Beverage,Germany,2022-07-12,low
289,Gonzales PLC,Entertainment,Spain,2022-07-30,low
290,Rich Group,Retail,Germany,2016-04-22,high
291,Johnson and Sons,Services,Canada,2017-07-12,low
292,Baldwin Group,Healthcare,Canada,2023-12-24,low
293,Kelly LLC,Travel,Australia,2016-08-22,low
294,Smith Ltd,Electronics,Germany,2016-10-13,low
295,Bonilla and Sons,Services,United Kingdom,2022-05-24,low
296,Chen-Chase,Healthcare,Australia,2020-03-04,low
297,Burns Ltd,Food & Beverage,France,2024-04-17,low
298,"Norton, Murphy and Chapman",Services,Netherlands,2020-09-07,medium
299,Fowler-Jackson,Entertainment,Germany,2024-07-17,low
300,Parsons and Sons,Travel,Germany,2020-05-19,low
301,Edwards and Sons,Electronics,Germany,2021-06-06,low
302,"Lopez, Bennett and Gomez",Food & Beverage,United Kingdom,2019-12-06,high
303,"Guerra, Stone and Williams",Retail,United Kingdom,2022-10-02,low
304,Stokes and Sons,Food & Beverage,France,2017-10-25,low
305,Maddox-Watts,Retail,Spain,2019-12-10,low
306,"Ortiz, Adams and Stein",Entertainment,Australia,2023-04-29,low
307,"Becker, Conner and Thompson",Food & Beverage,Australia,2022-11-05,low
308,"Willis, Brewer and Christian",Electronics,Canada,2021-03-10,low
309,Chambers Inc,Healthcare,Netherlands,2020-12-08,low
310,Bass-Robinson,Entertainment,Germany,2021-04-06,low
311,Robertson-Olson,Food & Beverage,United Kingdom,2016-11-28,high
312,"Weber, Young and Oliver",Services,Germany,2019-10-13,low
313,Brown-Reyes,Entertainment,Canada,2020-09-01,low
314,Flores Inc,Services,Australia,2016-01-05,medium
315,Herring Ltd,Electronics,Canada,2024-08-11,low
316,"Michael, Warren and Fletcher",Utilities,Canada,2019-12-05,medium
317,"Barnes, Miller and Rodriguez",Entertainment,Germany,2022-04-13,low
318,Barrera Ltd,Travel,United Kingdom,2020-09-17,low
319,"Grimes, Johnson and Sanchez",Entertainment,Canada,2022-03-08,low
320,"Garcia, Silva and Beasley",Food & Beverage,Australia,2017-03-20,low
321,Jacobson and Sons,Utilities,Germany,2022-03-14,low
322,Campos Inc,Retail,Germany,2017-11-13,low
323,Williams and Sons,Travel,France,2024-01-10,low
324,"Hood, Ferguson and Gaines",Retail,Canada,2023-11-12,low
325,Thornton LLC,Entertainment,Germany,2020-06-08,low
326,Bradshaw-Watts,Food & Beverage,Australia,2018-07-13,low
327,Diaz Group,Services,United Kingdom,2017-08-13,low
328,Riley Ltd,Electronics,Germany,2020-12-12,low
329,Serrano Ltd,Retail,Canada,2016-05-16,low
330,Lam PLC,Food & Beverage,Spain,2024-09-02,low
331,"Vincent, Dean and Banks",Electronics,United Kingdom,2024-01-28,low
332,Haas-Silva,Travel,Canada,2020-05-08,high
333,"Payne, Mitchell and Brady",Entertainment,Germany,2017-04-22,low
334,"Campbell, Harper and Jacobs",Entertainment,Spain,2019-09-14,low
335,Campos-Hutchinson,Entertainment,Australia,2018-04-28,low
336,"Martin, Wright and Ellis",Entertainment,Spain,2023-04-10,low
337,Valentine-Ayers,Food & Beverage,Italy,2023-02-27,low
338,Davis PLC,Food & Beverage,Canada,2019-10-14,low
339,Sanchez-Cisneros,Travel,Australia,2023-05-16,low
340,Ingram Group,Retail,France,2023-01-25,low
341,"Stafford, Smith and Nichols",Travel,Canada,2018-10-09,low
342,West and Sons,Services,Canada,2016-11-19,low
343,"Tate, Bowen and Rodriguez",Utilities,Canada,2019-09-03,low
344,Rangel PLC,Retail,Australia,2021-06-22,low
345,Grant-Edwards,Food & Beverage,Italy,2016-11-25,low
346,Cervantes Ltd,Healthcare,United Kingdom,2021-12-08,low
347,Russo-Montes,Food & Beverage,Italy,2017-09-09,low
348,"Moore, Fisher and Turner",Entertainment,Netherlands,2019-08-16,low
349,Deleon and Sons,Travel,France,2022-02-26,low
350,Padilla Group,Food & Beverage,United Kingdom,2020-05-07,low
351,"Richards, Matthews and Murray",Electronics,Canada,2021-05-16,medium
352,Carpenter Group,Electronics,Australia,2022-08-05,low
353,"Mata, Wiley and Johnson",Entertainment,Australia,2022-06-18,low
354,Schwartz-Stephens,Healthcare,United Kingdom,2016-10-18,low
355,Kelley Inc,Travel,France,2016-12-27,low
356,Berg Group,Retail,Canada,2018-10-09,low
357,Thompson-Ray,Healthcare,Canada,2023-07-13,low
358,White-Rodriguez,Retail,Germany,2023-05-20,low
359,"White, Leblanc and Valencia",Retail,Australia,2019-07-03,low
360,Martin-Brown,Services,Spain,2019-01-02,low
361,Santos-Jenkins,Healthcare,Italy,2022-08-18,low
362,Morgan-Ponce,Services,Spain,2020-01-30,medium
363,"Gregory, Lewis and Harris",Services,Italy,2016-05-04,low
364,Wright Inc,Retail,Australia,2024-04-10,low
365,"Hale, Wright and Allen",Travel,United Kingdom,2022-03-28,low
366,"Thompson, Hendricks and Frye",Entertainment,United Kingdom,2019-05-02,low
367,Cruz-Mcclure,Electronics,Germany,2023-09-01,low
368,"Lee, Stein and Norman",Utilities,Germany,2022-12-06,low
369,Dalton PLC,Utilities,Netherlands,2024-02-16,low
370,Bonilla Inc,Retail,Australia,2022-12-15,low
371,"Orr, Wilson and Irwin",Retail,Canada,2020-02-01,low
372,"Williams, Porter and Santos",Travel,Australia,2021-11-29,low
373,Smith Inc,Electronics,United Kingdom,2024-05-09,low
374,"French, Butler and Allen",Services,Canada,2020-12-01,low
375,Wilson LLC,Travel,Canada,2023-02-10,low
376,"Morales, Scott and Obrien",Electronics,Germany,2016-01-12,low
377,"Fletcher, Long and Johnson",Food & Beverage,Australia,2022-06-08,low
378,Peterson-Jackson,Travel,United Kingdom,2023-03-07,low
379,Brown and Sons,Utilities,Germany,2018-08-08,low
380,"Ortega, Jones and Carter",Retail,Australia,2020-01-09,low
381,Jones LLC,Utilities,France,2020-08-03,low
382,Fisher-Roberts,Travel,United Kingdom,2018-02-06,low
383,"Cox, Santiago and Hernandez",Food & Beverage,Australia,2017-11-22,low
384,Peters Inc,Electronics,Netherlands,2019-03-09,low
385,Smith-Beck,Healthcare,United Kingdom,2018-03-21,low
386,Green PLC,Entertainment,Australia,2020-05-16,low
387,"Howard, Hernandez and Rogers",Utilities,Australia,2020-01-22,low
388,Davis PLC,Food & Beverage,United Kingdom,2018-03-30,medium
389,"Franklin, Lee and Anderson",Food & Beverage,Canada,2019-04-01,low
390,Cline-Pierce,Electronics,United Kingdom,2018-12-30,low
391,"Alexander, Herrera and Barnes",Electronics,Canada,2021-12-18,medium
392,Perry Inc,Retail,United Kingdom,2018-06-11,low
393,Vincent Group,Food & Beverage,Netherlands,2021-01-01,low
394,"Collins, Swanson and Rosario",Food & Beverage,Netherlands,2024-04-24,low
395,"Holland, Houston and Green",Food & Beverage,Canada,2023-01-09,low
396,"Willis, Ward and Ruiz",Entertainment,Ireland,2023-01-06,medium
397,"Howard, Salinas and Brown",Retail,Italy,2016-05-25,medium
398,"Cuevas, Morris and Herring",Food & Beverage,Australia,2018-09-30,low
399,Rodriguez Ltd,Utilities,Italy,2019-06-01,low
400,Mathis-Hays,Electronics,Canada,2017-07-26,low
401,"Adams, Peck and Schroeder",Travel,Netherlands,2024-02-07,low
402,"Bennett, Ross and Strickland",Retail,Canada,2023-08-22,low
403,Cohen-Edwards,Food & Beverage,Germany,2022-05-13,low
404,Warren LLC,Entertainment,Canada,2021-12-14,low
405,Nash Inc,Utilities,Canada,2018-03-15,low
406,Harris-Harris,Retail,United Kingdom,2020-09-29,low
407,Hernandez LLC,Retail,United Kingdom,2023-02-22,medium
408,"Horn, Spencer and Wells",Services,Canada,2020-01-03,low
409,"Ferguson, Pennington and Roth",Electronics,United Kingdom,2023-11-03,low
410,Parsons PLC,Travel,Australia,2016-06-23,medium
411,"Cuevas, Williams and Williams",Travel,Germany,2016-04-23,low
412,"Oliver, Montgomery and Zamora",Retail,Germany,2017-01-13,high
413,Butler-Gillespie,Services,Australia,2021-08-21,low
414,Barr Inc,Food & Beverage,Germany,2020-10-11,low
415,"Stevens, Thomas and Allen",Food & Beverage,Canada,2016-12-05,low
416,"Reynolds, Evans and Black",Food & Beverage,United Kingdom,2024-01-23,high
417,Cortez LLC,Utilities,Australia,2023-03-03,low
418,"Fox, Bradley and Cook",Retail,France,2017-05-01,low
419,Smith Inc,Entertainment,Canada,2016-01-06,high
420,"Young, Miller and Atkinson",Healthcare,United Kingdom,2021-04-14,low
421,"Allen, Franklin and Williams",Food & Beverage,Canada,2020-08-31,medium
422,Burns and Sons,Retail,Canada,2020-03-08,low
423,"Henson, Gallegos and Glover",Healthcare,United Kingdom,2020-09-21,low
424,"Watkins, Walker and Watts",Entertainment,Germany,2024-04-21,low
425,"Mitchell, Wright and Davis",Travel,United Kingdom,2018-09-23,low
426,Ford LLC,Entertainment,Germany,2022-03-09,low
427,"Wagner, Perkins and Rowe",Entertainment,Australia,2018-10-14,high
428,Crane and Sons,Food & Beverage,Netherlands,2019-08-06,low
429,Summers PLC,Services,France,2019-10-01,low
430,Miranda Ltd,Services,France,2017-07-01,low
431,Rojas-Johnson,Services,Germany,2018-02-05,medium
432,Lynn LLC,Food & Beverage,United Kingdom,2019-05-26,medium
433,"Norris, Burnett and Williams",Retail,Germany,2022-11-11,low
434,"Yang, Long and Skinner",Utilities,Canada,2021-04-28,medium
435,"Young, Olsen and Williams",Food & Beverage,Australia,2020-12-22,low
436,"Gonzalez, Lawson and Espinoza",Food & Beverage,Canada,2020-09-11,low
437,Ramsey-Pineda,Food & Beverage,United Kingdom,2023-06-10,low
438,Mata-Thompson,Food & Beverage,Canada,2018-06-05,low
439,Bryant PLC,Services,Netherlands,2017-06-03,low
440,Herman Inc,Food & Beverage,France,2018-11-12,low
441,Walsh Group,Healthcare,Australia,2019-12-02,low
442,Johnson-May,Healthcare,Canada,2022-09-19,low
443,"Alvarez, Anderson and Henderson",Travel,Netherlands,2018-03-23,low
444,Williams-Wilkerson,Retail,Germany,2023-11-17,low
445,"Johnson, Jackson and Mills",Entertainment,Germany,2019-07-20,low
446,Spencer-Miller,Food & Beverage,Canada,2017-10-12,low
447,"Russo, Miller and Johnson",Food & Beverage,Germany,2022-12-03,low
448,Gibbs-Silva,Services,Canada,2016-05-08,low
449,Sparks Ltd,Food & Beverage,United Kingdom,2020-02-16,low
450,"Andrade, Tapia and Barnes",Entertainment,Germany,2022-08-07,low
451,Williams-Hall,Travel,Netherlands,2022-09-03,low
452,"Elliott, Jones and James",Travel,Australia,2020-10-15,low
453,Valencia and Sons,Food & Beverage,United Kingdom,2023-08-16,low
454,Arias-Garcia,Entertainment,Canada,2023-05-10,low
455,"Wilson, Edwards and Rodriguez",Utilities,United Kingdom,2018-10-07,low
456,"Gomez, Padilla and Irwin",Utilities,France,2022-05-22,low
457,Poole Ltd,Entertainment,Canada,2020-11-14,low
458,Reyes-Davis,Services,France,2016-06-06,low
459,Smith Group,Food & Beverage,Germany,2023-04-17,low
460,"Gordon, Delacruz and Yu",Electronics,Germany,2016-06-15,low
461,Wallace Inc,Services,Germany,2021-07-25,low
462,Olson-Davis,Healthcare,Germany,2023-08-05,low
463,Smith-Jacobs,Retail,Australia,2021-09-29,low
464,Huff-Martinez,Healthcare,Ireland,2016-12-22,low
465,Wright Inc,Entertainment,Germany,2016-08-10,low
466,Perez-Berry,Electronics,Canada,2023-12-24,low
467,Marsh-Collins,Entertainment,United Kingdom,2019-08-29,low
468,Todd-Crane,Services,Australia,2019-02-21,high
469,Price-Snow,Travel,United Kingdom,2024-05-21,low
470,Bowen Inc,Services,Canada,2022-06-22,low
471,Weaver Ltd,Entertainment,United Kingdom,2021-06-17,low
472,Reynolds-Collins,Services,Germany,2019-11-08,low
473,"Richards, Snyder and Reed",Healthcare,Canada,2017-05-27,low
474,"Wong, Turner and Cole",Electronics,Australia,2023-05-01,low
475,Wood-Taylor,Electronics,Australia,2016-12-09,low
476,Simmons PLC,Services,Spain,2021-01-01,low
477,Nelson-Huynh,Travel,Canada,2023-05-21,high
478,Patterson Inc,Retail,Australia,2023-04-03,medium
479,Kelley-Ali,Food & Beverage,Canada,2016-09-08,low
480,Lindsey-Gonzalez,Healthcare,United Kingdom,2016-05-06,medium
481,"May, Roberts and Neal",Entertainment,France,2016-05-09,low
482,"Brown, Mitchell and Wong",Food & Beverage,Germany,2021-11-12,low
483,Perez-Thornton,Food & Beverage,Australia,2019-04-07,low
484,Logan-Nguyen,Entertainment,Netherlands,2020-07-05,low
485,Edwards Ltd,Retail,United Kingdom,2022-07-11,low
486,"Jordan, Krueger and Marshall",Food & Beverage,Canada,2021-02-25,low
487,Robinson-Reese,Electronics,Australia,2016-03-04,medium
488,"Cameron, Espinoza and Coffey",Healthcare,United Kingdom,2017-12-20,low
489,Lambert Group,Retail,Canada,2016-05-29,low
490,"Coleman, Reed and Taylor",Electronics,United Kingdom,2023-04-27,low
491,Ayala-Perez,Retail,Ireland,2024-01-18,low
492,Cross Ltd,Utilities,Australia,2023-06-14,low
493,Chapman-Pearson,Travel,United Kingdom,2020-01-27,low
494,Wade-Santos,Entertainment,France,2018-03-06,low
495,Freeman Inc,Food & Beverage,United Kingdom,2016-05-25,low
496,"Moore, Watts and Thompson",Food & Beverage,United Kingdom,2024-03-06,low
497,"Bradford, Bush and Alvarado",Retail,Canada,2020-11-15,high
498,Olsen and Sons,Electronics,Australia,2021-08-19,low
499,"Ward, Dougherty and Adams",Healthcare,Canada,2016-11-10,low
500,Flores-Ortiz,Entertainment,United Kingdom,2023-12-27,low
501,"House, Petersen and Wright",Food & Beverage,Canada,2023-01-06,low
502,Davis-Sanders,Travel,Australia,2024-06-20,medium
503,Mendoza-Boyd,Food & Beverage,Spain,2024-03-09,low
504,Yoder-Gibson,Electronics,Canada,2017-09-01,low
505,Hunt-Hendricks,Services,Canada,2017-03-09,low
506,Moran-Stephens,Utilities,Canada,2017-04-17,high
507,Hayes-Morrison,Food & Beverage,Australia,2024-06-24,low
508,"Bryant, Garcia and Lee",Services,Australia,2024-01-18,low
509,Lawson and Sons,Travel,France,2018-11-10,low
510,Barton and Sons,Travel,Australia,2019-12-15,low
511,"Jenkins, Davenport and Lowery",Travel,Germany,2020-12-01,low
512,Martin Ltd,Services,Spain,2023-03-10,medium
513,Dillon-Hernandez,Travel,United Kingdom,2017-09-20,low
514,Lewis and Sons,Entertainment,Germany,2018-11-08,low
515,"Sweeney, Dyer and Murray",Utilities,Spain,2020-12-23,low
516,"Quinn, Rice and Peters",Food & Beverage,Netherlands,2023-09-23,low
517,"Duran, Carroll and Morris",Food & Beverage,United Kingdom,2023-04-02,medium
518,Griffin-Harrell,Entertainment,Germany,2022-09-20,low
519,Cruz-Munoz,Entertainment,United Kingdom,2019-07-20,low
520,Newton Inc,Entertainment,Germany,2020-07-22,low
521,Butler and Sons,Electronics,United Kingdom,2020-12-10,low
522,Johnson Ltd,Food & Beverage,Canada,2021-04-09,low
523,"Allen, Shepard and Brown",Food & Beverage,Netherlands,2023-05-23,low
524,Roberts LLC,Retail,Canada,2022-11-18,low
525,Weeks LLC,Services,United Kingdom,2020-03-01,low
526,"Morales, Washington and Wilkerson",Healthcare,France,2021-07-23,low
527,"Williams, Berry and Graham",Retail,Australia,2021-07-11,low
528,Long and Sons,Electronics,Netherlands,2018-11-26,low
529,Martin Ltd,Retail,United Kingdom,2022-08-04,low
530,Williams and Sons,Services,Germany,2020-02-19,low
531,Davis-Kim,Services,Netherlands,2021-12-03,low
532,Lewis-Phillips,Electronics,Netherlands,2024-08-31,low
533,Dean Inc,Entertainment,Canada,2023-12-13,high
534,"Price, Green and Johnson",Electronics,Australia,2021-08-07,low
535,Wiggins LLC,Electronics,Germany,2023-03-29,low
536,Ross Inc,Food & Beverage,United Kingdom,2019-09-23,low
537,White-Mcintyre,Healthcare,Germany,2024-07-27,medium
538,"Herrera, Lucas and Nguyen",Retail,France,2024-05-26,low
539,Williams PLC,Entertainment,Australia,2023-01-31,low
540,"Ware, Pennington and Fisher",Healthcare,Canada,2024-01-15,low
541,Ware-Rojas,Services,Canada,2020-09-24,low
542,Brooks-Roman,Services,Canada,2020-12-15,low
543,"Pineda, Diaz and Castillo",Food & Beverage,Canada,2017-04-15,low
544,Medina LLC,Food & Beverage,United Kingdom,2022-06-16,low
545,Richardson-Sexton,Services,Canada,2019-11-13,low
546,Rasmussen LLC,Food & Beverage,Canada,2019-09-24,low
547,Jackson Inc,Utilities,United Kingdom,2017-07-01,medium
548,Adkins-Lawrence,Electronics,Canada,2023-10-06,low
549,"Griffith, Kerr and Floyd",Electronics,France,2017-04-16,low
550,"Morris, Lewis and Clayton",Entertainment,Australia,2023-02-02,low
551,Williams-Roach,Food & Beverage,Germany,2018-11-23,low
552,"Roberts, Garcia and Spencer",Healthcare,Australia,2023-12-04,low
553,Henderson-Elliott,Electronics,Australia,2023-11-12,low
554,Brown-Hammond,Retail,United Kingdom,2020-05-26,low
555,"Ruiz, Walters and Williams",Retail,Canada,2023-12-21,low
556,Edwards-Henderson,Food & Beverage,Spain,2017-10-13,low
557,"Frazier, Greer and White",Food & Beverage,France,2022-04-11,low
558,"Carson, Brennan and Perez",Utilities,Australia,2023-04-17,low
559,Munoz-Smith,Healthcare,United Kingdom,2018-02-17,low
560,Medina Group,Electronics,United Kingdom,2018-09-11,low
561,Richards-Weber,Entertainment,Germany,2021-09-10,medium
562,Moore-Johnson,Food & Beverage,Canada,2024-04-30,low
563,Brooks and Sons,Healthcare,United Kingdom,2016-10-30,low
564,"Fowler, Castro and Wade",Retail,Canada,2017-07-29,low
565,Moore-Hernandez,Retail,United Kingdom,2023-01-14,low
566,"Solis, Hall and Martinez",Travel,United Kingdom,2019-02-19,medium
567,"Andrade, Beasley and Weaver",Retail,United Kingdom,2017-04-08,low
568,"Christian, Gordon and Palmer",Retail,Australia,2018-12-31,low
569,Flores Group,Entertainment,Canada,2018-09-13,medium
570,Shaw-Chavez,Electronics,Germany,2019-11-28,low
571,"Sanchez, Rivera and Mckenzie",Retail,France,2018-06-14,medium
572,"Trujillo, Powell and York",Retail,United Kingdom,2023-05-05,low
573,Campbell and Sons,Electronics,United Kingdom,2021-12-01,low
574,Norton-Murphy,Healthcare,United Kingdom,2019-06-06,low
575,Nguyen LLC,Food & Beverage,Netherlands,2016-01-19,low
576,Rhodes-Richards,Entertainment,Australia,2018-12-14,low
577,"Greer, Meyer and Mahoney",Retail,Germany,2020-02-28,low
578,Bray-Young,Utilities,Australia,2022-01-27,low
579,"Grant, Crawford and Morris",Retail,Netherlands,2018-04-03,low
580,Brooks-Thomas,Retail,United Kingdom,2016-08-23,low
581,Spencer LLC,Travel,Canada,2021-07-06,low
582,Kelly Ltd,Food & Beverage,Canada,2018-05-23,low
583,Hart-Richards,Food & Beverage,Australia,2016-03-24,low
584,Morales-Rivera,Travel,Netherlands,2021-04-06,low
585,Beck-Lee,Electronics,Netherlands,2023-09-01,low
586,"Hunt, Hendricks and Pollard",Services,Germany,2021-06-29,low
587,Barrera PLC,Food & Beverage,Canada,2020-11-04,low
588,Smith-Marshall,Electronics,United Kingdom,2020-08-20,low
589,Coleman Group,Services,Germany,2019-10-01,high
590,"Chan, Watson and Tucker",Entertainment,Germany,2022-05-20,low
591,Duncan LLC,Retail,United Kingdom,2018-07-24,low
592,Forbes-Barr,Utilities,Germany,2023-01-10,low
593,"Carpenter, Santos and Moon",Healthcare,Australia,2016-03-12,low
594,"Meyers, Moore and Chang",Healthcare,Ireland,2016-02-22,low
595,Velez-Campbell,Entertainment,Australia,2024-07-09,low
596,Stokes-Martin,Electronics,United Kingdom,2022-09-07,medium
597,"Reyes, George and Garcia",Retail,Canada,2019-02-07,low
598,Lee PLC,Retail,Canada,2016-03-26,low
599,Cook PLC,Services,Germany,2019-04-29,low
600,"Knapp, Bush and Walker",Healthcare,Canada,2023-06-21,low
601,Collins LLC,Food & Beverage,Australia,2019-03-06,low
602,"Hubbard, French and Wolfe",Retail,Germany,2018-06-21,low
603,Fuller Ltd,Retail,United Kingdom,2019-02-26,low
604,"Daniel, Gordon and Bird",Entertainment,United Kingdom,2023-10-02,low
605,Jones Inc,Food & Beverage,Spain,2017-07-21,low
606,"Harris, Rios and Morton",Electronics,Canada,2018-01-11,low
607,"Gonzalez, Owen and Warner",Food & Beverage,Germany,2024-05-26,low
608,Morales-Palmer,Entertainment,United Kingdom,2024-08-28,low
609,Rush-Fernandez,Entertainment,Canada,2022-01-30,high
610,Allen-Miller,Utilities,Germany,2024-05-15,low
611,"Munoz, Hurley and Shaffer",Healthcare,United Kingdom,2020-08-19,low
612,Curtis-Pena,Retail,France,2021-10-23,low
613,"Cain, Harvey and Kennedy",Services,France,2024-03-11,low
614,"Chavez, White and Estes",Food & Beverage,Germany,2022-06-07,low
615,Spencer-Hurst,Electronics,Germany,2020-03-30,medium
616,Lara LLC,Services,Canada,2018-11-05,low
617,Collins Inc,Healthcare,United Kingdom,2020-07-15,low
618,Jackson-Collins,Travel,Australia,2018-08-19,medium
619,Zhang PLC,Food & Beverage,Ireland,2017-08-25,low
620,Villarreal-Mcpherson,Travel,United Kingdom,2020-12-09,medium
621,"Green, Santiago and Keller",Food & Beverage,Spain,2016-01-17,high
622,"King, Johnson and Suarez",Healthcare,Germany,2019-06-26,low
623,Bennett Inc,Food & Beverage,Australia,2024-01-03,high
624,"Bradford, Hernandez and Lopez",Electronics,Netherlands,2017-09-02,low
625,Carpenter-Mendez,Entertainment,Germany,2024-01-01,low
626,Schwartz Ltd,Food & Beverage,Spain,2016-07-31,low
627,Nguyen-Terry,Services,Canada,2018-11-03,low
628,Morris PLC,Retail,France,2022-07-16,low
629,Schultz LLC,Electronics,Canada,2023-11-19,low
630,Chen LLC,Electronics,Australia,2018-06-26,low
631,"James, Castaneda and Morrow",Retail,France,2019-09-22,low
632,Walker-Smith,Retail,Australia,2019-04-01,low
633,"Sexton, Ryan and Evans",Entertainment,Germany,2017-11-22,low
634,Johnson-Spears,Retail,Canada,2022-06-26,low
635,Fletcher-Cummings,Food & Beverage,France,2024-06-22,low
636,"Mercer, Kelly and Ward",Electronics,Netherlands,2020-11-04,low
637,"Edwards, Gutierrez and White",Food & Beverage,United Kingdom,2019-02-01,low
638,"Edwards, Hernandez and Braun",Utilities,Netherlands,2022-07-08,low
639,Thompson Inc,Entertainment,Germany,2020-01-26,medium
640,Olson-Ritter,Entertainment,Australia,2019-02-14,low
641,Torres Group,Retail,United Kingdom,2021-06-26,low
642,Chavez-Rojas,Healthcare,Canada,2022-05-08,low
643,"Banks, Franklin and Miller",Healthcare,France,2023-05-20,low
644,Haynes PLC,Entertainment,Germany,2021-05-30,low
645,Manning-Brown,Food & Beverage,Germany,2019-07-25,low
646,"Mueller, Brown and Williams",Electronics,Canada,2023-09-27,high
647,"Phillips, Williams and White",Entertainment,Canada,2017-05-13,medium
648,Cook-Brown,Healthcare,Spain,2017-01-10,low
649,Jones-Fox,Food & Beverage,United Kingdom,2017-05-01,low
650,"Noble, Kennedy and Taylor",Healthcare,United Kingdom,2024-07-01,medium
651,Fowler LLC,Entertainment,Australia,2023-07-21,low
652,"Young, Williams and Walker",Electronics,Italy,2019-11-11,low
653,Riley-Sanchez,Healthcare,France,2017-08-26,medium
654,"Chambers, Everett and Hughes",Retail,France,2022-08-10,low
655,Anderson Ltd,Services,Netherlands,2020-04-29,low
656,"Pacheco, Rodriguez and Burgess",Electronics,France,2018-02-04,high
657,Valdez PLC,Food & Beverage,United Kingdom,2019-03-03,low
658,"Cummings, Cummings and Pierce",Entertainment,United Kingdom,2021-12-30,medium
659,"Clark, Rivera and Petty",Food & Beverage,United Kingdom,2019-04-08,low
660,"Browning, Phillips and Rogers",Services,Spain,2016-11-23,medium
661,Carpenter-Watson,Utilities,United Kingdom,2019-01-01,low
662,Brooks Inc,Entertainment,Canada,2023-11-19,low
663,Mckinney and Sons,Retail,France,2020-12-07,low
664,"Graham, Tran and Pittman",Travel,Canada,2023-07-12,low
665,"Henderson, Benton and Fisher",Food & Beverage,Australia,2017-05-15,low
666,Young Inc,Healthcare,Australia,2020-07-28,low
667,Campbell-Roberts,Retail,Australia,2021-08-09,low
668,Parker PLC,Retail,Ireland,2018-01-17,low
669,"Butler, Harvey and Smith",Retail,Germany,2023-11-05,low
670,Bryant Group,Food & Beverage,France,2022-03-27,low
671,Jones-Gay,Retail,Spain,2024-08-18,low
672,Harding-Hale,Entertainment,Germany,2018-06-15,low
673,"Watkins, Price and Carpenter",Food & Beverage,Australia,2016-07-13,medium
674,Rocha-Perez,Food & Beverage,United Kingdom,2016-09-13,low
675,Brown Ltd,Retail,Netherlands,2020-10-14,low
676,"Garcia, Cook and Casey",Travel,Netherlands,2016-12-27,low
677,Jordan PLC,Entertainment,Germany,2021-05-04,low
678,"Obrien, Perez and Tanner",Travel,United Kingdom,2017-03-04,low
679,"Fox, Dennis and Mercado",Food & Beverage,Canada,2020-05-19,low
680,Hoffman-Todd,Food & Beverage,United Kingdom,2018-12-10,low
681,Curtis-Valdez,Food & Beverage,United Kingdom,2016-01-13,low
682,Riddle-Keith,Retail,United Kingdom,2019-05-12,low
683,Stone-Cross,Entertainment,Germany,2016-01-30,low
684,Warren LLC,Services,Germany,2021-03-09,low
685,Jennings-Smith,Travel,Germany,2021-12-11,low
686,Mullins-Washington,Electronics,Australia,2019-07-31,low
687,"Hernandez, Moore and Rogers",Entertainment,France,2016-01-31,low
688,Hernandez-Simpson,Services,Spain,2020-04-04,low
689,Briggs Inc,Entertainment,Germany,2018-12-14,low
690,"Bell, Carr and Harrison",Food & Beverage,United Kingdom,2019-08-24,high
691,Franco Ltd,Entertainment,Australia,2019-09-16,medium
692,"Johnson, Richardson and Brooks",Utilities,Germany,2020-11-12,low
693,Lee Inc,Food & Beverage,Canada,2023-01-26,medium
694,Gonzalez Ltd,Healthcare,Canada,2020-03-16,low
695,"Brown, Williams and Whitaker",Entertainment,United Kingdom,2023-12-15,low
696,Wells Ltd,Food & Beverage,Australia,2024-03-30,low
697,Webb-Sutton,Utilities,Spain,2018-09-07,low
698,Small-Bauer,Food & Beverage,Canada,2018-07-14,low
699,Blanchard-Brock,Services,Germany,2024-07-04,medium
700,Burch-Figueroa,Entertainment,United Kingdom,2019-12-15,low
701,"Perry, Smith and Williams",Electronics,Spain,2021-10-06,low
702,Johnson Group,Retail,Australia,2023-12-22,medium
703,Jones Ltd,Food & Beverage,Netherlands,2023-01-02,low
704,"Alvarez, Cohen and Melendez",Healthcare,United Kingdom,2018-07-26,high
705,"Anderson, Hernandez and Sawyer",Food & Beverage,Australia,2019-12-30,low
706,"Williams, Mckinney and Martinez",Travel,Canada,2017-12-18,low
707,James Inc,Travel,Canada,2022-05-13,low
708,Jackson-Collier,Electronics,France,2019-05-12,low
709,"Davenport, Casey and Gomez",Services,Spain,2022-01-09,medium
710,Farmer LLC,Retail,Australia,2019-01-29,low
711,Reed-Moreno,Services,Netherlands,2022-08-11,low
712,Phillips PLC,Food & Beverage,Canada,2017-04-04,low
713,Holland Group,Healthcare,Australia,2018-06-18,medium
714,Melton-Key,Food & Beverage,Canada,2019-09-14,low
715,Green PLC,Food & Beverage,Spain,2016-04-01,low
716,Little-Gonzalez,Services,Australia,2020-05-16,low
717,Lee and Sons,Travel,Canada,2023-09-26,low
718,Crosby-Romero,Utilities,Canada,2022-11-29,low
719,"Holden, Bauer and Smith",Services,United Kingdom,2021-01-27,low
720,Clements Inc,Entertainment,Australia,2020-01-01,low
721,"Mcconnell, Grant and Stokes",Healthcare,Ireland,2023-02-26,low
722,Leonard-Santos,Food & Beverage,United Kingdom,2020-02-03,low
723,"Stanley, Collins and Lee",Retail,Canada,2022-01-18,low
724,White Ltd,Entertainment,Germany,2019-09-01,high
725,Brown Group,Travel,Canada,2020-03-31,low
726,"Lambert, Walsh and Bradshaw",Food & Beverage,United Kingdom,2020-02-10,low
727,"Brooks, Perez and Garcia",Travel,United Kingdom,2023-04-12,low
728,Sparks Ltd,Retail,Germany,2021-04-04,low
729,"Green, Baxter and Barajas",Entertainment,Italy,2019-09-27,low
730,"Griffith, Reed and Rodriguez",Food & Beverage,Canada,2019-09-01,low
731,Harris-Rhodes,Food & Beverage,Australia,2018-12-19,low
732,Alvarado-Pearson,Services,Ireland,2023-06-08,low
733,Holden Inc,Retail,Netherlands,2022-10-02,low
734,Thompson PLC,Food & Beverage,France,2022-05-19,medium
735,Brown Group,Electronics,Australia,2021-09-24,low
736,Sanchez-Keller,Travel,Canada,2023-07-29,medium
737,Murphy-Wood,Electronics,Canada,2019-08-10,low
738,Clay-Simon,Food & Beverage,Ireland,2023-09-11,low
739,Gallagher-Thompson,Utilities,Germany,2022-06-23,low
740,Hodges and Sons,Food & Beverage,Germany,2020-12-27,low
741,Guzman-Pugh,Entertainment,Australia,2017-12-09,low
742,Wells-Reed,Travel,Netherlands,2018-06-04,low
743,"Williams, Davidson and Franklin",Entertainment,Spain,2022-04-22,low
744,"Garcia, French and Erickson",Food & Beverage,Canada,2021-01-05,low
745,"Smith, Boyd and Williams",Food & Beverage,Canada,2016-04-27,low
746,Perez Ltd,Retail,Canada,2021-09-18,low
747,Hill-Smith,Healthcare,Germany,2021-12-24,medium
748,"Rodriguez, Randolph and Taylor",Healthcare,United Kingdom,2020-01-07,medium
749,"Hampton, Ramos and Lucas",Services,Canada,2016-02-14,medium
750,Mckinney PLC,Electronics,Spain,2017-10-05,low
751,Robles Ltd,Utilities,Canada,2024-06-25,low
752,Everett-Gomez,Retail,United Kingdom,2022-05-14,low
753,Peters-Wise,Services,Spain,2023-04-23,low
754,French and Sons,Food & Beverage,France,2019-06-06,low
755,"Williams, Murphy and Mccarthy",Electronics,Germany,2016-04-22,low
756,"Ward, Powers and Wilson",Services,Spain,2023-09-23,low
757,Simmons-Bowen,Food & Beverage,Netherlands,2019-06-25,low
758,Noble Ltd,Food & Beverage,Australia,2016-12-28,low
759,"Harvey, Brady and Ford",Electronics,Australia,2019-02-09,low
760,Lozano-Gardner,Entertainment,Spain,2018-07-08,low
761,Orr Ltd,Food & Beverage,Netherlands,2023-04-25,low
762,Montoya PLC,Food & Beverage,Canada,2019-06-29,low
763,Golden-Peterson,Electronics,Ireland,2018-06-15,low
764,"Roberts, Gonzalez and Cross",Food & Beverage,Germany,2022-04-11,low
765,"Haney, Torres and Berry",Retail,Canada,2017-09-03,low
766,Phelps and Sons,Food & Beverage,Canada,2019-10-06,low
767,Rodriguez-Baker,Entertainment,Canada,2016-01-03,low
768,"Obrien, Thomas and Rogers",Healthcare,France,2018-07-12,low
769,Willis-Mooney,Entertainment,Germany,2020-02-10,low
770,Glenn-Hoffman,Healthcare,Australia,2017-07-28,low
771,"Hogan, Davis and Hardy",Entertainment,United Kingdom,2024-03-29,low
772,Anderson Ltd,Travel,Canada,2022-05-22,low
773,"Sanchez, Johnson and Flynn",Entertainment,Australia,2020-01-09,low
774,"Ellis, Barrett and Ward",Food & Beverage,Australia,2022-12-23,low
775,Coleman and Sons,Travel,United Kingdom,2020-01-04,low
776,"Flowers, Edwards and Hudson",Healthcare,Canada,2021-03-02,low
777,Anderson Ltd,Services,Germany,2019-01-25,medium
778,Cruz-Lawrence,Services,Australia,2023-02-12,low
779,Snyder-Neal,Services,Canada,2023-01-17,low
780,Oneill Group,Entertainment,France,2024-08-08,low
781,Ellis Group,Services,Canada,2023-05-30,low
782,"Page, Rogers and Brown",Services,Ireland,2020-11-10,medium
783,Morris PLC,Retail,Canada,2024-07-03,low
784,Christensen-Love,Utilities,United Kingdom,2020-01-03,low
785,"Brandt, Taylor and Espinoza",Entertainment,United Kingdom,2022-05-05,low
786,Smith and Sons,Food & Beverage,Spain,2023-10-06,low
787,Miller Ltd,Electronics,France,2017-12-28,low
788,Johnson Inc,Food & Beverage,France,2018-12-14,low
789,Ingram LLC,Travel,Germany,2016-03-13,low
790,Leblanc-Johnson,Services,France,2018-07-23,low
791,Chen-Duncan,Food & Beverage,Germany,2016-07-24,low
792,Taylor Ltd,Entertainment,Canada,2024-03-08,low
793,Gutierrez-Kaiser,Entertainment,Australia,2023-03-07,low
794,Fox LLC,Services,Canada,2018-12-13,low
795,Morrison Ltd,Food & Beverage,Canada,2021-12-30,low
796,"French, Dunn and Johnson",Food & Beverage,Canada,2021-04-20,low
797,Walsh-Blake,Travel,United Kingdom,2023-06-10,low
798,Long LLC,Travel,Canada,2021-03-30,low
799,"Smith, Bates and Kidd",Services,Spain,2017-08-09,low
800,"Carlson, Hart and Benjamin",Food & Beverage,Canada,2019-09-15,low
801,Buck Ltd,Services,Australia,2023-12-28,low
802,"Kane, Hatfield and Morrison",Food & Beverage,Germany,2017-12-16,low
803,Carlson-Black,Healthcare,Australia,2021-03-19,low
804,Craig and Sons,Electronics,Australia,2017-07-26,low
805,Holloway Group,Services,Australia,2020-12-31,low
806,Davis LLC,Electronics,Canada,2017-11-21,low
807,Martinez-Holloway,Services,France,2020-05-04,low
808,Wells-Rivas,Entertainment,United Kingdom,2020-09-24,low
809,Gardner Inc,Food & Beverage,Canada,2019-01-06,low
810,Wong-Stokes,Services,Netherlands,2019-03-06,low
811,"Salinas, Flores and Wood",Utilities,Netherlands,2016-10-11,low
812,"Miller, Foster and Mccullough",Food & Beverage,France,2019-03-29,low
813,Thompson Inc,Entertainment,France,2016-02-22,low
814,Hill-Walker,Travel,United Kingdom,2018-05-01,high
815,"Santana, Bradley and Becker",Electronics,Australia,2018-12-09,low
816,Harris-Woodard,Utilities,Netherlands,2020-01-02,low
817,Stephens-Roth,Services,Spain,2020-11-06,low
818,Hanna-Andrews,Travel,Germany,2022-06-05,low
819,Thomas LLC,Utilities,France,2021-04-16,medium
820,"Miller, Coleman and Huff",Services,Netherlands,2020-10-27,low
821,"Larson, Kelley and Wheeler",Healthcare,United Kingdom,2021-07-09,low
822,"Larson, Johnson and Day",Entertainment,United Kingdom,2018-02-07,low
823,Morgan and Sons,Utilities,Netherlands,2020-12-03,high
824,Sharp-Wells,Food & Beverage,Spain,2016-01-01,low
825,Rodriguez-White,Services,Spain,2020-02-22,low
826,"Miller, Gonzalez and Adams",Food & Beverage,United Kingdom,2018-05-05,medium
827,Miller-Miller,Travel,Australia,2019-06-11,low
828,"Larsen, Rose and Barrera",Entertainment,Germany,2023-02-08,low
829,Hansen-Giles,Electronics,Canada,2020-07-19,low
830,Lee-Mcdaniel,Food & Beverage,United Kingdom,2021-11-20,medium
831,Harris Group,Entertainment,Canada,2023-10-23,low
832,Johnson and Sons,Entertainment,France,2019-03-05,medium
833,Rosales-Harris,Electronics,United Kingdom,2019-03-22,low
834,"Mercado, Fischer and Brady",Retail,Canada,2024-02-03,low
835,Hines-Rodriguez,Food & Beverage,Germany,2017-03-25,low
836,"Key, Leonard and Miller",Services,Australia,2016-05-13,low
837,"Campos, Ingram and Sawyer",Entertainment,France,2022-11-11,high
838,Garrett Group,Utilities,United Kingdom,2021-12-02,low
839,Pratt Ltd,Healthcare,Australia,2020-09-04,low
840,"Cunningham, Barnett and Lowe",Travel,Canada,2022-12-23,low
841,"Wilson, Mendoza and Robbins",Entertainment,Spain,2023-12-13,medium
842,Knox PLC,Services,Canada,2022-03-14,low
843,"Lewis, Anderson and Riley",Retail,United Kingdom,2017-07-19,low
844,"Wright, Freeman and Fisher",Travel,United Kingdom,2020-03-16,low
845,Jackson Group,Services,United Kingdom,2020-12-01,low
846,Chavez Inc,Travel,Australia,2022-02-16,low
847,"Burns, Mendoza and Thornton",Retail,Canada,2016-10-15,low
848,White-Lewis,Retail,Canada,2020-04-25,medium
849,"Camacho, Simpson and Nielsen",Healthcare,Netherlands,2017-09-23,medium
850,Ross-Haynes,Entertainment,Canada,2024-08-12,medium
851,Young-Mathews,Entertainment,Australia,2017-04-19,low
852,Gonzalez-Lee,Entertainment,United Kingdom,2022-04-13,low
853,Brandt-Odonnell,Travel,Canada,2021-03-18,medium
854,Hines LLC,Healthcare,Australia,2024-06-05,low
855,Jones PLC,Food & Beverage,Canada,2020-08-17,low
856,Ward Ltd,Electronics,United Kingdom,2020-10-30,low
857,"Garcia, Best and Parks",Entertainment,United Kingdom,2020-06-23,low
858,Francis-Odonnell,Utilities,Germany,2018-03-26,low
859,"Rowe, James and Wilson",Entertainment,France,2020-10-13,low
860,Wood-Lee,Entertainment,Australia,2021-10-29,low
861,Adkins and Sons,Travel,Germany,2018-07-18,low
862,Lowe-Duncan,Utilities,France,2024-02-11,low
863,Stevens Group,Services,Canada,2018-03-17,low
864,Wheeler-Steele,Food & Beverage,Germany,2024-02-08,medium
865,"Macdonald, Gilmore and Romero",Entertainment,Canada,2020-06-19,low
866,Patrick Group,Retail,Australia,2016-05-23,low
867,Goodman-Grant,Retail,Germany,2024-03-12,low
868,Lowe-Price,Electronics,Australia,2017-02-28,low
869,Walters-Gonzalez,Travel,Australia,2020-01-22,low
870,George-Brock,Retail,Australia,2023-10-05,low
871,Kaiser Group,Entertainment,United Kingdom,2023-07-18,low
872,"Ruiz, Villarreal and Barton",Utilities,Netherlands,2023-12-29,low
873,"Olson, Bell and Johnson",Retail,Germany,2021-11-05,low
874,Brown Inc,Retail,France,2018-09-20,medium
875,Turner and Sons,Electronics,Germany,2023-01-16,low
876,Thomas-Barnes,Entertainment,United Kingdom,2023-09-12,low
877,Lewis-Hernandez,Travel,Canada,2021-01-17,low
878,"Bowman, Nguyen and Rose",Entertainment,Canada,2023-03-04,low
879,Figueroa Group,Healthcare,Germany,2019-05-06,low
880,Miranda-Williams,Entertainment,France,2022-12-17,low
881,Williams Inc,Food & Beverage,Germany,2019-03-16,low
882,"Ryan, Powers and Ryan",Utilities,Italy,2017-08-11,medium
883,"Alexander, Medina and Smith",Electronics,United Kingdom,2016-09-13,low
884,"Richardson, Boyle and Cohen",Food & Beverage,France,2021-06-11,low
885,"Mcbride, Smith and Sawyer",Food & Beverage,Germany,2024-03-12,low
886,Huerta and Sons,Healthcare,Australia,2017-06-10,low
887,Baker LLC,Electronics,Germany,2017-03-21,low
888,Ortiz-Jimenez,Utilities,Canada,2020-03-24,low
889,"Lee, Olson and Wyatt",Food & Beverage,Australia,2016-07-20,low
890,Carter-Oliver,Electronics,Canada,2016-03-22,low
891,"Gilbert, Dean and Mitchell",Services,Australia,2024-06-02,medium
892,"Mckinney, Sanchez and Ward",Travel,Canada,2020-12-27,low
893,Carroll and Sons,Travel,Germany,2019-09-19,low
894,"Weber, Delgado and Brown",Retail,Germany,2024-05-20,medium
895,Lane Ltd,Food & Beverage,Australia,2022-10-10,medium
896,"Jones, Bradley and Ford",Travel,Australia,2024-04-22,low
897,Mckay Inc,Food & Beverage,Canada,2018-04-22,low
898,Johnson-Short,Utilities,Spain,2017-05-24,low
899,Moore-Cox,Retail,Australia,2016-03-16,low
900,"Bowman, Sherman and Johnson",Food & Beverage,France,2020-01-31,low
901,"Graham, Bolton and Jennings",Entertainment,Spain,2017-12-17,low
902,"Rodriguez, Hanna and Morris",Retail,United Kingdom,2021-07-27,low
903,Berry and Sons,Healthcare,United Kingdom,2019-03-19,low
904,"Nicholson, Douglas and Peterson",Utilities,Australia,2017-09-12,low
905,Johnson-Rivas,Entertainment,United Kingdom,2023-12-13,low
906,"Mccoy, Lane and Wilson",Retail,Netherlands,2019-05-31,low
907,"Williams, Rivera and Mcmillan",Retail,United Kingdom,2019-11-13,low
908,"White, White and Garcia",Retail,United Kingdom,2022-11-24,high
909,Gomez PLC,Food & Beverage,Ireland,2016-12-23,low
910,Soto Inc,Electronics,United Kingdom,2023-08-07,low
911,Sullivan LLC,Services,United Kingdom,2019-03-27,low
912,Smith-Morris,Healthcare,Canada,2020-07-15,low
913,"Nolan, Roberts and Kelley",Services,United Kingdom,2018-09-11,low
914,"Casey, Jackson and Mills",Entertainment,United Kingdom,2019-06-13,medium
915,Pierce-Peterson,Food & Beverage,Australia,2020-03-31,low
916,Russell PLC,Food & Beverage,Canada,2017-10-24,low
917,Morrison and Sons,Services,United Kingdom,2023-11-03,low
918,Booker Ltd,Entertainment,United Kingdom,2019-07-09,medium
919,Garcia-Cunningham,Services,Canada,2018-10-30,low
920,White-Odom,Entertainment,Australia,2019-10-22,low
921,"Wong, Riggs and Figueroa",Electronics,Italy,2016-02-07,low
922,Jones-Taylor,Entertainment,United Kingdom,2020-12-21,low
923,Hughes-Gray,Utilities,Canada,2016-11-07,low
924,Adkins-Castillo,Utilities,France,2023-04-02,low
925,"Cline, Hughes and Stevens",Retail,Australia,2016-06-16,low
926,Salinas-Brooks,Food & Beverage,Canada,2017-10-31,low
927,"Johnson, Shaw and Anderson",Retail,Ireland,2018-09-11,low
928,Williams-Huff,Travel,Australia,2019-12-06,low
929,Mcdaniel Inc,Food & Beverage,United Kingdom,2023-02-21,low
930,Miller PLC,Food & Beverage,Australia,2016-08-05,high
931,"Thompson, Hardy and Williams",Food & Beverage,Germany,2021-02-26,low
932,Mckay-Armstrong,Food & Beverage,Australia,2017-02-13,low
933,Dillon Inc,Electronics,United Kingdom,2020-04-25,low
934,Tucker-Myers,Entertainment,France,2018-08-10,low
935,Duffy Ltd,Retail,Canada,2017-08-27,low
936,"French, Oconnell and Norris",Electronics,United Kingdom,2016-05-18,low
937,Cooper-Terry,Food & Beverage,Canada,2016-11-11,low
938,Fitzgerald and Sons,Travel,Germany,2020-11-05,low
939,"Ewing, Evans and Ritter",Retail,United Kingdom,2016-11-30,low
940,Patterson-Newman,Food & Beverage,Germany,2017-07-22,low
941,"King, Smith and Johnson",Entertainment,Italy,2018-12-22,low
942,"Leon, Miranda and Mccarthy",Food & Beverage,Australia,2017-03-06,low
943,Jones-Calderon,Travel,Australia,2017-12-17,low
944,Saunders-Peterson,Electronics,Canada,2016-11-23,low
945,"Mcdaniel, Parker and Bender",Healthcare,Germany,2024-07-11,medium
946,"Bradford, Frazier and Flynn",Services,Canada,2023-03-01,low
947,"Thomas, Harris and Graham",Healthcare,Germany,2021-12-17,low
948,"Sweeney, Golden and Kelly",Entertainment,Germany,2022-04-26,low
949,"Peters, Williams and Price",Healthcare,Netherlands,2023-06-11,medium
950,Jackson Group,Food & Beverage,United Kingdom,2022-04-15,medium
951,Vaughn Inc,Healthcare,Canada,2022-08-14,low
952,Martin Inc,Food & Beverage,Italy,2024-01-09,low
953,"Burns, Sanchez and Martinez",Travel,Canada,2024-08-22,low
954,Brown Group,Travel,United Kingdom,2022-05-15,medium
955,"Bush, Roy and Wilson",Food & Beverage,United Kingdom,2021-01-04,low
956,Garcia-Sawyer,Services,Australia,2024-06-04,low
957,Nelson-Wilson,Entertainment,Netherlands,2016-02-11,low
958,"White, Gill and Rogers",Travel,Germany,2020-02-17,low
959,Lewis-Conrad,Healthcare,United Kingdom,2018-05-04,low
960,"Carrillo, Brewer and Miller",Healthcare,United Kingdom,2018-03-06,medium
961,Brooks-Barrett,Retail,Australia,2022-01-26,low
962,Webb PLC,Services,Canada,2017-01-25,low
963,Ortega Inc,Travel,United Kingdom,2020-05-25,low
964,Andrews-Thomas,Services,Australia,2017-02-24,low
965,Oconnor-Morrison,Food & Beverage,Netherlands,2020-03-20,low
966,"Lee, Jackson and Jackson",Utilities,Italy,2019-06-23,low
967,"Brown, Perez and Abbott",Retail,United Kingdom,2020-12-16,low
968,Rojas Group,Retail,Canada,2019-07-06,low
969,Cohen Ltd,Electronics,Australia,2016-05-07,low
970,Anderson PLC,Retail,Netherlands,2017-07-27,low
971,Dunn-Goodman,Retail,Netherlands,2018-11-09,low
972,"Davila, Morris and Brewer",Travel,Canada,2024-02-07,low
973,Smith-Johnson,Food & Beverage,Canada,2021-12-10,low
974,Nguyen-Chavez,Food & Beverage,Australia,2022-02-05,low
975,"Coleman, Golden and Bradley",Food & Beverage,Canada,2023-06-20,low
976,Gallagher LLC,Utilities,Germany,2022-12-17,low
977,Le Inc,Electronics,United Kingdom,2020-06-17,low
978,"Coleman, Thomas and Bryant",Food & Beverage,Canada,2022-08-11,low
979,"Richardson, Mcbride and Cook",Entertainment,Canada,2022-11-13,low
980,Paul Group,Food & Beverage,Canada,2021-06-17,low
981,"Garcia, Lee and Larsen",Retail,Australia,2016-05-23,low
982,"Martin, Ellis and Lee",Entertainment,United Kingdom,2018-02-11,medium
983,"Gibson, Green and Morgan",Travel,Netherlands,2017-01-16,medium
984,Wilson LLC,Entertainment,United Kingdom,2017-10-05,medium
985,Young-Davis,Entertainment,Germany,2021-12-25,medium
986,"Wells, Austin and Peters",Entertainment,Canada,2023-05-03,low
987,Leon-Little,Travel,Canada,2023-01-08,low
988,Gonzalez-Garcia,Travel,Australia,2018-02-21,low
989,Cochran Inc,Services,Canada,2020-01-25,low
990,Diaz-Brown,Healthcare,Germany,2019-05-07,low
991,Edwards Inc,Services,Canada,2022-09-06,medium
992,"Mahoney, Turner and Bailey",Electronics,United Kingdom,2016-07-24,low
993,Hart Ltd,Services,United Kingdom,2022-03-14,low
994,"Odom, Sweeney and Fowler",Services,Germany,2024-07-22,low
995,Lawson and Sons,Utilities,Australia,2021-10-21,low
996,Clark-Osborne,Entertainment,Canada,2017-03-26,low
997,Ramos and Sons,Retail,Italy,2023-04-19,low
998,Morris LLC,Utilities,Italy,2022-11-21,low
999,Johnston and Sons,Services,United Kingdom,2023-03-20,high
1000,Johnson-Cooke,Travel,Australia,2024-03-08,low
1001,"Moreno, Lewis and Strong",Entertainment,Germany,2024-01-28,low
1002,Rivera-Richard,Food & Beverage,Germany,2024-01-25,medium
1003,"Rose, Santiago and Bartlett",Retail,Canada,2023-01-16,low
1004,Chavez-Mckee,Healthcare,Australia,2023-07-05,low
1005,Fox PLC,Food & Beverage,Australia,2020-10-18,low
1006,Sutton LLC,Travel,France,2017-02-02,low
1007,Moore LLC,Food & Beverage,Australia,2018-05-17,medium
1008,Morton-Bauer,Entertainment,France,2021-10-17,low
1009,Sellers LLC,Services,Germany,2023-09-27,low
1010,Baker PLC,Electronics,Australia,2016-06-14,low
1011,Young Inc,Food & Beverage,France,2021-03-06,low
1012,Warren-Castillo,Travel,United Kingdom,2020-07-30,low
1013,"Campbell, Nunez and Coleman",Retail,Germany,2024-01-16,low
1014,"Caldwell, Ellis and West",Entertainment,Germany,2019-06-13,low
1015,"Smith, Powers and Nguyen",Food & Beverage,Canada,2019-03-24,low
1016,Moore-Haley,Food & Beverage,Canada,2016-03-09,medium
1017,"Smith, Davis and Orr",Entertainment,Italy,2017-10-29,medium
1018,"Henderson, Cox and White",Travel,Canada,2020-04-16,low
1019,Bowman-Lawrence,Food & Beverage,United Kingdom,2023-10-01,low
1020,Snyder Group,Food & Beverage,Germany,2018-08-31,low
1021,"Valenzuela, Russell and Atkinson",Healthcare,France,2020-02-06,medium
1022,Morrison-Krueger,Retail,Canada,2023-07-13,medium
1023,"Foster, Cross and Rodgers",Food & Beverage,Canada,2016-09-12,low
1024,"Bates, Austin and Bowen",Entertainment,Australia,2021-10-18,low
1025,"Thomas, Nunez and Simpson",Retail,United Kingdom,2017-09-27,low
1026,"Flores, Brown and Trujillo",Electronics,United Kingdom,2020-01-20,low
1027,"King, Johnston and Larson",Healthcare,Germany,2019-07-26,low
1028,"Cuevas, Acosta and Sanders",Utilities,Netherlands,2022-04-09,low
1029,"Clark, Ross and Pearson",Services,Canada,2022-07-14,low
1030,Moran PLC,Food & Beverage,Spain,2017-04-03,low
1031,Waters-Mcdowell,Food & Beverage,United Kingdom,2019-01-26,low
1032,Bell Group,Retail,Germany,2023-09-20,low
1033,Thomas PLC,Food & Beverage,Spain,2019-09-27,low
1034,Blackwell-Johnson,Food & Beverage,Netherlands,2023-09-16,low
1035,Lawson-Wood,Healthcare,United Kingdom,2020-11-13,low
1036,"Boyd, Fowler and Obrien",Entertainment,Germany,2018-08-02,low
1037,Scott and Sons,Food & Beverage,Canada,2019-12-19,low
1038,Williams-Mitchell,Entertainment,Canada,2018-12-20,low
1039,Williams and Sons,Entertainment,France,2020-07-22,low
1040,"Solomon, Diaz and Gutierrez",Entertainment,Germany,2024-01-29,low
1041,Harris Inc,Retail,Germany,2023-01-22,low
1042,Moyer Group,Entertainment,France,2023-02-12,low
1043,Wilson-Thompson,Electronics,Netherlands,2018-08-20,low
1044,Macias-Jones,Services,Germany,2020-10-20,low
1045,Stevens-Johnson,Travel,Australia,2016-02-14,medium
1046,Smith-Wolfe,Entertainment,Germany,2017-04-17,low
1047,Jones PLC,Utilities,Australia,2019-01-07,low
1048,Strickland Ltd,Food & Beverage,United Kingdom,2016-11-25,low
1049,"Patrick, Williams and Griffin",Travel,Canada,2023-03-22,low
1050,"Bush, Lee and Smith",Retail,Spain,2019-09-15,low
1051,York Ltd,Services,Canada,2020-06-10,low
1052,Moore-Reid,Services,United Kingdom,2016-11-19,low
1053,"Harris, Foster and Whitehead",Services,Germany,2022-03-24,low
1054,Jones-Murillo,Entertainment,France,2023-02-16,low
1055,Stevens-Curry,Entertainment,Spain,2018-07-26,low
1056,James Ltd,Entertainment,United Kingdom,2021-11-27,low
1057,Crawford Ltd,Food & Beverage,United Kingdom,2020-04-19,low
1058,"Estrada, Garcia and Walker",Retail,Australia,2016-01-17,high
1059,Floyd-Carrillo,Food & Beverage,United Kingdom,2023-06-10,low
1060,Fernandez Inc,Electronics,Australia,2020-03-16,low
1061,Gonzales Inc,Electronics,United Kingdom,2020-05-05,low
1062,Perry and Sons,Entertainment,Ireland,2018-06-07,low
1063,"Petty, Davis and Rivera",Retail,Australia,2018-08-08,low
1064,"Waters, Fletcher and Serrano",Healthcare,France,2022-08-30,low
1065,"Terrell, Macias and Fuentes",Travel,United Kingdom,2023-10-08,low
1066,Kennedy Inc,Travel,United Kingdom,2023-10-29,low
1067,"Jackson, Beltran and Johnson",Services,United Kingdom,2024-03-01,low
1068,Wilson Inc,Food & Beverage,Netherlands,2018-07-16,low
1069,Guerrero LLC,Travel,Canada,2023-09-20,low
1070,"Johnson, Lawson and Schmidt",Retail,Canada,2023-09-29,low
1071,"Bender, Murillo and Paul",Entertainment,Canada,2020-02-29,low
1072,Russell-Edwards,Services,United Kingdom,2023-01-06,low
1073,"Johnson, Mitchell and Thomas",Retail,Australia,2018-03-18,low
1074,Smith-Patel,Food & Beverage,United Kingdom,2023-01-25,low
1075,"Wood, French and Hamilton",Utilities,Canada,2022-11-07,low
1076,Bryant LLC,Retail,Ireland,2019-06-08,low
1077,Mckenzie Group,Utilities,Germany,2016-03-11,low
1078,Holmes LLC,Food & Beverage,Italy,2023-03-26,low
1079,Rios LLC,Healthcare,United Kingdom,2016-03-19,low
1080,"Jones, Galloway and Davidson",Food & Beverage,Canada,2018-02-15,high
1081,"Mckenzie, Schwartz and Ford",Utilities,Germany,2021-09-01,low
1082,"Fernandez, Johnson and Wilkerson",Services,Canada,2017-01-30,low
1083,"Barker, Johnson and Miller",Retail,United Kingdom,2017-01-25,low
1084,Ford Group,Entertainment,United Kingdom,2021-03-16,low
1085,Guerrero LLC,Utilities,United Kingdom,2022-06-11,medium
1086,Lambert PLC,Utilities,Italy,2024-06-25,medium
1087,Chen-Long,Services,France,2022-08-14,low
1088,James and Sons,Retail,Canada,2016-12-16,low
1089,Watson LLC,Utilities,Canada,2021-02-21,low
1090,Combs-Rocha,Retail,Australia,2021-12-10,medium
1091,Obrien-Dickson,Healthcare,France,2019-09-25,low
1092,Rodriguez-Stewart,Utilities,United Kingdom,2022-11-24,medium
1093,"Carter, Wagner and Graham",Food & Beverage,Canada,2023-04-30,low
1094,Howard and Sons,Electronics,France,2024-07-03,low
1095,"Ramirez, Morris and Payne",Entertainment,Australia,2020-03-13,low
1096,Gordon and Sons,Entertainment,Spain,2021-04-29,low
1097,"Jones, White and Sanchez",Retail,Canada,2021-01-30,low
1098,"Fitzpatrick, Miller and Garcia",Utilities,France,2017-07-07,low
1099,Smith PLC,Retail,Netherlands,2017-03-24,medium
1100,"Reed, Moreno and Ball",Healthcare,Australia,2016-02-01,low
1101,Francis-Davis,Food & Beverage,Spain,2022-12-10,low
1102,"Harvey, Harrison and Flores",Services,United Kingdom,2020-12-01,low
1103,Nash Ltd,Retail,Canada,2016-07-10,low
1104,Warren-Martin,Electronics,Australia,2018-11-21,low
1105,"Taylor, Rogers and Williams",Retail,Italy,2020-01-15,low
1106,Lawrence Group,Food & Beverage,United Kingdom,2024-08-07,low
1107,"Shaw, Johnson and Jones",Utilities,Germany,2018-10-11,low
1108,"Thomas, Fernandez and Lozano",Entertainment,Netherlands,2018-05-25,low
1109,Johnson-Price,Food & Beverage,United Kingdom,2023-06-10,low
1110,Carroll-Hardy,Food & Beverage,United Kingdom,2022-03-06,medium
1111,Hayes LLC,Food & Beverage,United Kingdom,2016-03-31,low
1112,"Welch, Long and Anderson",Electronics,Canada,2023-10-22,low
1113,Parks and Sons,Travel,Australia,2024-02-08,low
1114,"King, Campbell and Wood",Electronics,United Kingdom,2016-03-13,low
1115,Lee Inc,Utilities,United Kingdom,2016-06-03,low
1116,"Zuniga, Patrick and Hill",Electronics,France,2019-12-28,low
1117,"Stanley, Christensen and Fischer",Food & Beverage,Australia,2017-10-24,low
1118,Macias-Hale,Services,United Kingdom,2021-01-11,low
1119,"Williams, Ruiz and Thornton",Retail,United Kingdom,2016-08-28,low
1120,Marsh Ltd,Retail,Germany,2016-09-12,low
1121,Miller Group,Food & Beverage,Spain,2017-12-04,low
1122,"Johnson, Garcia and Newton",Electronics,Spain,2023-04-27,low
1123,"Scott, Weiss and Kennedy",Utilities,Australia,2016-08-21,low
1124,Lynch-Ramirez,Healthcare,Australia,2017-08-03,low
1125,Morales-Jones,Utilities,Netherlands,2019-05-31,medium
1126,"Williams, Edwards and Gamble",Electronics,Canada,2018-05-20,low
1127,Herrera-Chase,Food & Beverage,Italy,2023-10-27,low
1128,"Barnes, Weiss and Garcia",Utilities,France,2024-06-26,low
1129,"Ochoa, Wise and Rhodes",Services,United Kingdom,2020-12-27,low
1130,"Delgado, Walker and Bowers",Entertainment,Australia,2017-03-04,low
1131,Dominguez Inc,Utilities,Canada,2016-07-29,low
1132,"Martinez, Moyer and Collins",Travel,Spain,2017-06-22,low
1133,Watts-Ramirez,Entertainment,United Kingdom,2016-05-22,medium
1134,"Taylor, Armstrong and Robles",Retail,United Kingdom,2023-10-13,low
1135,Floyd PLC,Retail,United Kingdom,2018-03-18,low
1136,Wong PLC,Entertainment,Netherlands,2017-01-26,low
1137,"Robinson, Anderson and Davies",Electronics,Germany,2020-04-15,medium
1138,"Wilson, Henry and Wright",Entertainment,Germany,2019-04-28,low
1139,Stein Ltd,Food & Beverage,Canada,2022-02-07,low
1140,Chase PLC,Food & Beverage,Germany,2021-11-01,low
1141,"Miller, Skinner and Ramirez",Electronics,France,2021-08-01,low
1142,Williams-Larson,Entertainment,Australia,2018-12-25,low
1143,Barron Group,Services,Germany,2021-08-26,low
1144,"Avery, Nelson and Thompson",Food & Beverage,Australia,2022-03-21,low
1145,Hodges-Wade,Food & Beverage,United Kingdom,2017-09-17,low
1146,Mckenzie-Mitchell,Healthcare,Australia,2017-10-27,low
1147,Carter and Sons,Healthcare,Australia,2017-06-06,low
1148,Bowers-Davis,Electronics,Australia,2023-01-06,low
1149,Bell Group,Travel,Canada,2020-09-24,low
1150,"Bradford, Bond and Hall",Services,United Kingdom,2023-11-04,low
1151,Martinez-Pena,Food & Beverage,Germany,2020-08-01,low
1152,Taylor LLC,Entertainment,France,2022-02-27,low
1153,Carroll-Mcmillan,Utilities,Canada,2019-09-07,low
1154,Cruz-Dawson,Entertainment,United Kingdom,2018-04-15,low
1155,Orozco-Obrien,Electronics,United Kingdom,2024-02-08,low
1156,Myers-Scott,Retail,Ireland,2021-12-14,low
1157,Zavala Group,Entertainment,Germany,2024-05-22,low
1158,Newman-Schultz,Food & Beverage,Canada,2016-10-29,low
1159,Valenzuela and Sons,Electronics,Australia,2017-05-04,low
1160,Manning and Sons,Travel,Spain,2018-06-24,low
1161,"Smith, Robinson and Cowan",Food & Beverage,Australia,2018-11-15,low
1162,George PLC,Entertainment,Ireland,2016-08-30,low
1163,"Gilbert, Lawrence and Flynn",Retail,United Kingdom,2024-01-29,low
1164,Tucker-Roberts,Retail,Germany,2017-01-19,medium
1165,"Baker, Arnold and Davis",Travel,Germany,2018-09-05,low
1166,"Clayton, Martinez and Parker",Electronics,United Kingdom,2023-04-28,low
1167,Underwood-Holt,Healthcare,Germany,2020-01-21,low
1168,Richards Ltd,Entertainment,United Kingdom,2024-03-13,medium
1169,"Valdez, Smith and Williams",Healthcare,United Kingdom,2022-06-01,low
1170,Martinez-Keller,Entertainment,France,2016-06-16,low
1171,Wilson-Ayala,Utilities,Ireland,2016-02-21,low
1172,Mitchell-Schmidt,Electronics,Canada,2023-06-13,medium
1173,"Hubbard, Pierce and Lawson",Services,Canada,2020-09-21,low
1174,Perez Group,Healthcare,France,2022-12-03,low
1175,Townsend and Sons,Entertainment,Germany,2018-09-14,low
1176,Morton LLC,Food & Beverage,Germany,2022-03-28,low
1177,Galloway and Sons,Retail,Australia,2022-06-05,low
1178,"Acevedo, Perry and Christensen",Food & Beverage,Australia,2016-12-19,medium
1179,Smith-Hale,Entertainment,Australia,2022-11-25,low
1180,"Jenkins, Kirk and Becker",Healthcare,United Kingdom,2018-11-22,low
1181,Williams-Hill,Retail,Spain,2021-12-10,low
1182,Nichols-Meyer,Services,Germany,2022-01-11,medium
1183,"Jones, Drake and Compton",Electronics,Australia,2023-09-23,low
1184,"Holmes, Davis and Holden",Travel,France,2016-09-26,low
1185,"Patrick, Rogers and Bartlett",Entertainment,Australia,2020-07-16,medium
1186,"Armstrong, Lamb and Mcpherson",Healthcare,United Kingdom,2017-02-21,low
1187,"Burns, Ayers and Brown",Healthcare,Ireland,2022-01-04,low
1188,Kirk PLC,Food & Beverage,France,2020-05-10,low
1189,Ortiz-Miller,Retail,Canada,2020-03-14,low
1190,Hansen-Patel,Retail,United Kingdom,2021-10-20,low
1191,"Jones, Lewis and Hill",Food & Beverage,Spain,2019-02-03,medium
1192,Wheeler-Schmidt,Food & Beverage,United Kingdom,2019-06-29,low
1193,"Woods, Miller and Walton",Entertainment,Australia,2023-03-02,low
1194,Allen-Wilson,Retail,Canada,2023-04-03,low
1195,"Frank, Lewis and Davenport",Healthcare,Canada,2018-03-28,low
1196,Gomez-Gomez,Utilities,United Kingdom,2017-08-03,low
1197,Pace-Torres,Travel,Canada,2021-02-21,low
1198,Kelly-Warner,Utilities,Australia,2016-05-28,low
1199,"Moore, Mcbride and Wilson",Healthcare,Australia,2021-02-18,medium
1200,"Welch, Rangel and Gallagher",Retail,Canada,2021-10-22,medium
1201,"Caldwell, Olson and Weber",Food & Beverage,Australia,2020-03-13,low
1202,Smith-Smith,Electronics,Germany,2023-09-14,low
1203,Morris Ltd,Food & Beverage,France,2022-03-07,low
1204,"Wright, Williams and Santiago",Healthcare,Australia,2018-11-04,low
1205,Terry Group,Services,Spain,2020-03-01,low
1206,Lara-Kim,Retail,Australia,2021-11-13,low
1207,Lopez Ltd,Services,Canada,2017-02-16,low
1208,Ferguson Ltd,Services,United Kingdom,2022-09-19,low
1209,Shannon Inc,Entertainment,United Kingdom,2020-12-22,low
1210,Mccarthy Inc,Food & Beverage,Germany,2016-08-23,low
1211,"Foster, Valenzuela and Hernandez",Utilities,United Kingdom,2020-05-20,low
1212,Rasmussen-Taylor,Food & Beverage,Canada,2017-06-02,medium
1213,"Nelson, Banks and Smith",Retail,Germany,2020-01-10,medium
1214,Schultz Ltd,Entertainment,Canada,2022-11-07,medium
1215,Boyd PLC,Food & Beverage,Netherlands,2020-12-04,medium
1216,Brown Inc,Food & Beverage,United Kingdom,2024-08-23,low
1217,"Jones, Ingram and Watson",Retail,Canada,2017-06-21,low
1218,Jones Inc,Services,Netherlands,2023-06-04,low
1219,Chase Ltd,Food & Beverage,Spain,2024-05-13,low
1220,Steele Group,Entertainment,Germany,2018-11-22,medium
1221,"Jackson, Rowe and Barber",Utilities,Canada,2022-03-07,medium
1222,Allen Ltd,Food & Beverage,Ireland,2018-03-14,low
1223,Hartman PLC,Travel,Australia,2020-01-08,medium
1224,Jones-Dalton,Entertainment,United Kingdom,2022-06-28,low
1225,Barnett-Johnson,Food & Beverage,Germany,2018-07-14,low
1226,Allen-Johnson,Retail,United Kingdom,2016-02-08,medium
1227,Powell-Hunt,Food & Beverage,Germany,2017-01-06,low
1228,Cox-Johnson,Electronics,Australia,2019-12-01,low
1229,Holloway and Sons,Retail,Netherlands,2017-01-21,low
1230,"Graham, Parker and Garcia",Retail,United Kingdom,2019-01-21,low
1231,Sanchez Ltd,Entertainment,United Kingdom,2023-09-27,low
1232,Williams-Patterson,Retail,Ireland,2019-10-11,low
1233,Owen Inc,Electronics,United Kingdom,2024-03-11,low
1234,Fields-Nguyen,Retail,Germany,2017-07-11,medium
1235,Raymond Ltd,Entertainment,Germany,2020-02-01,low
1236,Adams-Joyce,Services,United Kingdom,2017-03-23,low
1237,"Zimmerman, Torres and Rhodes",Food & Beverage,Netherlands,2023-02-16,low
1238,Olson Group,Services,United Kingdom,2020-11-23,low
1239,Johnson and Sons,Electronics,United Kingdom,2022-01-26,low
1240,Waters-Ramirez,Entertainment,Canada,2023-07-16,low
1241,Moore-Morton,Entertainment,France,2020-07-05,low
1242,"Lowe, Carson and Adams",Utilities,Netherlands,2021-09-15,low
1243,"Jones, Joseph and Fitzgerald",Food & Beverage,Netherlands,2020-08-19,low
1244,Mueller-Mullen,Electronics,United Kingdom,2016-09-09,low
1245,Tucker-Watkins,Entertainment,Germany,2023-01-06,low
1246,"Savage, Garza and Thompson",Travel,United Kingdom,2021-06-13,low
1247,"Adams, Graves and Hughes",Healthcare,United Kingdom,2019-08-10,low
1248,Garcia-Johnson,Retail,Australia,2020-04-21,low
1249,Gilbert-Kelly,Food & Beverage,Netherlands,2016-03-04,medium
1250,"Thompson, Hancock and May",Electronics,Germany,2022-06-13,low
1251,"Brown, Phelps and Carpenter",Services,United Kingdom,2017-11-27,low
1252,"Graham, Moore and Burns",Healthcare,Australia,2020-11-27,low
1253,Griffin PLC,Entertainment,Canada,2024-06-19,low
1254,Scott Inc,Retail,United Kingdom,2024-04-07,low
1255,Richardson-Walker,Retail,Australia,2017-09-10,medium
1256,Harris LLC,Food & Beverage,Canada,2018-10-19,low
1257,"Hernandez, Butler and Smith",Electronics,United Kingdom,2020-03-14,low
1258,Gordon-Obrien,Food & Beverage,France,2020-08-05,low
1259,Durham-Guerrero,Food & Beverage,United Kingdom,2017-08-02,low
1260,Gonzalez-Collins,Entertainment,Italy,2019-02-25,low
1261,"Barnes, Hall and Harrington",Food & Beverage,Canada,2017-11-18,low
1262,"Brady, Foster and Arroyo",Travel,United Kingdom,2022-04-02,low
1263,Roberts Inc,Entertainment,France,2022-08-06,low
1264,"Alexander, Wright and Mcdowell",Retail,Canada,2019-09-11,low
1265,"Patton, Mayo and Ramirez",Services,Australia,2022-01-24,low
1266,"Bautista, Ali and Barber",Entertainment,Germany,2022-03-27,low
1267,French LLC,Entertainment,United Kingdom,2017-07-07,low
1268,Clark and Sons,Services,Canada,2020-12-01,low
1269,Nguyen-Hodge,Electronics,Canada,2022-09-18,medium
1270,Davis-Wiggins,Food & Beverage,Germany,2018-03-09,low
1271,Cruz and Sons,Healthcare,United Kingdom,2023-04-25,low
1272,Smith PLC,Entertainment,Germany,2021-06-25,low
1273,Hayes Group,Food & Beverage,Ireland,2023-02-24,low
1274,"Hurst, Gallegos and Delgado",Healthcare,United Kingdom,2022-05-01,low
1275,"Carlson, Williams and Vega",Food & Beverage,Canada,2016-09-11,low
1276,"Kramer, Moore and Malone",Healthcare,Canada,2023-04-03,low
1277,Patton-Lane,Retail,Spain,2017-09-02,low
1278,"Klein, Macias and Brock",Utilities,United Kingdom,2022-12-06,low
1279,Swanson PLC,Utilities,Australia,2019-09-18,low
1280,Burns-Walker,Services,Canada,2021-10-03,low
1281,Buchanan and Sons,Retail,Ireland,2019-06-30,low
1282,"Villa, Lucero and Bowman",Retail,Canada,2016-10-17,low
1283,Martinez Group,Electronics,Canada,2020-05-09,low
1284,"Lowe, Allen and Davis",Food & Beverage,France,2020-04-14,low
1285,Owen-Campbell,Retail,Spain,2021-05-02,low
1286,Miller Inc,Entertainment,United Kingdom,2017-04-11,low
1287,"Carlson, Cortez and Roberson",Retail,Spain,2016-10-30,low
1288,Morris-Figueroa,Food & Beverage,France,2022-05-11,low
1289,Blair-Turner,Services,France,2017-05-07,low
1290,"Williams, Logan and Ruiz",Healthcare,Canada,2023-02-15,low
1291,Small LLC,Travel,Australia,2024-07-09,low
1292,"Bishop, Cole and Johnson",Food & Beverage,France,2019-03-22,low
1293,Silva-Pollard,Food & Beverage,Australia,2022-08-10,low
1294,"Mitchell, Martinez and Livingston",Electronics,Germany,2018-07-13,low
1295,Schultz Inc,Retail,United Kingdom,2017-10-01,low
1296,"Davis, White and Willis",Retail,Germany,2018-08-03,low
1297,"Marshall, Palmer and Pierce",Food & Beverage,Canada,2023-07-14,low
1298,Johnson Inc,Food & Beverage,United Kingdom,2017-10-22,low
1299,Chavez-Smith,Retail,Netherlands,2022-11-12,low
1300,Harris-Morgan,Retail,Spain,2016-11-05,medium
1301,Schultz-Thomas,Entertainment,Germany,2024-07-24,low
1302,"Davis, Jackson and Harrison",Utilities,Germany,2018-08-12,low
1303,"Leon, Daniels and Burch",Healthcare,Netherlands,2023-09-12,medium
1304,Rodriguez Group,Food & Beverage,United Kingdom,2019-08-05,low
1305,"Hansen, Shaw and Gilbert",Travel,Canada,2019-09-02,low
1306,Merritt-Parks,Travel,Germany,2021-09-02,low
1307,Collins-Kelly,Entertainment,Spain,2018-01-29,low
1308,Walker Group,Retail,United Kingdom,2022-07-10,medium
1309,Jenkins PLC,Entertainment,United Kingdom,2021-06-05,low
1310,Lopez-Meadows,Electronics,Germany,2023-05-04,low
1311,"Owens, Bowers and Miller",Healthcare,Australia,2023-09-10,low
1312,"Mills, Mejia and Miller",Entertainment,United Kingdom,2024-03-24,low
1313,Garcia PLC,Services,Spain,2021-04-09,low
1314,Lawrence-Smith,Retail,United Kingdom,2017-09-25,high
1315,"Garcia, Kirk and Beck",Food & Beverage,Australia,2021-07-01,low
1316,Flores and Sons,Utilities,Canada,2023-01-25,low
1317,Pollard-Roberts,Travel,Canada,2024-07-29,low
1318,Richards-Lawrence,Utilities,Canada,2019-06-22,low
1319,Scott Inc,Utilities,Spain,2022-06-28,low
1320,"David, Hernandez and Sanders",Healthcare,Australia,2022-03-15,low
1321,Brown-Hill,Food & Beverage,Germany,2018-07-21,low
1322,"Weiss, Hernandez and Gonzalez",Travel,United Kingdom,2016-05-27,low
1323,Jacobs-Davis,Travel,Germany,2023-06-12,low
1324,"Walker, Vasquez and White",Retail,Germany,2017-09-12,low
1325,"Cisneros, Schwartz and Madden",Food & Beverage,Australia,2022-11-29,low
1326,"Lee, Lane and Miller",Food & Beverage,Canada,2021-03-17,low
1327,Espinoza Ltd,Electronics,United Kingdom,2022-02-16,low
1328,Rice-Reyes,Travel,Canada,2022-11-29,low
1329,"Nielsen, Carr and Warren",Retail,Spain,2020-09-02,low
1330,"Odom, Galloway and Cunningham",Services,Germany,2021-07-27,low
1331,"York, Bauer and Warner",Travel,United Kingdom,2024-05-07,low
1332,Hicks-Williams,Electronics,Canada,2024-06-26,low
1333,Johnson-Williams,Services,Australia,2018-11-22,low
1334,"Austin, Erickson and Galloway",Retail,United Kingdom,2023-06-07,medium
1335,Jackson-Myers,Travel,Germany,2021-08-06,low
1336,Wright-Stephenson,Food & Beverage,Netherlands,2020-05-01,low
1337,Gomez-Fowler,Services,Canada,2016-05-04,low
1338,Smith LLC,Electronics,Australia,2020-09-20,medium
1339,Williams-Tyler,Retail,Germany,2022-12-30,low
1340,"Duncan, Schwartz and Rodriguez",Electronics,Germany,2021-04-12,low
1341,Ramsey-Nelson,Food & Beverage,United Kingdom,2024-05-15,low
1342,Perez LLC,Travel,Netherlands,2022-01-09,low
1343,"Holloway, Evans and Turner",Retail,Canada,2022-01-21,low
1344,Singh-Yates,Retail,Spain,2016-11-16,low
1345,"Winters, Riggs and Edwards",Food & Beverage,United Kingdom,2017-05-16,low
1346,Young-Cochran,Food & Beverage,Germany,2017-09-16,low
1347,Jones-Martinez,Food & Beverage,Germany,2017-04-13,high
1348,Gates-Johnston,Food & Beverage,Australia,2019-10-03,low
1349,"Miller, Smith and King",Entertainment,United Kingdom,2024-05-24,low
1350,"Roberts, Medina and Morgan",Retail,United Kingdom,2022-09-29,low
1351,Tate PLC,Utilities,France,2019-12-29,low
1352,Turner Group,Food & Beverage,Australia,2019-11-16,low
1353,"Serrano, Brown and Bryant",Electronics,United Kingdom,2016-08-25,medium
1354,"Garcia, Meadows and Brock",Electronics,Australia,2021-01-23,medium
1355,"Baker, Taylor and Ferguson",Utilities,United Kingdom,2016-02-06,medium
1356,Carson Group,Retail,Canada,2022-05-26,medium
1357,Rodriguez-Williams,Services,Ireland,2021-06-04,low
1358,Salazar-Ortiz,Travel,Australia,2018-08-10,low
1359,Walters-Ford,Healthcare,United Kingdom,2020-05-08,medium
1360,"Schroeder, Jones and Barker",Services,Canada,2017-09-06,low
1361,Garcia LLC,Food & Beverage,Australia,2016-01-04,medium
1362,"Lewis, Martin and Mcgrath",Entertainment,Australia,2018-08-27,medium
1363,"Romero, Ellison and Casey",Food & Beverage,France,2019-09-27,low
1364,"Ortiz, Watkins and Morris",Entertainment,United Kingdom,2018-08-23,low
1365,"Jackson, Scott and Mayer",Electronics,Germany,2022-03-17,medium
1366,Taylor-Garcia,Entertainment,Ireland,2024-08-31,medium
1367,Anderson-Thomas,Food & Beverage,Canada,2022-07-31,low
1368,Owens-Jackson,Electronics,United Kingdom,2017-05-01,low
1369,"Andrews, Choi and Morgan",Travel,Germany,2019-02-07,medium
1370,Jones-Clark,Entertainment,Germany,2016-01-04,low
1371,Wilson PLC,Entertainment,France,2019-07-17,low
1372,"Campbell, Patterson and Sanchez",Services,Canada,2017-10-05,low
1373,"Allen, Russell and Harris",Entertainment,Germany,2023-04-21,low
1374,"Bond, Cooper and Tucker",Food & Beverage,Canada,2021-06-21,low
1375,Collins Ltd,Retail,Australia,2021-07-30,low
1376,Thomas LLC,Food & Beverage,Canada,2022-01-08,low
1377,Evans-Wright,Entertainment,Germany,2020-01-05,low
1378,White-Scott,Electronics,Australia,2021-06-04,low
1379,Trujillo-Banks,Entertainment,France,2016-06-07,low
1380,Ramsey Inc,Utilities,Canada,2019-12-12,low
1381,Smith-Morse,Electronics,France,2019-07-26,low
1382,Holmes Inc,Electronics,Canada,2023-07-18,high
1383,Robinson-Long,Retail,Italy,2021-10-14,low
1384,"Liu, Garcia and Clements",Services,Canada,2020-05-31,low
1385,Gonzalez Group,Entertainment,Germany,2020-11-21,low
1386,Baker-Harrison,Retail,Canada,2016-01-30,low
1387,Williams-Knox,Retail,Ireland,2023-02-03,low
1388,"Lopez, Mays and Davis",Services,United Kingdom,2017-07-19,medium
1389,"Ferguson, Horton and Logan",Retail,Australia,2022-02-06,low
1390,Salazar-Downs,Travel,Australia,2024-04-05,low
1391,Nelson and Sons,Retail,France,2022-10-07,low
1392,Wright-Quinn,Healthcare,Germany,2020-09-11,low
1393,Hayes-Smith,Travel,Canada,2019-05-29,low
1394,"Garcia, Anderson and Patterson",Retail,Ireland,2020-05-18,medium
1395,Leon Inc,Services,Netherlands,2018-06-23,low
1396,Molina PLC,Retail,France,2020-08-04,low
1397,"Martin, Yang and Moran",Travel,United Kingdom,2019-02-21,low
1398,"Williams, Garrison and Pierce",Healthcare,United Kingdom,2017-12-06,low
1399,"Heath, Anderson and Williams",Entertainment,Australia,2016-05-16,low
1400,Murphy-Daniels,Healthcare,Germany,2019-04-26,low
1401,Austin-Mason,Food & Beverage,France,2022-09-23,low
1402,"Byrd, Hodges and Reid",Electronics,Australia,2020-11-29,low
1403,Gray-Butler,Entertainment,Australia,2017-11-06,low
1404,Jackson Inc,Electronics,Canada,2021-10-21,low
1405,Bauer-White,Travel,Canada,2024-08-14,low
1406,Rubio PLC,Entertainment,Italy,2022-04-21,low
1407,James Inc,Retail,United Kingdom,2018-03-08,low
1408,Allen-Smith,Services,United Kingdom,2018-12-09,low
1409,Chavez and Sons,Services,France,2022-12-23,low
1410,Brandt-Callahan,Travel,Germany,2017-09-07,low
1411,Anderson-Cook,Retail,Australia,2016-12-10,low
1412,"Hill, Robinson and Reynolds",Healthcare,France,2019-08-24,low
1413,Goodman LLC,Retail,Australia,2020-11-28,low
1414,Smith and Sons,Retail,Australia,2024-04-26,low
1415,Beard-Smith,Electronics,Netherlands,2021-03-29,low
1416,Serrano Ltd,Food & Beverage,Germany,2018-08-26,low
1417,Avila-Ball,Services,Germany,2018-05-15,low
1418,Williams-Suarez,Healthcare,Netherlands,2018-01-23,medium
1419,Jackson-Allen,Food & Beverage,Netherlands,2023-04-14,low
1420,"Knight, Watson and Alvarez",Retail,Australia,2021-03-16,low
1421,"Wong, Smith and Brown",Food & Beverage,United Kingdom,2020-11-24,low
1422,Jones and Sons,Services,Canada,2024-07-25,medium
1423,"Hernandez, Hoover and Herrera",Services,France,2018-11-28,medium
1424,"Rodriguez, Spencer and Strickland",Retail,United Kingdom,2021-04-26,low
1425,Mccarthy-Bell,Utilities,Australia,2021-04-10,low
1426,Jordan LLC,Healthcare,Germany,2024-03-27,low
1427,Hopkins-Fox,Retail,Canada,2022-02-09,low
1428,Greene PLC,Electronics,Australia,2023-07-01,low
1429,"Reeves, Ruiz and Davis",Electronics,Australia,2020-08-17,low
1430,Murphy-Brown,Travel,France,2022-03-17,low
1431,Hobbs Inc,Entertainment,United Kingdom,2021-04-01,medium
1432,"Smith, Acosta and Hall",Food & Beverage,United Kingdom,2017-07-06,low
1433,Ruiz-Cummings,Travel,United Kingdom,2024-04-23,medium
1434,Miller and Sons,Retail,United Kingdom,2022-05-26,low
1435,Johnson-Shannon,Food & Beverage,Australia,2020-12-13,low
1436,"Nichols, Abbott and Anderson",Food & Beverage,France,2023-12-25,low
1437,Sullivan-Miller,Services,Canada,2019-09-18,low
1438,Hopkins PLC,Travel,Germany,2018-12-06,low
1439,Lozano-Hutchinson,Food & Beverage,Netherlands,2021-02-05,medium
1440,"Steele, Burns and Campos",Food & Beverage,Canada,2022-12-11,medium
1441,Smith-Adams,Food & Beverage,Australia,2016-08-18,low
1442,Mcdowell Group,Food & Beverage,Germany,2024-01-15,low
1443,Hubbard PLC,Retail,United Kingdom,2022-09-05,low
1444,Bowers-Jones,Entertainment,Canada,2019-03-30,low
1445,"Obrien, Frye and Kelly",Food & Beverage,Netherlands,2017-02-27,low
1446,Dyer-Lara,Food & Beverage,Canada,2021-07-24,low
1447,Keller-Henry,Utilities,Canada,2019-01-25,low
1448,Williams and Sons,Healthcare,Italy,2023-04-28,low
1449,Wilson-Moore,Entertainment,Canada,2023-07-20,low
1450,"Norton, Adkins and Vargas",Services,Italy,2022-11-25,low
1451,Leon Ltd,Healthcare,United Kingdom,2018-10-07,medium
1452,Valdez Group,Healthcare,Australia,2021-10-27,medium
1453,Chan-Mejia,Food & Beverage,Ireland,2020-11-07,low
1454,"Meyer, Hill and Murray",Entertainment,Spain,2024-02-24,low
1455,Allen Group,Retail,Canada,2016-12-13,low
1456,Frey LLC,Utilities,Germany,2018-02-27,low
1457,Garrett Ltd,Electronics,France,2020-02-10,low
1458,Medina Group,Retail,Spain,2020-07-07,low
1459,Stevenson-Powell,Retail,Canada,2023-05-26,medium
1460,Cross-Mcintosh,Utilities,Canada,2020-06-26,low
1461,Reed LLC,Travel,Australia,2021-10-03,low
1462,Harris-Anderson,Utilities,United Kingdom,2020-11-27,low
1463,Underwood PLC,Healthcare,Australia,2016-04-23,low
1464,"Lee, Bennett and Lopez",Entertainment,United Kingdom,2020-03-25,low
1465,"Harper, Riley and Lozano",Services,Australia,2019-02-17,low
1466,"Cox, Odonnell and Davidson",Food & Beverage,France,2019-08-27,low
1467,Walter PLC,Services,Australia,2020-07-08,low
1468,Becker Inc,Food & Beverage,Australia,2024-01-09,low
1469,Higgins-Harris,Utilities,Canada,2018-04-26,low
1470,Brown-Holland,Entertainment,Australia,2016-03-27,high
1471,Williamson-Wilson,Utilities,Canada,2023-10-16,low
1472,Taylor-Clarke,Entertainment,Australia,2021-10-21,medium
1473,Lamb-Jensen,Retail,Canada,2018-12-01,low
1474,"Castillo, Higgins and Hernandez",Healthcare,Germany,2024-06-16,low
1475,Reeves Group,Travel,Germany,2022-12-04,low
1476,Hubbard and Sons,Utilities,Netherlands,2017-05-07,low
1477,Johnson PLC,Retail,Australia,2019-06-15,low
1478,"Estrada, Lam and Khan",Entertainment,Netherlands,2021-02-21,low
1479,Richardson-Spencer,Entertainment,United Kingdom,2021-11-25,medium
1480,Miller-Frank,Services,Australia,2021-07-09,low
1481,Martinez and Sons,Services,Canada,2024-05-08,low
1482,Gross Group,Services,Spain,2022-09-17,low
1483,Hughes-Ross,Entertainment,Spain,2020-09-16,low
1484,Schwartz-Tran,Entertainment,Spain,2020-12-13,medium
1485,Cook-Aguirre,Retail,United Kingdom,2017-09-02,low
1486,"Adams, Preston and Lindsey",Healthcare,France,2020-06-16,medium
1487,Diaz PLC,Electronics,Spain,2023-07-26,medium
1488,"Rose, Gibson and Mcgee",Entertainment,Germany,2017-06-06,medium
1489,Holt-Ramirez,Entertainment,Germany,2021-10-14,low
1490,Franklin-Smith,Healthcare,United Kingdom,2016-02-13,low
1491,Shields-Scott,Entertainment,Canada,2023-03-18,low
1492,Hensley LLC,Food & Beverage,Germany,2020-05-27,low
1493,Perez-Evans,Retail,France,2023-08-30,low
1494,Lucas-Allen,Utilities,Australia,2022-05-09,low
1495,"Huber, Edwards and Valenzuela",Retail,Canada,2017-12-12,low
1496,Mann-Cabrera,Electronics,United Kingdom,2020-05-19,medium
1497,Simmons Ltd,Retail,United Kingdom,2016-04-05,low
1498,Chase LLC,Retail,United Kingdom,2022-06-10,low
1499,Jackson-Floyd,Retail,Australia,2017-03-11,low
1500,"Cook, Rosales and Stokes",Electronics,United Kingdom,2024-04-28,low
1501,"Burnett, Long and Williams",Electronics,France,2024-03-07,low
1502,Smith LLC,Retail,Australia,2022-04-09,low
1503,Roth-Spencer,Food & Beverage,United Kingdom,2019-07-09,medium
1504,"Williams, Torres and Blankenship",Food & Beverage,United Kingdom,2021-11-23,low
1505,"Rodgers, Silva and Hill",Services,Canada,2018-11-18,low
1506,"George, Kirby and Griffin",Food & Beverage,Australia,2022-08-03,medium
1507,Roberts-Adams,Retail,United Kingdom,2023-02-23,low
1508,Obrien Group,Utilities,United Kingdom,2019-08-29,low
1509,Morris-Anderson,Retail,Netherlands,2017-02-24,low
1510,"Mitchell, Patel and Lester",Retail,Canada,2017-11-23,high
1511,Valenzuela-Kramer,Travel,United Kingdom,2021-12-22,low
1512,Bradley-Hoffman,Utilities,Germany,2020-12-27,low
1513,Scott-Medina,Healthcare,Canada,2021-05-26,low
1514,Ross Group,Food & Beverage,France,2019-05-15,low
1515,"Palmer, Jones and Carter",Retail,Germany,2019-03-27,low
1516,Copeland-Adams,Entertainment,Canada,2020-04-25,low
1517,"Silva, Herman and Day",Services,Netherlands,2021-04-10,low
1518,"Larson, Baker and Holland",Travel,Canada,2018-11-17,low
1519,"Christensen, Reeves and Lambert",Healthcare,Germany,2022-02-11,high
1520,"Martinez, Williams and Miller",Entertainment,United Kingdom,2022-12-01,low
1521,Bates-Aguirre,Food & Beverage,Australia,2019-01-14,low
1522,Hall Group,Food & Beverage,Australia,2023-07-12,medium
1523,Wells-Garcia,Food & Beverage,Spain,2018-11-23,low
1524,Arnold Ltd,Electronics,Canada,2020-08-17,low
1525,"Trujillo, Miller and Pineda",Electronics,Canada,2019-05-09,low
1526,"Fritz, Villarreal and Jones",Retail,Germany,2020-09-13,low
1527,"Brandt, Underwood and Dixon",Food & Beverage,Canada,2020-07-04,low
1528,Turner Group,Food & Beverage,France,2022-08-21,low
1529,"Campbell, Maldonado and Brooks",Retail,Australia,2016-07-22,low
1530,Bell Group,Entertainment,Canada,2018-06-07,medium
1531,Bishop and Sons,Food & Beverage,Canada,2023-06-20,low
1532,"Clark, Smith and Diaz",Utilities,Canada,2018-02-22,low
1533,Strong LLC,Entertainment,Canada,2024-03-06,low
1534,Rosario and Sons,Electronics,United Kingdom,2023-12-30,low
1535,Snyder PLC,Food & Beverage,Australia,2023-11-03,low
1536,Carey-Nguyen,Travel,Ireland,2022-10-24,low
1537,"Turner, Morales and Moore",Travel,Australia,2023-06-08,low
1538,Williams PLC,Healthcare,United Kingdom,2021-12-26,low
1539,Bowers-Mays,Food & Beverage,United Kingdom,2023-02-19,low
1540,"Clements, Logan and Martin",Travel,United Kingdom,2019-05-17,low
1541,Alvarez and Sons,Entertainment,Canada,2016-08-10,low
1542,Gonzalez LLC,Healthcare,Canada,2024-01-31,low
1543,"Cohen, Stewart and Berg",Retail,Canada,2017-02-01,low
1544,Chang-Riley,Healthcare,Germany,2017-12-13,medium
1545,Perkins-Miller,Food & Beverage,Ireland,2023-11-23,low
1546,"Miller, Villegas and Brown",Entertainment,United Kingdom,2021-05-26,low
1547,Howard-Mcdonald,Food & Beverage,Italy,2020-11-30,low
1548,Johnson-Robinson,Entertainment,United Kingdom,2019-11-02,low
1549,"Smith, Torres and Johnson",Travel,United Kingdom,2017-04-02,medium
1550,Watkins Ltd,Retail,Canada,2024-05-03,low
1551,Taylor Group,Services,United Kingdom,2021-01-02,low
1552,Robinson LLC,Entertainment,Spain,2018-01-25,low
1553,Ortiz and Sons,Food & Beverage,Canada,2021-08-06,low
1554,"Jenkins, Harris and Smith",Food & Beverage,Spain,2020-05-23,low
1555,Olson-Wells,Travel,Netherlands,2021-10-24,low
1556,Wang Group,Retail,Australia,2022-06-13,high
1557,Church-Williams,Entertainment,Australia,2019-01-01,low
1558,Williams Ltd,Retail,Australia,2018-02-26,low
1559,Wilson-Miller,Entertainment,Australia,2021-06-02,low
1560,"Jackson, Ball and Graham",Electronics,United Kingdom,2020-01-22,low
1561,Harris Group,Electronics,France,2016-02-28,low
1562,Thomas-Madden,Services,Canada,2024-01-02,low
1563,"Grant, Yang and Cain",Electronics,Canada,2020-05-02,low
1564,Frazier Ltd,Electronics,Canada,2024-04-13,low
1565,Tran-Jordan,Services,Spain,2016-06-07,low
1566,Ryan-Jones,Electronics,Netherlands,2023-12-22,low
1567,English LLC,Healthcare,France,2021-06-11,low
1568,"Stark, Murphy and Rogers",Services,France,2021-02-13,high
1569,Reynolds-Watson,Services,Italy,2020-07-19,low
1570,"Walker, Smith and Jenkins",Electronics,Netherlands,2023-07-24,low
1571,"Alexander, Castro and Jones",Entertainment,United Kingdom,2023-02-27,low
1572,Liu Group,Services,Germany,2020-08-19,low
1573,Bates and Sons,Utilities,United Kingdom,2016-11-20,low
1574,"Hill, Ponce and Saunders",Food & Beverage,Canada,2016-03-01,medium
1575,Stevenson Group,Electronics,Canada,2020-10-10,low
1576,Bradford PLC,Entertainment,Italy,2020-03-17,medium
1577,Stephens and Sons,Entertainment,Canada,2022-04-07,medium
1578,Ellison PLC,Food & Beverage,Canada,2019-08-27,low
1579,"Ward, Taylor and Yates",Food & Beverage,Canada,2019-01-28,low
1580,"Thomas, Boyd and Gibbs",Food & Beverage,Canada,2016-01-26,low
1581,Martin PLC,Healthcare,Canada,2019-01-20,low
1582,Patterson Inc,Utilities,Canada,2024-02-20,low
1583,"Schmidt, Kerr and Lewis",Retail,Germany,2016-05-04,low
1584,Carroll Ltd,Travel,United Kingdom,2017-04-18,low
1585,Johnston LLC,Retail,Netherlands,2023-06-21,low
1586,Huff-Haynes,Services,Canada,2019-06-07,low
1587,Spencer-Rivera,Retail,Canada,2022-05-25,low
1588,"Todd, Dillon and Murphy",Utilities,Canada,2019-08-23,low
1589,Cummings-Ward,Retail,Australia,2018-09-01,high
1590,Miller-Montgomery,Services,France,2016-07-19,low
1591,Smith-Meyer,Utilities,Netherlands,2020-04-19,medium
1592,Jackson PLC,Travel,France,2020-07-28,low
1593,Taylor and Sons,Services,United Kingdom,2016-01-23,low
1594,"Bartlett, Ortiz and David",Retail,Germany,2018-12-12,low
1595,"Anderson, Clark and Wright",Electronics,Australia,2019-01-06,low
1596,Cross Group,Healthcare,Australia,2022-12-02,low
1597,"Kim, Payne and Dunn",Retail,Australia,2020-07-11,low
1598,"Werner, Mills and Castro",Services,Canada,2017-12-27,medium
1599,"Lewis, Salazar and Brown",Entertainment,Canada,2024-02-18,low
1600,Sellers and Sons,Utilities,Canada,2017-05-28,low
1601,Young PLC,Entertainment,Canada,2018-09-10,low
1602,Lester Inc,Services,Australia,2018-10-13,low
1603,"Martin, Watson and Blake",Electronics,United Kingdom,2017-12-12,low
1604,Stevens Group,Retail,France,2020-07-27,low
1605,Monroe-Hamilton,Food & Beverage,Australia,2024-03-15,medium
1606,Dixon Ltd,Services,Australia,2019-12-23,low
1607,Adkins Group,Electronics,France,2019-03-17,low
1608,"Williams, Fry and Chandler",Services,Australia,2020-03-10,medium
1609,"Booker, Stevens and Davis",Utilities,Germany,2020-02-11,low
1610,Burns Inc,Utilities,Canada,2020-09-18,medium
1611,Diaz Ltd,Food & Beverage,Netherlands,2021-08-15,low
1612,West Inc,Entertainment,Spain,2022-06-29,low
1613,"Pitts, Alvarez and Smith",Retail,United Kingdom,2016-10-07,low
1614,White Inc,Travel,Australia,2017-10-06,low
1615,"Mcmillan, Christian and Webb",Food & Beverage,Spain,2021-07-11,low
1616,Barnes PLC,Healthcare,Netherlands,2019-06-12,low
1617,Hill Group,Healthcare,United Kingdom,2020-12-06,medium
1618,Collins-Smith,Utilities,France,2016-08-08,low
1619,Lynch LLC,Travel,United Kingdom,2023-10-12,low
1620,Oneal-Martin,Utilities,Ireland,2016-07-23,low
1621,Ryan Group,Entertainment,United Kingdom,2024-06-04,low
1622,Jones Group,Travel,Germany,2020-11-29,medium
1623,Mendoza and Sons,Travel,Canada,2018-01-29,high
1624,Clark PLC,Retail,Germany,2017-02-21,low
1625,Johnson-Pugh,Services,Germany,2021-08-16,low
1626,"Chandler, Morgan and Hardy",Retail,Australia,2020-08-28,low
1627,Sims Ltd,Services,United Kingdom,2019-08-29,low
1628,"Rosario, Hunt and Rodriguez",Retail,Canada,2021-10-27,low
1629,Valenzuela LLC,Utilities,France,2022-08-09,low
1630,"Haas, Marks and Williams",Food & Beverage,Canada,2018-01-04,medium
1631,Sharp PLC,Utilities,France,2021-08-11,low
1632,Hampton-Brown,Food & Beverage,Australia,2018-03-17,low
1633,"Wilson, Chen and Simon",Electronics,Spain,2018-05-29,low
1634,Ross-Dyer,Services,Netherlands,2022-11-16,low
1635,"Wilson, Cooley and Mills",Food & Beverage,France,2022-07-28,medium
1636,"Lee, Miller and Neal",Electronics,Italy,2018-06-09,low
1637,Berry PLC,Food & Beverage,Canada,2021-12-29,high
1638,"Grant, Santos and Smith",Food & Beverage,Australia,2024-04-26,low
1639,"Nixon, Flores and Olson",Utilities,United Kingdom,2016-05-28,low
1640,White Inc,Retail,Australia,2024-04-29,low
1641,Bolton-Andersen,Retail,Australia,2021-09-23,low
1642,Griffin-Freeman,Food & Beverage,United Kingdom,2024-06-16,low
1643,Spears Inc,Food & Beverage,United Kingdom,2020-05-18,high
1644,"Montgomery, Arnold and Burns",Healthcare,Netherlands,2016-09-21,low
1645,"Taylor, Jones and Daugherty",Food & Beverage,France,2017-02-10,high
1646,"Williams, Keith and Reyes",Retail,Ireland,2016-08-08,low
1647,Chen PLC,Services,Spain,2020-12-10,low
1648,Singh-Mason,Food & Beverage,Australia,2016-01-05,low
1649,Williams Ltd,Travel,United Kingdom,2022-06-22,low
1650,"Larson, Sanchez and Carrillo",Services,Australia,2021-10-18,low
1651,"Edwards, Brock and Arnold",Retail,Canada,2021-12-14,low
1652,Garza-Hill,Retail,Germany,2024-05-29,low
1653,Gonzales PLC,Retail,Germany,2023-11-06,low
1654,Herrera-Barnett,Electronics,Canada,2018-11-07,low
1655,"Fletcher, Burke and Norton",Travel,France,2016-05-06,low
1656,"Moore, Harris and Carpenter",Food & Beverage,Australia,2020-01-31,low
1657,"Hicks, Patterson and Clark",Healthcare,Canada,2023-04-13,low
1658,Morgan PLC,Travel,Australia,2019-03-17,medium
1659,Vega-Zuniga,Food & Beverage,Netherlands,2022-07-23,low
1660,"Rodriguez, Perez and Davis",Utilities,Australia,2018-07-10,low
1661,Long-Harris,Retail,Australia,2020-04-21,low
1662,Brandt Group,Travel,United Kingdom,2022-10-18,low
1663,"Lane, Parks and Mack",Retail,Spain,2019-05-20,low
1664,Chambers-Mason,Services,France,2020-09-09,low
1665,Burnett LLC,Utilities,United Kingdom,2016-06-09,low
1666,Warner-Patrick,Entertainment,Spain,2016-03-19,low
1667,Santos and Sons,Healthcare,Canada,2022-03-18,low
1668,Phillips LLC,Utilities,United Kingdom,2023-04-08,low
1669,Woods-Morgan,Entertainment,France,2017-05-27,low
1670,"Parrish, Wilkins and Scott",Food & Beverage,France,2019-05-10,low
1671,"Gallegos, Lyons and Martinez",Services,United Kingdom,2017-06-19,low
1672,Elliott-Steele,Utilities,United Kingdom,2021-02-11,low
1673,Johnson Group,Entertainment,United Kingdom,2019-09-04,low
1674,Wolfe-Martin,Retail,Canada,2019-06-27,low
1675,Wilson Group,Services,Australia,2016-02-16,low
1676,Mccoy-Johnson,Food & Beverage,Canada,2017-07-16,medium
1677,"Blake, Moody and Taylor",Retail,United Kingdom,2021-07-09,low
1678,Anthony-Wagner,Utilities,Ireland,2021-04-25,low
1679,"Vega, Caldwell and Avery",Retail,France,2024-04-24,low
1680,Lopez-Hernandez,Electronics,United Kingdom,2019-06-01,low
1681,Newman-May,Healthcare,France,2017-11-27,low
1682,Cox-Johnson,Entertainment,Germany,2016-05-27,low
1683,Maldonado and Sons,Healthcare,Germany,2020-09-07,low
1684,Henderson-Garcia,Electronics,Germany,2023-03-31,low
1685,Moss PLC,Travel,Germany,2016-03-21,low
1686,Vincent Group,Electronics,Canada,2023-10-25,low
1687,Ortega-Pham,Travel,Netherlands,2016-09-05,low
1688,Waller Ltd,Electronics,Netherlands,2023-11-11,low
1689,Mann Inc,Retail,Canada,2019-11-07,low
1690,"Hughes, Ray and Mcdaniel",Food & Beverage,Canada,2023-06-16,low
1691,Valenzuela-James,Travel,United Kingdom,2021-07-25,low
1692,Padilla Group,Healthcare,Germany,2023-05-05,low
1693,"Wilson, Wolf and Williams",Retail,Canada,2023-01-08,low
1694,Chen-Salazar,Food & Beverage,Canada,2016-11-25,low
1695,Munoz-Lewis,Retail,United Kingdom,2024-07-18,low
1696,Kennedy-Roberts,Entertainment,United Kingdom,2021-05-29,low
1697,Lewis-Brown,Services,United Kingdom,2021-08-21,low
1698,Hancock-Little,Electronics,Australia,2016-03-18,low
1699,"Wolf, Payne and Parker",Retail,United Kingdom,2023-10-29,low
1700,Wilson-Roach,Food & Beverage,Germany,2016-10-11,low
1701,Rojas and Sons,Electronics,United Kingdom,2022-12-21,low
1702,Hernandez-Harper,Food & Beverage,Germany,2017-03-15,low
1703,"Byrd, Gonzalez and Woods",Retail,Germany,2023-08-09,low
1704,"Luna, Reeves and Lopez",Services,Germany,2020-03-07,low
1705,Mendez-Hinton,Retail,Netherlands,2016-03-17,low
1706,"Pittman, Blake and Contreras",Healthcare,Australia,2024-05-14,low
1707,Singh-Park,Retail,Australia,2016-12-13,low
1708,King Group,Services,United Kingdom,2020-11-22,low
1709,Hughes Group,Travel,France,2023-05-20,high
1710,Shaw and Sons,Travel,Australia,2021-06-16,low
1711,Hudson Inc,Retail,United Kingdom,2019-05-05,medium
1712,Norris-Flores,Utilities,Spain,2023-09-07,low
1713,Tyler LLC,Utilities,France,2024-01-10,low
1714,"Hutchinson, Young and Garner",Food & Beverage,Germany,2020-11-25,low
1715,Ford-Leach,Food & Beverage,Ireland,2022-05-03,low
1716,King Inc,Food & Beverage,United Kingdom,2024-01-17,low
1717,Weaver-Ramos,Food & Beverage,France,2023-05-12,low
1718,"Lawrence, Thomas and Ward",Entertainment,France,2017-01-28,low
1719,"Cox, Vance and Henry",Food & Beverage,United Kingdom,2017-07-06,high
1720,"Washington, Vega and Simon",Services,France,2021-12-21,low
1721,Thompson Ltd,Travel,United Kingdom,2021-06-25,low
1722,Archer and Sons,Services,Australia,2018-01-08,low
1723,Rodriguez and Sons,Retail,Germany,2018-11-04,low
1724,Chavez Ltd,Utilities,United Kingdom,2021-12-01,low
1725,"Hall, Cruz and Matthews",Utilities,Australia,2016-07-12,medium
1726,Skinner Ltd,Services,France,2020-06-17,low
1727,Wilson PLC,Services,Australia,2024-05-16,low
1728,Higgins and Sons,Retail,Canada,2018-03-23,high
1729,Willis PLC,Electronics,Canada,2022-01-11,low
1730,"Allen, Reed and Brown",Food & Beverage,Germany,2024-06-27,low
1731,Arnold Ltd,Services,France,2021-01-15,medium
1732,Moore-Chavez,Electronics,Netherlands,2022-10-26,low
1733,Levy-Powers,Food & Beverage,Australia,2016-05-03,low
1734,"Taylor, Harris and Holden",Entertainment,Australia,2023-08-26,low
1735,Harrison Group,Travel,Australia,2018-09-28,low
1736,"Mckinney, Coleman and Garcia",Food & Beverage,Netherlands,2022-06-13,low
1737,Preston Ltd,Retail,Australia,2023-08-17,low
1738,"Nelson, Rodriguez and Baird",Entertainment,United Kingdom,2018-06-11,medium
1739,Larson-Sanford,Electronics,Australia,2019-10-08,high
1740,Buchanan-Adams,Services,Netherlands,2018-02-07,low
1741,Mcbride-Dean,Food & Beverage,Germany,2021-01-03,low
1742,Hebert and Sons,Retail,Canada,2021-07-17,low
1743,Kennedy-Wood,Utilities,United Kingdom,2023-12-06,low
1744,Bean Ltd,Services,United Kingdom,2022-10-28,low
1745,"Rodriguez, Mccann and Smith",Food & Beverage,Australia,2019-09-25,low
1746,Day Ltd,Entertainment,United Kingdom,2017-11-25,low
1747,Davis-Pruitt,Services,Germany,2024-04-09,low
1748,Jensen-Brown,Entertainment,Canada,2017-02-08,low
1749,Robbins-Moreno,Electronics,Spain,2023-07-19,low
1750,Bell Ltd,Electronics,Netherlands,2020-04-20,low
1751,Collins Ltd,Electronics,Germany,2023-08-18,high
1752,"Bridges, Daniel and Russell",Retail,Germany,2024-02-08,low
1753,Contreras-Dorsey,Utilities,Canada,2023-06-06,low
1754,Burch Ltd,Food & Beverage,United Kingdom,2023-05-13,medium
1755,"Yates, Long and Wilson",Retail,Canada,2023-08-26,low
1756,Garcia and Sons,Entertainment,United Kingdom,2019-08-11,low
1757,Harris-Salazar,Healthcare,Canada,2023-05-17,low
1758,"Wilson, Leblanc and Callahan",Electronics,United Kingdom,2017-12-13,low
1759,Key Ltd,Entertainment,Australia,2023-10-11,low
1760,Salinas and Sons,Travel,Canada,2022-05-17,medium
1761,Lopez LLC,Healthcare,United Kingdom,2019-02-09,medium
1762,"Baker, Kim and Brown",Food & Beverage,Canada,2019-11-24,medium
1763,Williams-Clark,Travel,Ireland,2024-02-08,low
1764,Nichols and Sons,Food & Beverage,Canada,2020-02-29,low
1765,"Butler, Matthews and Levy",Retail,Germany,2023-05-20,low
1766,"Mack, Crawford and Thomas",Food & Beverage,Spain,2020-11-01,medium
1767,Brewer Ltd,Healthcare,Canada,2022-06-15,medium
1768,"Wolfe, Pierce and Porter",Services,Germany,2022-10-21,low
1769,"Price, Brown and Duffy",Retail,France,2023-12-13,low
1770,Parrish PLC,Food & Beverage,Canada,2020-05-30,low
1771,"Adams, White and Foster",Retail,Canada,2022-12-01,low
1772,Walsh LLC,Entertainment,Canada,2018-01-31,low
1773,Diaz-Guzman,Retail,Australia,2023-07-02,low
1774,"Harris, Watson and Gray",Food & Beverage,Australia,2022-02-05,low
1775,"Cook, Scott and Gillespie",Travel,Germany,2018-05-20,medium
1776,Thompson-Coleman,Utilities,United Kingdom,2022-04-01,low
1777,Payne-Carroll,Travel,Canada,2019-02-09,low
1778,Scott-Hernandez,Food & Beverage,Italy,2021-06-06,low
1779,Oliver Group,Healthcare,Germany,2021-01-15,medium
1780,"Castro, Hunt and Davis",Travel,Canada,2018-04-13,low
1781,"Farrell, Lee and Jones",Food & Beverage,United Kingdom,2018-09-24,low
1782,"Rodriguez, Black and Luna",Utilities,Germany,2021-12-26,low
1783,Savage LLC,Entertainment,United Kingdom,2018-03-02,low
1784,"Riggs, Ayers and Garcia",Retail,Netherlands,2019-07-18,low
1785,Green-Whitaker,Services,Canada,2020-02-07,low
1786,Foster-Murphy,Entertainment,Canada,2022-10-16,low
1787,Perez Ltd,Food & Beverage,Canada,2020-06-15,low
1788,"Rios, Jones and Sanders",Travel,Canada,2020-02-20,low
1789,Bridges Ltd,Healthcare,United Kingdom,2018-05-21,low
1790,"Harris, Barker and Smith",Services,France,2023-10-03,low
1791,Douglas-Miller,Utilities,Canada,2020-08-06,low
1792,Osborne-Stafford,Travel,Germany,2022-03-01,medium
1793,Ruiz Group,Retail,France,2019-07-03,low
1794,"Miller, Parker and Bishop",Retail,Canada,2019-05-21,low
1795,Johnson PLC,Food & Beverage,Australia,2019-11-25,low
1796,Flores-Morgan,Services,France,2016-09-07,low
1797,Jensen-Smith,Entertainment,United Kingdom,2020-10-25,low
1798,Castro Inc,Retail,Australia,2019-05-21,low
1799,"Santiago, Vasquez and Brooks",Food & Beverage,Germany,2021-12-17,low
1800,Medina Group,Electronics,Canada,2022-01-04,high
1801,"Smith, Haley and Wagner",Services,United Kingdom,2016-03-17,low
1802,Ali PLC,Travel,Germany,2017-04-05,low
1803,Moore PLC,Travel,United Kingdom,2022-04-12,low
1804,"Santana, Smith and Perez",Utilities,Germany,2019-10-22,medium
1805,Romero Ltd,Food & Beverage,Netherlands,2021-07-05,low
1806,Allen PLC,Entertainment,Canada,2024-08-01,low
1807,"Hall, Martinez and Gonzalez",Services,Germany,2016-08-10,low
1808,Knight-Middleton,Food & Beverage,Canada,2020-03-08,low
1809,"Cohen, Jackson and Jackson",Utilities,Canada,2016-05-04,medium
1810,"Bernard, Mccoy and Rangel",Healthcare,France,2022-08-16,low
1811,Obrien-Mckay,Entertainment,Spain,2023-12-14,low
1812,Smith PLC,Entertainment,Australia,2021-07-02,low
1813,Roberts LLC,Utilities,Canada,2019-07-03,low
1814,"Ho, Moore and Harris",Retail,Germany,2019-09-27,low
1815,Lambert PLC,Entertainment,United Kingdom,2021-03-31,low
1816,Flowers-Walton,Food & Beverage,United Kingdom,2020-01-11,low
1817,Cruz Ltd,Retail,Italy,2021-03-14,medium
1818,"Hernandez, Mendoza and Brooks",Food & Beverage,Australia,2018-08-12,low
1819,Burns-Jones,Retail,Netherlands,2023-03-22,low
1820,White Group,Electronics,Spain,2019-01-20,low
1821,Andrade Ltd,Entertainment,Germany,2024-05-14,low
1822,Knight LLC,Services,United Kingdom,2020-12-16,low
1823,"Guerrero, Marshall and Dickerson",Travel,Germany,2016-01-22,low
1824,Leach Group,Retail,United Kingdom,2017-04-24,low
1825,Rogers-Johnson,Food & Beverage,Germany,2020-07-24,low
1826,Thornton-Sanders,Entertainment,Germany,2023-09-14,low
1827,Bridges-Wilson,Entertainment,Canada,2019-03-03,low
1828,"Wong, Ortiz and Nguyen",Travel,United Kingdom,2019-07-16,low
1829,Castro Ltd,Food & Beverage,United Kingdom,2022-08-13,low
1830,"Lynch, Harrison and Taylor",Healthcare,Canada,2020-09-30,medium
1831,"Sanders, Adams and Farrell",Services,United Kingdom,2016-11-13,low
1832,Miller-Black,Entertainment,Netherlands,2021-02-15,low
1833,Mitchell and Sons,Entertainment,United Kingdom,2016-09-18,low
1834,"Brown, Allen and Carrillo",Retail,Canada,2019-11-01,low
1835,Harvey Ltd,Food & Beverage,Australia,2018-04-06,low
1836,"Montes, Jones and Harrison",Retail,Canada,2017-05-27,high
1837,West Inc,Services,Canada,2019-01-26,low
1838,Hooper-Hopkins,Services,United Kingdom,2016-08-28,high
1839,Walter-Hickman,Entertainment,France,2019-05-07,low
1840,"Liu, Sanchez and Hoffman",Retail,Canada,2020-07-10,high
1841,Garcia-Pham,Utilities,Netherlands,2024-01-12,low
1842,Jackson-Robbins,Electronics,France,2018-10-03,low
1843,"Bryant, Turner and Heath",Retail,Australia,2023-09-27,low
1844,Hunter-Herrera,Travel,Germany,2019-11-17,high
1845,"Thomas, Phelps and Key",Retail,Canada,2021-03-02,low
1846,"Brown, Beck and Robinson",Utilities,Canada,2021-07-28,low
1847,Best and Sons,Utilities,Germany,2022-04-09,high
1848,Henry and Sons,Electronics,Ireland,2020-03-12,low
1849,Martinez and Sons,Electronics,United Kingdom,2020-02-15,medium
1850,"Williams, Moreno and Fitzgerald",Healthcare,Ireland,2021-12-14,low
1851,Douglas-West,Food & Beverage,United Kingdom,2016-06-01,low
1852,Campbell-Leonard,Retail,Australia,2018-07-31,low
1853,Richards-Bryan,Services,United Kingdom,2021-04-19,low
1854,"Martin, Nichols and Lewis",Food & Beverage,Canada,2023-02-17,low
1855,"Rodriguez, Ramirez and Tanner",Retail,Netherlands,2017-09-19,low
1856,Martinez-Ellis,Services,United Kingdom,2022-09-14,medium
1857,Burgess-Green,Entertainment,United Kingdom,2020-09-16,low
1858,"Guerra, Clarke and Butler",Healthcare,Italy,2019-12-14,low
1859,Lopez-Kim,Food & Beverage,France,2020-05-15,low
1860,Watson-Simmons,Retail,United Kingdom,2021-08-28,low
1861,Ramirez PLC,Food & Beverage,Canada,2020-04-04,low
1862,Johnson Ltd,Services,Australia,2017-09-03,low
1863,Ward Inc,Food & Beverage,United Kingdom,2022-09-08,low
1864,Lewis-Bowers,Services,Australia,2018-02-22,low
1865,"Jordan, Green and Jenkins",Food & Beverage,Italy,2022-05-17,low
1866,"Foster, Pham and Estrada",Utilities,France,2023-10-25,low
1867,Taylor-Green,Retail,Germany,2020-10-14,low
1868,"Hawkins, Davis and Walsh",Entertainment,Germany,2017-11-26,low
1869,Johnson-Hoffman,Food & Beverage,Canada,2019-06-22,low
1870,Green Ltd,Healthcare,France,2020-10-08,low
1871,Nelson LLC,Services,United Kingdom,2016-01-18,low
1872,Sullivan Group,Healthcare,United Kingdom,2018-07-19,low
1873,Bender and Sons,Food & Beverage,Australia,2020-06-03,low
1874,Dickerson Ltd,Services,Canada,2024-07-21,low
1875,"Bauer, Joseph and Sheppard",Food & Beverage,Netherlands,2018-12-20,low
1876,Smith Group,Services,Canada,2022-10-15,medium
1877,Griffin-Baker,Entertainment,France,2018-04-24,high
1878,Johnson Ltd,Food & Beverage,Italy,2019-06-15,low
1879,Brewer-Rivera,Retail,France,2017-08-15,low
1880,White-Shaw,Retail,Australia,2024-01-29,medium
1881,Leblanc-Burns,Retail,Netherlands,2017-04-26,low
1882,Griffin-Gonzalez,Services,Netherlands,2023-06-30,low
1883,"Hess, Keller and Mueller",Electronics,Australia,2016-06-06,low
1884,Gutierrez and Sons,Entertainment,France,2017-02-22,low
1885,Martinez-Tate,Food & Beverage,Netherlands,2016-03-30,low
1886,"Mendoza, Jones and Lee",Entertainment,Canada,2016-06-01,low
1887,Trujillo Ltd,Travel,Canada,2016-09-20,medium
1888,"Yang, Parsons and Carter",Utilities,Canada,2022-01-01,low
1889,"Anderson, Fernandez and Lambert",Electronics,Germany,2019-04-19,low
1890,"Bean, Robertson and Jones",Entertainment,Germany,2024-08-21,low
1891,Hill-Martin,Entertainment,United Kingdom,2018-10-21,low
1892,Vazquez-Spencer,Electronics,Netherlands,2022-08-07,low
1893,Hutchinson Inc,Electronics,United Kingdom,2022-12-09,low
1894,Phillips PLC,Retail,Australia,2022-02-09,low
1895,English Inc,Retail,Australia,2017-12-12,low
1896,White Ltd,Services,United Kingdom,2023-03-14,low
1897,Ramos Ltd,Electronics,Canada,2022-07-19,high
1898,"Larson, Russell and Garcia",Services,United Kingdom,2021-11-18,low
1899,"Shaffer, Rollins and Jones",Healthcare,Germany,2023-01-01,low
1900,Wilkins-Gonzalez,Travel,United Kingdom,2024-03-15,low
1901,Stanley-Ward,Food & Beverage,Canada,2022-08-30,low
1902,Lee-Frazier,Electronics,Netherlands,2023-07-16,medium
1903,Jones-Webster,Healthcare,Spain,2017-11-22,low
1904,White-Rice,Retail,Italy,2019-08-24,low
1905,Wise Inc,Retail,Canada,2016-03-07,medium
1906,Le-Tran,Entertainment,Spain,2020-03-14,low
1907,Thomas Ltd,Electronics,Spain,2018-09-06,low
1908,"Holloway, Alvarado and Hernandez",Utilities,United Kingdom,2018-06-03,medium
1909,"Everett, Jones and Krueger",Healthcare,Canada,2016-05-27,low
1910,Robinson-Baldwin,Food & Beverage,United Kingdom,2019-02-03,medium
1911,Taylor and Sons,Electronics,Australia,2024-03-29,low
1912,Mccormick PLC,Healthcare,United Kingdom,2023-01-13,low
1913,Cunningham-Hernandez,Services,Ireland,2019-03-09,low
1914,Perez Inc,Electronics,Australia,2022-08-16,low
1915,Wright Ltd,Retail,France,2018-11-15,low
1916,"Davis, Miller and Mcbride",Travel,Australia,2023-10-29,low
1917,Coleman Ltd,Retail,Netherlands,2021-04-29,medium
1918,Mitchell-Jones,Electronics,Canada,2021-07-21,low
1919,Simpson-Eaton,Food & Beverage,Netherlands,2023-02-25,low
1920,Garcia-Cooley,Services,Netherlands,2020-03-14,low
1921,Castillo-Hogan,Utilities,Spain,2022-03-08,low
1922,Montes-Howell,Food & Beverage,France,2023-12-03,medium
1923,"Day, Ayers and Thompson",Healthcare,United Kingdom,2023-04-30,low
1924,Brown-Gordon,Utilities,Italy,2020-11-15,low
1925,Cohen-Bishop,Retail,United Kingdom,2020-09-08,medium
1926,Turner-Morse,Electronics,Germany,2019-02-09,low
1927,Diaz-Velasquez,Healthcare,Canada,2022-06-04,low
1928,Ball-Wright,Healthcare,Italy,2017-10-18,low
1929,Gonzalez-Moreno,Electronics,Canada,2021-04-16,low
1930,Villegas and Sons,Retail,France,2021-07-25,low
1931,Smith and Sons,Food & Beverage,United Kingdom,2017-01-23,low
1932,Robinson Ltd,Retail,Canada,2022-04-11,low
1933,"Brown, Bradley and Gallegos",Retail,United Kingdom,2016-12-25,low
1934,"Bauer, Perry and Martin",Entertainment,Ireland,2022-07-19,low
1935,"Smith, Hall and Evans",Healthcare,Spain,2023-12-12,low
1936,Haynes-Wilson,Healthcare,France,2020-11-29,low
1937,"Farmer, Morales and Maxwell",Food & Beverage,Germany,2016-07-07,low
1938,Simpson Group,Entertainment,Canada,2021-07-12,low
1939,Hill-Lindsey,Entertainment,Canada,2022-01-29,low
1940,Parsons-Gamble,Utilities,United Kingdom,2024-02-26,low
1941,"Brown, Alexander and Conrad",Food & Beverage,United Kingdom,2022-02-03,low
1942,Guzman Ltd,Entertainment,Germany,2021-09-05,low
1943,Morgan-Dawson,Healthcare,France,2021-01-19,low
1944,"Mcgee, Morgan and Clark",Food & Beverage,Ireland,2020-10-21,low
1945,Davenport-Williams,Electronics,France,2018-09-16,low
1946,Nichols LLC,Electronics,Australia,2021-02-15,low
1947,"Green, Gray and Parker",Retail,Spain,2021-05-21,low
1948,Bell Inc,Services,United Kingdom,2021-07-18,low
1949,"Butler, Spencer and Contreras",Utilities,United Kingdom,2020-01-17,low
1950,Dunn-Richardson,Food & Beverage,Germany,2017-06-17,low
1951,May PLC,Retail,Australia,2019-01-21,low
1952,Perry Inc,Retail,United Kingdom,2020-01-01,low
1953,Davis Ltd,Electronics,Australia,2019-07-20,low
1954,"Cook, Jacobs and Fuller",Retail,Australia,2016-03-07,low
1955,"Hamilton, Holt and Brown",Retail,France,2018-07-11,low
1956,Mcfarland-Bennett,Services,Canada,2017-12-10,medium
1957,Carroll-Black,Entertainment,Australia,2018-06-04,low
1958,"Roberts, Duncan and Williamson",Retail,Australia,2019-10-14,low
1959,Ross-Davies,Food & Beverage,Germany,2018-05-11,low
1960,Lewis-Thompson,Food & Beverage,Germany,2016-05-18,low
1961,Yu Inc,Retail,Canada,2018-04-18,low
1962,"Morris, Woodward and Porter",Services,Australia,2019-09-16,low
1963,"Bullock, Griffin and Graham",Entertainment,France,2021-03-21,low
1964,"Randolph, Pittman and Dixon",Entertainment,Spain,2016-09-04,low
1965,"Torres, Sanchez and Hawkins",Retail,Ireland,2017-12-11,low
1966,"Burgess, Barajas and Ramirez",Healthcare,Canada,2018-12-08,low
1967,"Fox, Smith and Ramos",Retail,Australia,2024-08-18,low
1968,Cook Ltd,Electronics,France,2017-09-20,low
1969,"Avila, Mitchell and Kelly",Travel,Canada,2021-12-24,low
1970,"Larsen, Swanson and Mercer",Food & Beverage,Germany,2020-10-27,high
1971,"Rush, Freeman and Stafford",Electronics,United Kingdom,2018-01-19,low
1972,Noble Inc,Electronics,United Kingdom,2022-07-10,low
1973,Estrada Ltd,Travel,Germany,2016-11-11,low
1974,"Anderson, Miller and Sims",Travel,Spain,2016-07-22,low
1975,"Johnson, Cohen and Hurst",Retail,Canada,2017-11-25,low
1976,Young-Clayton,Retail,Ireland,2017-04-10,low
1977,Thompson Ltd,Food & Beverage,Italy,2021-11-25,low
1978,"Davis, Mahoney and Lee",Entertainment,France,2018-09-04,low
1979,Nielsen Ltd,Services,Italy,2018-05-21,low
1980,Johnston Inc,Food & Beverage,Australia,2016-12-17,low
1981,Schultz Group,Healthcare,Canada,2018-06-06,high
1982,Lopez-Hardin,Retail,United Kingdom,2020-11-12,low
1983,"Williamson, Sanders and Hernandez",Retail,United Kingdom,2023-10-13,low
1984,"Campbell, Mendoza and Becker",Services,Australia,2019-11-04,low
1985,"Mathis, Morgan and Fox",Retail,Australia,2021-09-19,low
1986,Peters-Obrien,Electronics,Italy,2016-04-21,low
1987,Mcclure Group,Food & Beverage,United Kingdom,2023-11-24,medium
1988,"Forbes, Moore and Zimmerman",Food & Beverage,France,2020-09-05,low
1989,Hunt Inc,Services,Spain,2016-05-11,low
1990,Fuller PLC,Healthcare,Germany,2022-01-27,low
1991,Jackson PLC,Food & Beverage,Germany,2016-08-22,low
1992,"Newton, Barker and Perez",Travel,Canada,2018-07-14,low
1993,Stevens PLC,Entertainment,United Kingdom,2019-03-29,low
1994,Russell-Haynes,Healthcare,Ireland,2023-03-21,low
1995,"Peterson, Zimmerman and Mayer",Food & Beverage,France,2020-03-02,low
1996,"Davis, Key and Robinson",Retail,Canada,2024-04-23,low
1997,Simpson PLC,Food & Beverage,Canada,2024-05-23,low
1998,"Ho, Pena and Odom",Travel,Germany,2022-03-03,medium
1999,"Hart, Sloan and Trujillo",Entertainment,Australia,2022-11-19,low
2000,Miller-Cunningham,Travel,Netherlands,2023-05-09,low
2001,"Gonzales, Mckenzie and Mccoy",Food & Beverage,Italy,2022-06-24,low
2002,Sloan-Smith,Electronics,France,2021-07-22,low
2003,Nguyen-Rodriguez,Food & Beverage,Australia,2016-08-03,medium
2004,"Rhodes, Campbell and Hicks",Healthcare,Germany,2019-02-24,medium
2005,"Carter, Bates and Wilson",Food & Beverage,France,2019-01-30,low
2006,Montgomery LLC,Electronics,Australia,2017-05-16,low
2007,Harris-Reed,Retail,Australia,2018-11-14,low
2008,Brown and Sons,Food & Beverage,United Kingdom,2017-07-02,medium
2009,"Miller, Travis and Jimenez",Travel,Germany,2022-02-10,high
2010,"Warren, Davis and Smith",Entertainment,United Kingdom,2018-07-02,low
2011,"Hughes, Henry and Sanders",Services,Canada,2017-11-14,medium
2012,"Brown, Roberts and Curtis",Food & Beverage,France,2022-03-09,high
2013,Kelly-Rodriguez,Retail,Netherlands,2020-08-06,low
2014,Dunn Ltd,Electronics,United Kingdom,2024-07-03,low
2015,"Ball, Fitzgerald and Wright",Travel,Netherlands,2023-11-07,low
2016,"Fuller, Juarez and Mueller",Retail,Canada,2017-01-13,low
2017,"Duran, Stevens and Smith",Entertainment,Canada,2020-10-18,low
2018,Nelson LLC,Utilities,Canada,2018-03-12,low
2019,Hunter and Sons,Retail,Ireland,2019-05-13,low
2020,"Robinson, Griffin and Weaver",Food & Beverage,Canada,2017-06-22,low
2021,Gordon and Sons,Entertainment,Canada,2019-04-20,low
2022,Ballard-Neal,Travel,Canada,2022-05-04,low
2023,"Gonzalez, Cooper and Roberson",Food & Beverage,Australia,2017-09-24,low
2024,Daniels-Kirby,Healthcare,United Kingdom,2020-07-11,low
2025,"Lewis, Frank and Wilson",Food & Beverage,Canada,2019-07-28,low
2026,Hickman Inc,Electronics,Spain,2022-02-15,low
2027,"Smith, Erickson and Hooper",Healthcare,Germany,2022-09-29,low
2028,Walker LLC,Utilities,United Kingdom,2018-09-22,low
2029,Daniels-Salas,Utilities,Canada,2022-12-20,low
2030,Frazier Group,Healthcare,Spain,2019-10-30,medium
2031,"Best, Cox and Hill",Food & Beverage,United Kingdom,2017-12-13,medium
2032,Chan Inc,Travel,France,2023-11-24,low
2033,Graham Group,Food & Beverage,Canada,2020-04-18,low
2034,"Gregory, Morgan and Hoffman",Food & Beverage,Germany,2018-07-16,low
2035,Richards and Sons,Food & Beverage,Spain,2017-01-29,low
2036,Ortega LLC,Food & Beverage,Canada,2020-05-08,low
2037,Lara LLC,Services,Canada,2019-12-31,low
2038,Hill-Murphy,Services,Canada,2018-10-30,low
2039,Arellano and Sons,Food & Beverage,United Kingdom,2018-02-13,low
2040,Butler and Sons,Entertainment,United Kingdom,2023-11-10,low
2041,"Atkinson, Thompson and Dunn",Entertainment,Germany,2016-12-21,medium
2042,"Russell, Jones and Campbell",Food & Beverage,Germany,2018-08-12,low
2043,"Herrera, Silva and Torres",Retail,Netherlands,2021-01-05,low
2044,"Black, Middleton and Houston",Entertainment,United Kingdom,2017-11-20,low
2045,Gomez-Yates,Retail,Canada,2017-02-26,low
2046,"Lawrence, Weber and Stevens",Utilities,Australia,2022-08-22,low
2047,"Allen, Conner and Brown",Healthcare,Italy,2022-06-02,low
2048,Kelly LLC,Entertainment,Germany,2024-05-10,low
2049,Smith-Butler,Services,Australia,2016-02-14,low
2050,"Davis, Morrison and Glover",Food & Beverage,Germany,2017-05-05,low
2051,Mathews-Clay,Food & Beverage,United Kingdom,2023-08-22,low
2052,Richardson-Wade,Retail,United Kingdom,2023-11-28,low
2053,Gray-Olson,Entertainment,Germany,2022-06-08,low
2054,Obrien-Taylor,Travel,Australia,2023-01-10,low
2055,Hudson-Johnson,Utilities,United Kingdom,2017-08-14,low
2056,Ferrell PLC,Travel,United Kingdom,2016-01-12,low
2057,Andrews-Newman,Entertainment,Australia,2023-01-06,low
2058,Torres-House,Food & Beverage,United Kingdom,2016-08-04,low
2059,Ward LLC,Electronics,United Kingdom,2019-04-18,low
2060,Frazier-Miranda,Food & Beverage,Netherlands,2024-03-12,low
2061,"Snyder, Wall and Poole",Services,Australia,2023-01-27,low
2062,Medina and Sons,Food & Beverage,Canada,2016-04-05,low
2063,Beltran Inc,Electronics,Canada,2019-05-17,low
2064,Santiago Inc,Retail,Germany,2019-12-24,low
2065,Patel-Martinez,Retail,Spain,2020-08-02,low
2066,Lyons-Freeman,Travel,Germany,2023-02-28,low
2067,"Daniels, Beltran and Chan",Food & Beverage,United Kingdom,2020-10-20,low
2068,Martinez Ltd,Services,Australia,2019-08-05,low
2069,"Stephenson, Pace and Curtis",Food & Beverage,Canada,2016-09-21,low
2070,Brown-Anderson,Healthcare,Canada,2019-06-26,low
2071,Gillespie-Perez,Electronics,Canada,2018-07-22,low
2072,Hicks-Salazar,Travel,Australia,2019-01-30,low
2073,Miles Group,Entertainment,Spain,2020-12-18,low
2074,"Moore, Hoffman and Walls",Food & Beverage,United Kingdom,2019-12-19,high
2075,"Vargas, Benton and Evans",Food & Beverage,Germany,2023-06-06,low
2076,Pearson Group,Travel,Canada,2020-12-01,low
2077,"Henderson, Murphy and Lewis",Entertainment,France,2024-02-18,low
2078,May-Valencia,Travel,Canada,2018-06-24,low
2079,Edwards-Ortega,Utilities,Australia,2023-03-12,low
2080,"Edwards, Christian and Barrera",Retail,Spain,2019-12-17,low
2081,"Manning, Wells and Farley",Entertainment,Netherlands,2023-03-03,low
2082,Moreno Inc,Entertainment,Australia,2017-10-06,low
2083,Hogan-Kennedy,Entertainment,France,2019-02-04,low
2084,Charles Ltd,Healthcare,Australia,2022-06-21,low
2085,Martinez Ltd,Entertainment,United Kingdom,2022-10-25,low
2086,Campos Inc,Electronics,Canada,2019-06-03,medium
2087,"Huerta, Rivera and Flowers",Healthcare,Germany,2019-10-29,low
2088,"Williams, Lopez and Ewing",Food & Beverage,Canada,2020-06-01,low
2089,Bentley-Yang,Travel,United Kingdom,2023-10-02,low
2090,Marsh Ltd,Services,Canada,2023-03-15,medium
2091,"Rodriguez, Gutierrez and Roberts",Healthcare,United Kingdom,2020-08-24,low
2092,Williams-Smith,Retail,United Kingdom,2024-07-08,low
2093,"Jensen, Mendez and Chen",Healthcare,United Kingdom,2023-01-15,low
2094,Howard-Young,Retail,Spain,2018-05-15,low
2095,Reed-Peters,Travel,Germany,2024-01-27,low
2096,"Acosta, Torres and Sanchez",Entertainment,Spain,2016-03-25,low
2097,Ayala LLC,Travel,Canada,2019-11-10,low
2098,"Williams, Jones and Gibson",Healthcare,Australia,2019-09-05,high
2099,"Clark, Robinson and Saunders",Electronics,Canada,2018-05-22,low
2100,Marshall-Phillips,Retail,United Kingdom,2020-04-12,low
2101,"Brown, Young and Weiss",Services,United Kingdom,2018-05-22,low
2102,"Romero, Allen and Lopez",Travel,Germany,2018-07-31,low
2103,Hamilton-Bradford,Healthcare,United Kingdom,2021-06-01,low
2104,Moore-Roman,Electronics,Australia,2016-05-31,low
2105,Harvey PLC,Retail,Spain,2022-03-21,medium
2106,"Hart, Parker and Baker",Utilities,Spain,2021-10-18,low
2107,Brown-Goodman,Retail,France,2016-01-26,medium
2108,"Baker, Cabrera and Potter",Travel,Spain,2021-09-05,low
2109,Taylor PLC,Entertainment,France,2019-11-26,low
2110,Cox-Miller,Entertainment,Canada,2021-08-06,low
2111,Miller-Anderson,Travel,United Kingdom,2024-07-01,low
2112,Evans Inc,Retail,Germany,2022-05-02,low
2113,Glover PLC,Food & Beverage,Germany,2019-11-23,low
2114,"Garrison, Oconnor and Cruz",Food & Beverage,United Kingdom,2023-07-27,low
2115,Walters-Gutierrez,Entertainment,United Kingdom,2016-07-24,low
2116,Vazquez and Sons,Travel,Netherlands,2023-05-01,high
2117,"Macias, Anderson and Murray",Electronics,United Kingdom,2023-09-05,low
2118,"Parker, Johnson and Sims",Retail,France,2016-06-13,low
2119,"Jackson, Norton and Rodriguez",Food & Beverage,Canada,2022-07-28,low
2120,Perez PLC,Utilities,Australia,2018-08-30,high
2121,"Hunter, Hayes and Johnson",Utilities,Germany,2020-05-18,low
2122,Cox-Torres,Travel,Canada,2023-08-04,low
2123,Ochoa-Simpson,Services,United Kingdom,2021-01-22,low
2124,Rice Ltd,Entertainment,France,2024-03-04,low
2125,"Strong, Sullivan and Ewing",Food & Beverage,Canada,2020-08-25,medium
2126,Garrett-Torres,Entertainment,Canada,2024-01-15,low
2127,Reyes-Wood,Electronics,United Kingdom,2016-03-19,low
2128,Cherry-Phillips,Food & Beverage,Germany,2016-04-11,low
2129,Dawson-Moore,Services,United Kingdom,2018-03-22,low
2130,"Berger, Carter and Phillips",Retail,Germany,2017-02-20,low
2131,Kelly-Smith,Entertainment,United Kingdom,2023-12-28,low
2132,Payne-Rodriguez,Healthcare,Netherlands,2022-01-15,low
2133,"Marquez, Lopez and Carey",Utilities,Italy,2021-09-02,low
2134,Pope Group,Utilities,France,2021-10-25,low
2135,Hernandez-Bell,Services,Ireland,2020-08-26,low
2136,Cook Ltd,Food & Beverage,Canada,2021-01-04,low
2137,"Meadows, Gonzalez and Carpenter",Entertainment,Australia,2024-02-02,low
2138,Christian-Harmon,Electronics,Netherlands,2019-02-08,medium
2139,Medina Ltd,Food & Beverage,Australia,2022-12-24,low
2140,"Porter, Farrell and Schwartz",Retail,Ireland,2024-07-02,low
2141,Austin-Lambert,Retail,Australia,2021-05-22,medium
2142,Townsend-Walker,Healthcare,Netherlands,2016-05-30,low
2143,Trujillo-Vang,Entertainment,Canada,2018-08-05,low
2144,Berry-Sherman,Healthcare,Australia,2020-03-31,low
2145,"Jenkins, Washington and Higgins",Services,United Kingdom,2024-08-21,low
2146,"Brown, Hood and Quinn",Healthcare,Germany,2018-06-10,low
2147,"Finley, Green and Wilkinson",Retail,Italy,2022-05-10,low
2148,Gray-Hernandez,Food & Beverage,Canada,2018-11-22,low
2149,Thomas-Hicks,Food & Beverage,Germany,2023-04-06,medium
2150,Sosa-Sharp,Retail,Ireland,2016-04-27,low
2151,"Parsons, Lewis and Thomas",Entertainment,Germany,2024-07-07,medium
2152,Parker and Sons,Entertainment,France,2021-05-21,low
2153,Pacheco-Travis,Electronics,Canada,2024-01-12,low
2154,Thomas LLC,Electronics,United Kingdom,2020-08-05,low
2155,Rodriguez PLC,Food & Beverage,Australia,2017-12-22,low
2156,"Keller, Cohen and Robinson",Travel,Spain,2017-11-04,low
2157,Peterson-Thomas,Travel,Ireland,2023-04-09,low
2158,Rogers-Roman,Food & Beverage,United Kingdom,2019-03-17,low
2159,"Torres, Moreno and Gibson",Retail,United Kingdom,2022-12-23,low
2160,"Campbell, Evans and Phillips",Entertainment,Australia,2019-12-16,low
2161,Carlson-Patton,Utilities,Spain,2023-03-07,low
2162,"Reese, Brown and Graham",Services,Spain,2022-04-21,low
2163,"Warren, Quinn and Rogers",Entertainment,Australia,2017-01-09,low
2164,"Castro, Buchanan and Cochran",Electronics,Ireland,2022-09-04,low
2165,Boyd Inc,Food & Beverage,United Kingdom,2018-02-24,low
2166,Moreno LLC,Utilities,United Kingdom,2023-04-15,low
2167,"Holt, Jackson and Perez",Retail,United Kingdom,2019-07-13,low
2168,Gaines-Hardin,Services,United Kingdom,2019-11-12,low
2169,Hunt LLC,Retail,Australia,2022-12-19,medium
2170,King Inc,Food & Beverage,Canada,2018-04-07,low
2171,Johnson Inc,Food & Beverage,United Kingdom,2020-09-19,low
2172,Ramos-Rivera,Travel,United Kingdom,2023-06-07,low
2173,Stanton-Perez,Entertainment,Canada,2021-04-12,low
2174,"Gonzalez, Fletcher and Leon",Electronics,Germany,2022-01-08,low
2175,Morris-Davis,Electronics,Canada,2020-08-03,low
2176,Chandler-Thomas,Travel,Netherlands,2024-02-11,low
2177,"Porter, Barker and Barnett",Travel,Canada,2018-11-30,medium
2178,Lewis Group,Electronics,Australia,2018-06-14,high
2179,"Moore, Martin and Saunders",Healthcare,France,2021-03-12,low
2180,"Ware, Reese and West",Healthcare,United Kingdom,2019-12-20,low
2181,Fernandez Ltd,Food & Beverage,United Kingdom,2020-04-16,low
2182,Diaz-Smith,Utilities,Germany,2016-08-02,medium
2183,"Holmes, Cooper and Mosley",Utilities,United Kingdom,2021-10-11,low
2184,Wood LLC,Services,Canada,2021-09-29,low
2185,Cox and Sons,Food & Beverage,Germany,2017-06-19,low
2186,Thompson-Figueroa,Healthcare,United Kingdom,2018-05-30,low
2187,Hoffman PLC,Retail,United Kingdom,2021-08-14,low
2188,Gibson Inc,Healthcare,Spain,2021-01-29,low
2189,Davis-Smith,Travel,United Kingdom,2017-12-23,medium
2190,"Moreno, Little and Henry",Entertainment,Australia,2023-12-14,low
2191,Adams-Perkins,Retail,Ireland,2020-11-05,low
2192,Huynh-Young,Retail,Germany,2019-06-10,low
2193,"Acosta, Black and Fuller",Food & Beverage,United Kingdom,2022-01-20,low
2194,"Martinez, Long and Lucas",Entertainment,Canada,2018-01-24,low
2195,Stuart Inc,Entertainment,Canada,2017-11-05,low
2196,"Harris, Williamson and Burgess",Travel,Netherlands,2018-06-22,low
2197,Rivera Ltd,Services,Canada,2019-03-08,high
2198,Fields LLC,Utilities,Australia,2020-07-29,low
2199,Taylor Inc,Travel,Germany,2022-02-16,low
2200,Johnson-Pitts,Retail,United Kingdom,2017-02-24,low
2201,"Campbell, Johnston and Mcclain",Services,Spain,2021-06-06,low
2202,"Conner, Leon and Moody",Travel,United Kingdom,2020-01-04,low
2203,Parker Ltd,Services,United Kingdom,2019-01-23,low
2204,Wilson-Lopez,Services,Canada,2020-04-19,low
2205,Boyer-Mcguire,Food & Beverage,Australia,2023-04-16,low
2206,"Bowman, Sexton and Russell",Entertainment,Germany,2020-10-19,low
2207,"Cohen, Rodriguez and Poole",Food & Beverage,Australia,2016-12-09,low
2208,Jackson-Gutierrez,Healthcare,Australia,2020-07-12,low
2209,Rivera Ltd,Retail,United Kingdom,2019-07-16,low
2210,"Taylor, Jackson and Rivera",Healthcare,Canada,2019-09-26,medium
2211,"Riddle, Travis and Johns",Utilities,Canada,2019-03-23,low
2212,"Proctor, Cunningham and Rollins",Healthcare,Australia,2022-10-22,low
2213,Black-Warren,Electronics,France,2022-09-04,medium
2214,Galloway-Hunter,Retail,Canada,2017-03-30,low
2215,Fuller-Brown,Entertainment,United Kingdom,2022-08-04,medium
2216,Shields-Thomas,Travel,Germany,2016-01-16,low
2217,Serrano Ltd,Food & Beverage,Germany,2019-07-08,low
2218,Parker-Roberts,Food & Beverage,Australia,2024-05-20,low
2219,Thompson Inc,Entertainment,Canada,2017-04-13,high
2220,Brown-Villarreal,Food & Beverage,United Kingdom,2017-01-02,low
2221,Gregory LLC,Healthcare,Australia,2023-11-26,low
2222,Herrera-Becker,Entertainment,Canada,2017-08-18,low
2223,"Blair, Ramirez and Smith",Entertainment,France,2017-07-27,medium
2224,Berry-Pena,Food & Beverage,Spain,2016-05-31,low
2225,Moore-Jackson,Retail,Australia,2022-12-05,medium
2226,"Barron, Walker and Brown",Entertainment,Ireland,2016-05-26,low
2227,Nguyen PLC,Electronics,Germany,2019-07-07,low
2228,Johnson-Rice,Services,Canada,2023-12-16,low
2229,Robinson Group,Healthcare,Australia,2021-07-22,low
2230,Bright Ltd,Retail,United Kingdom,2019-04-02,medium
2231,Ward-Barry,Entertainment,Canada,2019-07-12,low
2232,"Blake, Jones and Foster",Healthcare,United Kingdom,2022-06-11,low
2233,Valencia-Jefferson,Entertainment,Spain,2022-07-02,low
2234,"Snyder, Stone and Johns",Retail,United Kingdom,2022-07-21,low
2235,Hoffman Ltd,Retail,Netherlands,2016-08-19,low
2236,Garza Ltd,Healthcare,Canada,2022-04-07,low
2237,"Lee, Carter and Herman",Retail,Italy,2019-03-08,high
2238,Vaughn-Ball,Food & Beverage,United Kingdom,2022-02-06,low
2239,Greene Ltd,Utilities,Netherlands,2024-01-30,low
2240,"Montgomery, Gonzalez and Wu",Electronics,United Kingdom,2016-10-14,low
2241,Gonzalez-Clay,Food & Beverage,United Kingdom,2022-04-04,low
2242,Meyer Group,Entertainment,Netherlands,2018-04-05,low
2243,Meyers Ltd,Retail,Italy,2021-11-20,low
2244,Martin and Sons,Travel,Germany,2018-08-29,low
2245,Ortiz-Phillips,Entertainment,Australia,2022-07-31,low
2246,"Harris, Schmidt and Robinson",Entertainment,Australia,2020-11-11,low
2247,Norris LLC,Electronics,France,2016-08-06,low
2248,Long Inc,Electronics,Italy,2020-05-14,low
2249,Andrews LLC,Services,France,2022-04-07,low
2250,Smith LLC,Electronics,Australia,2018-01-12,low
2251,Mcdonald Group,Utilities,United Kingdom,2017-08-12,low
2252,"Ibarra, Miranda and Rivera",Healthcare,Australia,2019-12-30,medium
2253,Thomas-Garner,Food & Beverage,United Kingdom,2017-11-29,low
2254,Rivera LLC,Services,United Kingdom,2017-11-22,low
2255,"Simmons, Warren and Moore",Healthcare,Germany,2021-11-18,medium
2256,"Fernandez, Smith and Robinson",Services,United Kingdom,2017-11-19,low
2257,Crawford-Sharp,Utilities,France,2021-11-01,low
2258,Greene and Sons,Entertainment,Canada,2024-06-07,medium
2259,Curry and Sons,Travel,Spain,2023-12-07,low
2260,Reyes-Moore,Food & Beverage,Canada,2024-08-10,low
2261,Mullins Inc,Entertainment,Canada,2018-12-10,low
2262,Smith Ltd,Healthcare,Netherlands,2018-09-27,medium
2263,Garcia-Simpson,Entertainment,Australia,2021-11-14,low
2264,Stevens Group,Electronics,Netherlands,2020-03-08,low
2265,"Watson, Gillespie and Rodgers",Food & Beverage,United Kingdom,2016-08-15,low
2266,Page PLC,Travel,Spain,2020-02-07,low
2267,Gallagher-Smith,Food & Beverage,Germany,2019-07-23,high
2268,"Fox, Patel and Tucker",Food & Beverage,Italy,2020-04-24,low
2269,Munoz-Burch,Retail,Germany,2023-03-28,low
2270,Harrison-Ayala,Entertainment,Canada,2021-11-18,low
2271,"Rivera, Harding and Simpson",Food & Beverage,United Kingdom,2021-11-04,low
2272,"Hall, Lawson and Preston",Services,Germany,2023-11-29,low
2273,Roberts-Smith,Food & Beverage,Canada,2023-04-25,low
2274,Lewis-Peterson,Retail,Netherlands,2018-10-21,low
2275,Phillips PLC,Entertainment,Australia,2021-07-17,low
2276,Flores-Wilson,Healthcare,United Kingdom,2018-02-04,low
2277,Farrell-Ruiz,Food & Beverage,France,2018-04-21,low
2278,Gilmore and Sons,Retail,Netherlands,2020-03-24,low
2279,"Sheppard, King and Allison",Food & Beverage,United Kingdom,2021-04-23,low
2280,Sanford Ltd,Services,Australia,2024-03-30,low
2281,Hudson-Hernandez,Retail,Canada,2019-09-07,low
2282,West-Mcmillan,Services,Germany,2023-11-02,low
2283,"Martin, Jones and Alexander",Food & Beverage,Canada,2022-10-23,low
2284,"Harris, King and Liu",Electronics,Germany,2018-04-06,low
2285,Chang-West,Entertainment,Australia,2020-12-14,low
2286,Jackson Inc,Food & Beverage,Germany,2021-04-06,low
2287,"Torres, Estes and Smith",Food & Beverage,Canada,2016-12-12,low
2288,Mclaughlin-Sheppard,Food & Beverage,Canada,2023-09-10,low
2289,Hicks Inc,Food & Beverage,Canada,2021-12-12,low
2290,Bryant-Brown,Food & Beverage,United Kingdom,2016-01-08,low
2291,Hogan Ltd,Electronics,Canada,2024-03-23,low
2292,Scott LLC,Electronics,France,2019-11-16,low
2293,Shaw PLC,Healthcare,Germany,2021-10-10,medium
2294,Simmons Group,Entertainment,United Kingdom,2016-05-26,low
2295,Mckay-Salazar,Retail,Australia,2018-05-15,low
2296,Miller-Yang,Food & Beverage,United Kingdom,2024-06-13,low
2297,Sawyer LLC,Utilities,United Kingdom,2021-10-24,low
2298,Jackson-Hanson,Retail,France,2019-06-22,low
2299,"Fox, Floyd and Allen",Food & Beverage,Germany,2017-04-26,medium
2300,Brown-Snow,Food & Beverage,Canada,2019-04-20,low
2301,Smith-Morrison,Retail,Ireland,2024-01-18,low
2302,"Rivers, Roberts and Martin",Entertainment,France,2024-05-04,low
2303,Spencer-Gibbs,Entertainment,United Kingdom,2019-04-04,low
2304,"Martinez, Johnson and Hall",Electronics,Italy,2017-01-29,high
2305,Williams PLC,Food & Beverage,United Kingdom,2017-11-15,low
2306,"Hoffman, Johnson and Douglas",Entertainment,United Kingdom,2016-07-03,low
2307,Holder PLC,Entertainment,United Kingdom,2018-10-08,low
2308,"Ali, Mckee and Parker",Food & Beverage,Canada,2022-09-23,low
2309,"Gutierrez, Johnson and Miller",Electronics,United Kingdom,2020-08-18,low
2310,Nelson Inc,Entertainment,Germany,2018-07-17,low
2311,Sullivan-Owens,Healthcare,United Kingdom,2022-10-12,low
2312,Austin Group,Retail,Canada,2019-10-12,low
2313,Moore-Wade,Retail,Canada,2023-03-04,low
2314,Odonnell-Scott,Food & Beverage,France,2019-09-09,low
2315,"Ortega, Robinson and Adkins",Food & Beverage,Australia,2024-08-23,low
2316,Smith-Cohen,Entertainment,United Kingdom,2016-04-12,low
2317,Lane-Moore,Retail,Australia,2023-01-30,medium
2318,"Cox, Kelly and Jones",Entertainment,United Kingdom,2017-10-23,low
2319,Garner Group,Utilities,United Kingdom,2016-07-09,low
2320,"Frey, Richardson and Mcmillan",Electronics,Australia,2018-06-19,low
2321,Lynch-Williams,Entertainment,Australia,2018-05-18,low
2322,Mcfarland-Williams,Food & Beverage,United Kingdom,2020-05-13,low
2323,"Jimenez, Dixon and Scott",Food & Beverage,Canada,2022-01-26,low
2324,Hall-Thomas,Entertainment,Germany,2016-11-25,low
2325,"Bradford, Morgan and Frazier",Entertainment,Canada,2020-11-09,low
2326,"Morton, Thomas and Lee",Entertainment,Germany,2024-01-13,low
2327,Williams Group,Electronics,Australia,2016-03-15,low
2328,"Smith, Reed and Jimenez",Healthcare,Canada,2018-06-01,low
2329,"Long, Weaver and Rodriguez",Food & Beverage,France,2017-07-31,low
2330,Zimmerman-Johnson,Services,United Kingdom,2017-07-27,low
2331,Carr Inc,Retail,United Kingdom,2023-07-27,low
2332,Blankenship LLC,Travel,Canada,2023-08-11,medium
2333,"Moran, Simmons and Cobb",Retail,Australia,2016-01-13,medium
2334,Hunter-Mcguire,Food & Beverage,Canada,2023-10-06,low
2335,Riley-Mitchell,Food & Beverage,Canada,2018-10-07,low
2336,"Oliver, Green and Fuller",Electronics,France,2019-02-25,low
2337,"Yates, Bush and Tate",Food & Beverage,Canada,2017-03-10,low
2338,"Rivera, Bond and Davis",Food & Beverage,Ireland,2020-05-02,low
2339,Jennings Inc,Food & Beverage,United Kingdom,2021-05-16,low
2340,Conner Group,Food & Beverage,Canada,2018-01-24,low
2341,"Grant, Trujillo and Ray",Utilities,United Kingdom,2023-09-29,low
2342,"Price, Alexander and Garrett",Electronics,Germany,2021-08-14,medium
2343,Rose-Davis,Electronics,Germany,2020-03-10,low
2344,Jennings Inc,Retail,Germany,2016-04-30,low
2345,Cooper PLC,Food & Beverage,Canada,2022-04-11,low
2346,Brown-Galvan,Entertainment,Germany,2019-05-13,medium
2347,Nguyen Ltd,Travel,United Kingdom,2023-08-20,low
2348,Chen Group,Services,Canada,2018-12-28,low
2349,"Leach, Fisher and Hart",Retail,Australia,2021-04-22,medium
2350,"Cortez, Hamilton and Bond",Food & Beverage,United Kingdom,2024-04-25,low
2351,Walker-Bailey,Travel,United Kingdom,2021-01-18,low
2352,Garrison-Smith,Retail,Australia,2016-12-24,low
2353,"Edwards, George and Gill",Healthcare,United Kingdom,2023-03-26,low
2354,Munoz Inc,Electronics,Italy,2016-05-03,low
2355,"Lopez, Bryant and Johnson",Retail,Australia,2019-05-12,low
2356,"Chase, Young and Mccann",Food & Beverage,United Kingdom,2018-07-03,low
2357,Jensen LLC,Healthcare,United Kingdom,2017-10-30,low
2358,Leblanc Group,Electronics,Germany,2019-04-30,low
2359,"Padilla, Wilkinson and Pearson",Healthcare,Canada,2021-12-22,medium
2360,"Booker, Robinson and Sullivan",Entertainment,Netherlands,2019-12-12,low
2361,"Garcia, Taylor and Perez",Utilities,Australia,2017-11-22,low
2362,Tran Ltd,Electronics,Germany,2016-10-07,low
2363,Hendricks Ltd,Services,United Kingdom,2018-04-22,low
2364,Strickland PLC,Retail,France,2019-10-11,medium
2365,Hendricks-Tucker,Electronics,Canada,2022-09-20,low
2366,Gomez-Wallace,Entertainment,France,2021-05-02,low
2367,Anderson Group,Utilities,Germany,2017-07-06,low
2368,Carr LLC,Food & Beverage,Ireland,2023-02-26,low
2369,Miller and Sons,Services,United Kingdom,2023-01-08,low
2370,Hamilton LLC,Entertainment,United Kingdom,2017-04-29,medium
2371,"Bean, Clark and Mitchell",Healthcare,Canada,2018-07-04,low
2372,Washington Ltd,Retail,Netherlands,2016-09-08,low
2373,"Fisher, Burgess and Beard",Services,Canada,2016-12-23,low
2374,"Sanchez, Reilly and Morales",Utilities,Canada,2017-03-11,low
2375,Young-Robinson,Food & Beverage,Canada,2021-02-18,low
2376,Greene Ltd,Services,France,2024-05-09,medium
2377,"Shannon, Winters and Harper",Food & Beverage,Australia,2017-02-16,low
2378,Odonnell-Lowe,Services,Canada,2016-06-16,low
2379,Jordan-Whitney,Food & Beverage,United Kingdom,2023-01-02,low
2380,Burke Group,Healthcare,Germany,2023-11-22,low
2381,Rodriguez Group,Retail,Netherlands,2018-06-06,low
2382,"Bailey, Wood and Rios",Food & Beverage,Germany,2022-08-19,low
2383,Carroll Inc,Services,Canada,2023-04-11,medium
2384,"Walker, Clark and Mitchell",Electronics,Germany,2021-01-03,low
2385,Ortiz LLC,Entertainment,Australia,2023-03-28,low
2386,Hill Inc,Food & Beverage,Canada,2017-06-08,low
2387,Morgan Group,Retail,Spain,2016-12-02,low
2388,Graves Group,Utilities,Netherlands,2020-04-07,low
2389,Ball Group,Electronics,Germany,2021-10-27,high
2390,"Nguyen, Murray and Mcneil",Electronics,Netherlands,2019-06-23,low
2391,"Rogers, Ayers and Martin",Travel,Canada,2024-07-10,low
2392,Williams-Conley,Food & Beverage,Australia,2017-01-12,low
2393,"Jackson, Buchanan and Stanton",Food & Beverage,Spain,2017-10-16,low
2394,Gibson Group,Food & Beverage,Italy,2018-05-12,low
2395,Richardson LLC,Food & Beverage,United Kingdom,2020-01-15,low
2396,"Perry, Kennedy and Carey",Utilities,France,2020-12-31,low
2397,Mcdonald-Oneill,Utilities,Germany,2021-12-08,low
2398,Stone Group,Services,United Kingdom,2020-04-16,low
2399,"Horn, Hawkins and Gregory",Electronics,Canada,2016-10-24,medium
2400,Rivera-Brooks,Food & Beverage,United Kingdom,2021-11-02,low
2401,"Kelly, Romero and Farmer",Food & Beverage,Australia,2018-11-18,low
2402,Brown-Bowers,Entertainment,France,2017-05-28,low
2403,Mendez Inc,Entertainment,Germany,2021-06-18,low
2404,Moon LLC,Retail,United Kingdom,2018-08-23,low
2405,Snow-Ford,Electronics,Spain,2020-10-12,low
2406,"Patterson, Guerra and Peterson",Travel,Germany,2020-05-20,low
2407,Cochran-Davidson,Services,Germany,2023-05-23,low
2408,Mcdonald-Wu,Travel,United Kingdom,2022-03-07,low
2409,"Lopez, Scott and Collins",Entertainment,Australia,2016-01-14,low
2410,"Harris, Kennedy and Torres",Services,Canada,2018-04-20,low
2411,Wade-Davis,Retail,Spain,2016-06-21,low
2412,Mathis-Thompson,Retail,United Kingdom,2021-12-02,low
2413,Ford-Garcia,Food & Beverage,Germany,2021-09-27,low
2414,Carpenter PLC,Electronics,United Kingdom,2021-09-26,low
2415,Anderson PLC,Food & Beverage,Canada,2018-10-07,low
2416,"Watkins, Lucas and Collins",Retail,Australia,2017-02-20,low
2417,Vaughn-Munoz,Travel,Australia,2019-05-28,low
2418,Olson-Vargas,Services,France,2024-07-13,low
2419,Sharp Inc,Services,Canada,2024-05-12,low
2420,Fisher-Garner,Food & Beverage,United Kingdom,2020-01-10,low
2421,Cook Group,Utilities,United Kingdom,2019-08-03,low
2422,Mccall Inc,Services,France,2020-08-27,low
2423,Williamson-Price,Services,Australia,2016-09-15,medium
2424,Simmons LLC,Entertainment,United Kingdom,2023-06-22,low
2425,Johnson-Molina,Services,Netherlands,2019-09-13,low
2426,Brown-Smith,Retail,Canada,2019-11-27,high
2427,"Higgins, Simpson and Whitaker",Food & Beverage,Australia,2021-04-12,low
2428,Davis Group,Services,Spain,2023-05-13,low
2429,Peterson-Mills,Entertainment,Germany,2019-09-19,medium
2430,"Sullivan, Nelson and Powell",Entertainment,Germany,2018-10-30,low
2431,"Miller, Ingram and Hardin",Entertainment,United Kingdom,2016-08-12,low
2432,"Mccall, Sanders and Hoffman",Travel,Canada,2016-06-12,low
2433,"Moore, Smith and Hutchinson",Healthcare,Australia,2020-11-04,low
2434,"Wood, Jackson and Flores",Entertainment,United Kingdom,2021-01-23,low
2435,Owens-Hayes,Services,Canada,2019-07-16,low
2436,"Cohen, Cunningham and Sherman",Entertainment,Spain,2023-03-24,low
2437,"Hall, Beltran and Huff",Retail,United Kingdom,2023-11-15,low
2438,Patel-Smith,Retail,Australia,2018-10-09,low
2439,Lambert-Jackson,Travel,Australia,2024-06-25,low
2440,"Zuniga, Rivera and Thomas",Entertainment,Germany,2017-01-20,low
2441,"Miller, Lindsey and Scott",Entertainment,United Kingdom,2017-02-13,low
2442,Wagner Group,Food & Beverage,Germany,2018-02-11,low
2443,Bradley-Torres,Electronics,Germany,2019-01-29,low
2444,Hill-Webster,Healthcare,United Kingdom,2019-09-09,medium
2445,Ford Group,Retail,Spain,2023-01-01,medium
2446,"Watts, Kelly and Garcia",Retail,France,2018-01-30,low
2447,"Sexton, Baxter and Gutierrez",Food & Beverage,Ireland,2024-03-10,low
2448,Case Group,Healthcare,Australia,2024-03-01,medium
2449,"Barnes, Thompson and Davis",Food & Beverage,Netherlands,2016-09-26,low
2450,English-Rosales,Food & Beverage,United Kingdom,2021-06-12,medium
2451,"Good, Jones and Simpson",Utilities,United Kingdom,2016-10-21,low
2452,Flores-Stevens,Electronics,United Kingdom,2023-08-22,low
2453,Scott-Moore,Electronics,Canada,2018-04-30,low
2454,Bell-Harris,Retail,France,2019-11-16,low
2455,Davis Inc,Entertainment,United Kingdom,2016-09-30,medium
2456,"Rodriguez, Smith and Gibbs",Services,France,2023-09-01,high
2457,Robinson-Coffey,Healthcare,Australia,2024-02-22,medium
2458,Wilson LLC,Entertainment,United Kingdom,2018-06-09,low
2459,Ellis-Terrell,Utilities,Germany,2019-07-01,low
2460,Jones and Sons,Electronics,France,2019-04-07,low
2461,Archer and Sons,Food & Beverage,Canada,2018-09-17,low
2462,Green PLC,Electronics,France,2016-08-29,low
2463,Smith-Armstrong,Retail,France,2023-03-25,low
2464,"Decker, Montes and Hall",Food & Beverage,Germany,2018-11-21,low
2465,Jenkins-Smith,Entertainment,United Kingdom,2021-09-26,medium
2466,Richardson and Sons,Electronics,Canada,2017-09-15,low
2467,Landry PLC,Food & Beverage,Spain,2019-10-04,medium
2468,Cook-Morgan,Services,United Kingdom,2019-05-20,high
2469,Trevino PLC,Retail,Canada,2019-01-01,low
2470,Thomas-Brown,Food & Beverage,Canada,2020-06-09,low
2471,"Davis, Duncan and Barton",Utilities,Canada,2018-07-01,low
2472,Castro-Perry,Services,Australia,2019-04-15,low
2473,"Pruitt, Martinez and Bell",Retail,Australia,2019-03-05,low
2474,Hartman-Luna,Healthcare,Netherlands,2021-05-15,low
2475,Cunningham Inc,Retail,Germany,2019-11-17,low
2476,Hernandez-Mccoy,Travel,Canada,2022-04-08,low
2477,"Mcdaniel, Blackburn and Rose",Retail,Netherlands,2019-08-29,low
2478,Kerr-Johnson,Retail,United Kingdom,2024-08-26,low
2479,Hernandez-Joseph,Services,Germany,2020-12-30,low
2480,Torres Group,Services,Spain,2022-07-10,low
2481,Ortiz-Malone,Services,Canada,2017-03-17,low
2482,"Gibson, Hall and Sanchez",Food & Beverage,Australia,2023-10-05,low
2483,Bradley-Rivera,Entertainment,United Kingdom,2023-08-22,medium
2484,Watson Ltd,Healthcare,Canada,2022-12-15,low
2485,Jordan-Hunt,Food & Beverage,Australia,2017-08-25,medium
2486,Freeman-Hopkins,Food & Beverage,Netherlands,2018-04-06,medium
2487,Banks-Rodriguez,Retail,Australia,2020-10-29,low
2488,Clark-Harris,Services,United Kingdom,2021-05-13,low
2489,"Gray, Tran and Pearson",Healthcare,Canada,2018-09-04,medium
2490,Jones-Matthews,Retail,United Kingdom,2019-07-26,low
2491,Mendoza-Kelley,Retail,United Kingdom,2022-04-02,medium
2492,White LLC,Retail,Spain,2016-10-12,low
2493,"Cox, Salinas and Byrd",Services,United Kingdom,2022-03-17,low
2494,Johnson PLC,Food & Beverage,Germany,2020-12-02,low
2495,"Clark, Lopez and Rasmussen",Entertainment,United Kingdom,2019-11-03,medium
2496,Velasquez-Liu,Food & Beverage,Germany,2022-05-13,low
2497,Hunt-Evans,Entertainment,Australia,2017-07-05,low
2498,Hines-Ortiz,Retail,Australia,2023-11-28,low
2499,"Jones, Ford and Mann",Entertainment,Spain,2023-04-09,low
2500,"Gill, Lynch and Clark",Healthcare,France,2017-08-28,low
